"match_id","date","season","home_team","away_team","result","home_goals","away_goals","home_last5_win_pct","away_last5_win_pct","home_form","away_form","home_streak","away_streak","home_avg_goals_scored","away_avg_goals_scored","home_avg_goals_conceded","away_avg_goals_conceded","home_shots_avg","away_shots_avg","home_corners_avg","away_corners_avg","home_cards_avg","away_cards_avg","home_league_position","away_league_position","home_is_favorite","bet_odds_home","bet_odds_draw","bet_odds_away"
"20200919-Alcorcon-Tenerife",2020-09-19,"20_21","Alcorcon","Tenerife","H",2,0,0,0.5,1,3,0,1,0,2,0,0,6,10,3,1,1,2,11,4,1,2.45,3,3.1
"20200919-Mirandes-Oviedo",2020-09-19,"20_21","Mirandes","Oviedo","D",1,1,0,0,1,1,0,0,0,0,0,0,8,16,5,7,3,2,10,9,1,2.6,2.9,3
"20200919-Castellon-Malaga",2020-09-19,"20_21","Castellon","Malaga","A",0,1,0.5,0,3,0,1,0,2,0,1,2,9,6,5,2,0,3,5,21,1,2.3,2.75,3.75
"20200920-Lugo-Leganes",2020-09-20,"20_21","Lugo","Leganes","H",2,1,0,0.5,0,3,0,1,0,1,2,0,4,12,0,2,3,2,21,5,0,3.75,3,2.05
"20200920-Espanol-Mallorca",2020-09-20,"20_21","Espanol","Mallorca","D",0,0,0.5,0,3,0,1,0,3,0,0,1,19,7,8,6,0,1,3,19,1,1.7,3.3,5
"20200920-Albacete-Ponferradina",2020-09-20,"20_21","Albacete","Ponferradina","A",0,2,0,0,0,0,0,0,0,1,3,2,7,10,5,3,2,0,22,18,1,2.15,2.9,3.4
"20200920-Cartagena-SpGijon",2020-09-20,"20_21","Cartagena","Sp Gijon","A",0,1,0,0.5,1,3,0,1,0,1,0,0,7,15,3,7,4,1,14,6,0,2.75,2.87,2.62
"20200920-LasPalmas-Fuenlabrada",2020-09-20,"20_21","Las Palmas","Fuenlabrada","D",3,3,0,0.5,0,3,0,1,0,2,1,0,9,8,2,3,5,1,20,5,1,2.3,3,3.4
"20200926-Malaga-Alcorcon",2020-09-26,"20_21","Malaga","Alcorcon","H",1,0,0.333333333333333,0.333333333333333,1.5,2,1,1,0.5,1,1,0,6.5,7.5,2.5,3,5,0.5,11,5,1,2.55,2.9,3.1
"20200926-Logrones-Castellon",2020-09-26,"20_21","Logrones","Castellon","D",1,1,0,0.333333333333333,0,1.5,0,0,0,1,1,1,3,8.5,2,4,1,1.5,20,9,1,2.45,2.8,3.3
"20200926-Fuenlabrada-Albacete",2020-09-26,"20_21","Fuenlabrada","Albacete","H",1,0,0.333333333333333,0,2,0,0,0,2.5,0,1.5,2.5,11.5,7.5,4,4,2,3.5,4,22,1,1.9,3,4.75
"20200927-Mallorca-Sabadell",2020-09-27,"20_21","Mallorca","Sabadell","H",1,0,0,0,0.5,0,0,0,0,1,0.5,2,7,7,4,1,1.5,3,18,20,1,1.7,3.3,5.5
"20200927-Oviedo-Espanol",2020-09-27,"20_21","Oviedo","Espanol","A",0,2,0,0.333333333333333,1,2,0,0,0.5,1.5,0.5,0,11,14,4.5,5.5,2.5,2,14,5,0,4.2,3,2.05
"20200927-Ponferradina-Vallecano",2020-09-27,"20_21","Ponferradina","Vallecano","H",3,0,0.333333333333333,0.666666666666667,1.5,3,1,2,1.5,1.5,1,0.5,12,12,3,5,1,2.5,10,4,0,3.2,2.9,2.45
"20200927-Tenerife-Mirandes",2020-09-27,"20_21","Tenerife","Mirandes","A",1,2,0.333333333333333,0,1.5,1,0,0,1,0.5,1,0.5,10,10.5,2.5,4.5,2.5,3,12,14,1,1.9,3.1,4.5
"20200927-Leganes-Cartagena",2020-09-27,"20_21","Leganes","Cartagena","H",3,1,0.333333333333333,0,1.5,0.5,0,0,1,0,1,0.5,12.5,8.5,3,3.5,2,4,12,19,1,1.8,3.25,5
"20201003-Alcorcon-Zaragoza",2020-10-03,"20_21","Alcorcon","Zaragoza","D",0,0,0.25,0,1.33333333333333,1,0,0,0.666666666666667,2,0.333333333333333,2,6.66666666666667,7,2,6,1.33333333333333,7,9,17,1,2.6,2.8,3.1
"20201003-Mirandes-Ponferradina",2020-10-03,"20_21","Mirandes","Ponferradina","A",0,1,0.25,0.5,1.66666666666667,2,1,2,1,2,0.666666666666667,0.666666666666667,10,10.3333333333333,5.66666666666667,2.66666666666667,2.66666666666667,1,8,4,1,2.5,2.75,3.3
"20201003-Albacete-Oviedo",2020-10-03,"20_21","Albacete","Oviedo","D",1,1,0,0,0,0.666666666666667,0,0,0,0.333333333333333,2,1,6.33333333333333,9.66666666666667,4,5.33333333333333,3.33333333333333,2.33333333333333,22,17,1,2.45,2.8,3.3
"20201003-Mallorca-Tenerife",2020-10-03,"20_21","Mallorca","Tenerife","H",2,0,0.25,0.25,1.33333333333333,1,1,0,0.333333333333333,1,0.333333333333333,1.33333333333333,10,10,4.66666666666667,2.33333333333333,1.33333333333333,3,11,13,1,1.95,3,4.5
"20201003-LasPalmas-Logrones",2020-10-03,"20_21","Las Palmas","Logrones","H",2,1,0,0,0.666666666666667,0.5,0,0,1.66666666666667,0.5,2,1,10.3333333333333,10,2,7,5,0.5,17,18,1,1.85,3.2,4.75
"20201003-Vallecano-Malaga",2020-10-03,"20_21","Vallecano","Malaga","H",4,0,0.5,0.5,2,2,0,2,1,0.666666666666667,1.33333333333333,0.666666666666667,11.3333333333333,7,6,2.66666666666667,2.66666666666667,3.66666666666667,8,7,1,1.83,3.25,4.75
"20201004-Almeria-SpGijon",2020-10-04,"20_21","Almeria","Sp Gijon","A",0,1,0.5,0.75,3,3,1,3,2,1.33333333333333,0,0,10,11.6666666666667,2,5.66666666666667,5,1.66666666666667,14,4,1,2.15,3.1,3.6
"20201004-Girona-Fuenlabrada",2020-10-04,"20_21","Girona","Fuenlabrada","A",0,1,0,0.5,0,2.33333333333333,0,1,0,2,2,1,23,12,11,4.33333333333333,3,2,21,5,1,2.1,2.9,4
"20201004-Castellon-Leganes",2020-10-04,"20_21","Castellon","Leganes","H",2,0,0.25,0.5,1.33333333333333,2,0,1,1,1.66666666666667,1,1,7.33333333333333,13,3.33333333333333,2.66666666666667,2.33333333333333,2.66666666666667,12,7,0,3.5,2.9,2.3
"20201004-Cartagena-Lugo",2020-10-04,"20_21","Cartagena","Lugo","H",2,1,0,0.25,0.333333333333333,1,0,0,0.333333333333333,0.666666666666667,1.33333333333333,1.66666666666667,9.33333333333333,7,3.66666666666667,4,3.33333333333333,2,19,16,1,2.6,2.9,3
"20201004-Sabadell-Espanol",2020-10-04,"20_21","Sabadell","Espanol","A",0,1,0,0.5,0,2.33333333333333,0,1,0.5,1.66666666666667,1.5,0,9.5,11,1.5,5,4,1.33333333333333,21,4,0,5.25,3.1,1.8
"20201010-Sabadell-Mirandes",2020-10-10,"20_21","Sabadell","Mirandes","A",0,2,0,0.2,0,1.25,0,0,0.333333333333333,0.75,1.33333333333333,0.75,8.66666666666667,9,3.33333333333333,5,3,2.75,21,12,0,3.2,2.8,2.5
"20201010-Espanol-Alcorcon",2020-10-10,"20_21","Espanol","Alcorcon","H",1,0,0.6,0.2,2.5,1.25,2,0,1.5,0.5,0,0.25,12,6.75,5,3.25,1.5,1.25,2,11,1,1.55,3.8,6
"20201010-Logrones-Almeria",2020-10-10,"20_21","Logrones","Almeria","H",1,0,0,0.333333333333333,0.333333333333333,1.5,0,0,0.666666666666667,1,1.33333333333333,0.5,9,10.5,6,5.5,0.666666666666667,2.5,19,14,0,3,2.9,2.6
"20201010-Tenerife-Vallecano",2020-10-10,"20_21","Tenerife","Vallecano","H",1,0,0.2,0.6,0.75,2.25,0,1,0.75,1.75,1.5,1,12,11.75,2.75,6.5,2.75,2.25,17,5,1,2.75,2.8,2.9
"20201011-Fuenlabrada-Castellon",2020-10-11,"20_21","Fuenlabrada","Castellon","D",1,1,0.6,0.4,2.5,1.75,2,1,1.75,1.25,0.75,0.75,11.25,7.5,4,3.75,2.75,2.25,3,7,1,1.95,3,4.5
"20201011-Lugo-Mallorca",2020-10-11,"20_21","Lugo","Mallorca","A",0,1,0.2,0.4,0.75,1.75,0,2,0.75,0.75,1.75,0.25,8,9.5,5,4.25,2.75,1.25,18,8,0,3.25,2.9,2.4
"20201011-Leganes-Girona",2020-10-11,"20_21","Leganes","Girona","A",0,1,0.4,0,1.5,0,0,0,1.25,0,1.25,1.5,13.5,14.5,4.5,8.5,2.25,3.5,9,21,1,2.1,2.9,4
"20201011-Malaga-LasPalmas",2020-10-11,"20_21","Malaga","Las Palmas","D",0,0,0.4,0.2,1.5,1.25,0,1,0.5,1.75,1.5,1.75,7,10.25,2.5,3.25,3,4.75,11,12,1,2.5,3,3
"20201011-Zaragoza-Albacete",2020-10-11,"20_21","Zaragoza","Albacete","H",1,0,0,0,1,0.25,0,0,1,0.25,1,1.75,9.5,7.5,6.5,4.75,4.5,3.75,20,21,1,1.95,3.1,4.33
"20201011-Ponferradina-Cartagena",2020-10-11,"20_21","Ponferradina","Cartagena","A",0,2,0.6,0.2,2.25,1,3,1,1.75,0.75,0.5,1.25,10.25,9.75,3.25,3.5,1.25,3.25,5,16,0,2.8,2.87,2.8
"20201011-Oviedo-SpGijon",2020-10-11,"20_21","Oviedo","Sp Gijon","H",1,0,0,0.8,0.75,3,0,4,0.5,1.25,1,0,8.5,9.75,4.5,4.75,3.5,2.75,18,2,0,3.2,2.8,2.5
"20201017-Castellon-Lugo",2020-10-17,"20_21","Castellon","Lugo","A",0,1,0.4,0.2,1.6,0.6,0,0,1.2,0.6,0.8,1.6,8.4,7,4.8,4.4,2.4,3.8,9,21,1,2.15,2.87,4
"20201017-LasPalmas-Almeria",2020-10-17,"20_21","Las Palmas","Almeria","H",2,0,0.2,0.25,1.2,1,0,0,1.4,0.666666666666667,1.4,0.666666666666667,10.4,8.33333333333333,2.6,5,4.4,2.66666666666667,12,18,1,2.55,2.87,3.1
"20201017-Albacete-Sabadell",2020-10-17,"20_21","Albacete","Sabadell","H",3,0,0,0,0.2,0,0,0,0.2,0.25,1.6,1.5,7.4,8,5.4,4,3.4,2.75,21,22,1,2.3,3,3.4
"20201017-Logrones-Leganes",2020-10-17,"20_21","Logrones","Leganes","A",0,1,0.2,0.4,1,1.2,1,0,0.75,1,1,1.2,8.25,13.8,6.25,5.2,0.5,2.8,17,12,0,3.4,2.8,2.45
"20201017-Cartagena-Fuenlabrada",2020-10-17,"20_21","Cartagena","Fuenlabrada","D",1,1,0.4,0.6,1.4,2.2,2,0,1,1.6,1,0.8,10,11.4,4.2,4.2,3.4,2.8,10,3,1,2.75,2.8,2.87
"20201018-Vallecano-Espanol",2020-10-18,"20_21","Vallecano","Espanol","H",1,0,0.6,0.8,1.8,2.6,0,3,1.4,1.4,1,0,11.8,12.2,6.8,5.2,2.2,1.2,7,1,0,2.9,3,2.55
"20201018-Mirandes-Mallorca",2020-10-18,"20_21","Mirandes","Mallorca","D",0,0,0.4,0.6,1.6,2,1,3,1,0.8,0.6,0.2,9,9.4,5.4,4,2.2,1.8,9,5,1,2.62,2.87,2.87
"20201018-Zaragoza-Malaga",2020-10-18,"20_21","Zaragoza","Malaga","A",1,2,0.25,0.4,1.66666666666667,1.4,1,0,1,0.4,0.666666666666667,1.2,10.3333333333333,8,7,3,4,3,16,12,1,1.95,3,4.33
"20201018-Girona-Oviedo",2020-10-18,"20_21","Girona","Oviedo","H",1,0,0.25,0.2,1,1.2,1,1,0.333333333333333,0.6,1,0.8,12.6666666666667,9.2,6.66666666666667,4,4,3.2,21,13,1,2.05,3.1,4
"20201018-SpGijon-Tenerife",2020-10-18,"20_21","Sp Gijon","Tenerife","D",1,1,0.8,0.4,2.4,1.2,0,1,1,0.8,0.2,1.2,10,10.4,4.2,2.4,2.6,2.4,3,14,1,2.2,3,3.6
"20201021-Espanol-Mirandes",2020-10-21,"20_21","Espanol","Mirandes","H",2,0,0.6,0.4,2,1.6,0,0,0.8,1,0.2,0.6,9,9.4,4.6,5.4,2,2,1,9,1,1.53,4,6
"20201021-LasPalmas-Castellon",2020-10-21,"20_21","Las Palmas","Castellon","H",2,1,0.4,0.2,1.8,1,1,0,1.8,0.8,1.2,0.8,10.4,8.2,3,5.2,4,2.8,8,11,1,2.1,3.1,4
"20201021-Lugo-Girona",2020-10-21,"20_21","Lugo","Girona","H",3,0,0.4,0.4,1.2,1.5,1,2,0.8,0.5,1.2,0.75,8.6,12.25,4.8,6.25,3.8,3.5,16,14,0,3,3.1,2.45
"20201021-Ponferradina-Tenerife",2020-10-21,"20_21","Ponferradina","Tenerife","H",1,0,0.6,0.2,1.8,0.8,0,0,1.4,0.6,0.8,1.4,9.8,10.4,3.2,3.2,1.6,2.6,8,14,1,2.75,2.9,2.8
"20201021-Almeria-Cartagena",2020-10-21,"20_21","Almeria","Cartagena","D",1,1,0.2,0.4,0.75,1.4,0,0,0.5,1.2,1,1.2,8.25,10,4.25,4.4,2.75,3.2,21,13,1,2.05,3,4
"20201021-Fuenlabrada-Logrones",2020-10-21,"20_21","Fuenlabrada","Logrones","D",0,0,0.4,0.2,1.8,0.8,0,0,1.4,0.6,1,1,12.4,9.2,4.4,6.4,3.6,0.6,3,19,1,2,3,4.2
"20201022-Mallorca-Albacete",2020-10-22,"20_21","Mallorca","Albacete","D",0,0,0.6,0.2,2.2,0.8,0,1,0.8,0.8,0,1,9.2,8,3.8,5,2.8,3.2,8,21,1,2.05,3.1,4
"20201022-Leganes-Zaragoza",2020-10-22,"20_21","Leganes","Zaragoza","H",1,0,0.4,0.2,1.2,1.25,1,0,1,1,1.2,1,13.2,11,5.6,6.25,3,3.25,10,17,1,2.3,3,3.4
"20201022-Malaga-SpGijon",2020-10-22,"20_21","Malaga","Sp Gijon","H",1,0,0.6,0.6,2,2,1,0,0.8,1,1,0.4,7.6,8,2.8,3.2,2.8,2.6,8,3,1,2.62,2.9,2.9
"20201022-Oviedo-Vallecano",2020-10-22,"20_21","Oviedo","Vallecano","D",0,0,0.2,0.6,1,1.8,0,1,0.6,1.4,1,1,8,11.8,3,7,3,2.6,15,7,0,3,3,2.5
"20201024-Cartagena-LasPalmas",2020-10-24,"20_21","Cartagena","Las Palmas","H",3,0,0.4,0.6,1.6,2.2,0,2,1.4,1.6,1.2,0.8,10.6,9.6,4.4,2.8,2.6,3.2,11,7,1,2.3,3,3.4
"20201024-Logrones-Lugo",2020-10-24,"20_21","Logrones","Lugo","A",2,3,0.2,0.4,1,1.2,0,2,0.6,1,0.8,1,10.2,8.6,6.4,4.6,1.6,4.2,20,12,1,2.7,2.8,3
"20201024-Almeria-Fuenlabrada",2020-10-24,"20_21","Almeria","Fuenlabrada","H",3,0,0.2,0.4,0.8,1.8,0,0,0.6,0.8,1,0.4,9.6,11.2,3.6,3.6,2.8,3.4,21,2,1,2.3,2.9,3.5
"20201024-Castellon-Girona",2020-10-24,"20_21","Castellon","Girona","A",0,1,0.2,0.4,1,1.2,0,0,1,0.4,1,1.2,8,11,6,5.4,2.4,3.2,13,16,0,2.87,2.87,2.7
"20201025-SpGijon-Ponferradina",2020-10-25,"20_21","Sp Gijon","Ponferradina","H",2,1,0.4,0.8,1.4,2.4,0,1,0.8,1.4,0.6,0.4,7.2,9.8,3.2,3,2.8,2.8,3,6,1,2.25,2.75,3.75
"20201025-Leganes-Oviedo",2020-10-25,"20_21","Leganes","Oviedo","H",2,1,0.6,0.2,1.8,1,2,0,1,0.4,0.8,0.8,12.6,7.6,6.6,3.2,3.2,3.2,9,16,1,1.85,3,5
"20201025-Tenerife-Espanol",2020-10-25,"20_21","Tenerife","Espanol","D",0,0,0.2,0.8,0.8,2.4,0,1,0.6,1.2,1.2,0.2,10.4,9.4,2.8,4.4,3.4,1.4,16,1,0,3.1,2.9,2.5
"20201025-Albacete-Vallecano",2020-10-25,"20_21","Albacete","Vallecano","H",2,1,0.2,0.4,1,1.4,0,0,0.8,1,0.6,0.8,8.6,10.2,5.4,6.4,2.6,3,21,4,0,3.1,3,2.5
"20201025-Malaga-Mirandes",2020-10-25,"20_21","Malaga","Mirandes","D",1,1,0.6,0.4,2,1.4,2,0,0.8,0.8,1,0.8,9.8,8.4,3,5.2,2,1.4,6,12,1,2.2,3,3.6
"20201025-Zaragoza-Sabadell",2020-10-25,"20_21","Zaragoza","Sabadell","D",0,0,0.2,0,1,0,0,0,0.8,0.2,1,1.8,10.8,8.4,5.2,4,2.8,2.4,20,22,1,1.85,3.4,4.5
"20201026-Alcorcon-Mallorca",2020-10-26,"20_21","Alcorcon","Mallorca","A",0,2,0.2,0.6,1,2.2,0,0,0.4,0.8,0.4,0,7,10,3,4.8,1.4,2.6,20,9,0,2.8,2.8,2.8
"20201027-Girona-Cartagena",2020-10-27,"20_21","Girona","Cartagena","H",2,1,0.6,0.6,1.8,2.2,1,1,0.6,1.8,0.8,0.6,8.4,9.8,3.4,4.2,2.8,3,13,8,1,2,3,4.33
"20201028-Albacete-LasPalmas",2020-10-28,"20_21","Albacete","Las Palmas","D",1,1,0.4,0.6,1.6,2,1,0,1.2,1.2,0.6,1,9.2,9.8,5,3.4,2.4,3.4,15,10,1,2.55,2.9,3.1
"20201028-Castellon-Almeria",2020-10-28,"20_21","Castellon","Almeria","A",1,2,0.2,0.2,0.8,0.8,0,1,0.8,0.8,1,1,8.2,9.4,6.4,4,2.4,2,15,17,0,2.87,2.8,2.75
"20201028-Espanol-Ponferradina",2020-10-28,"20_21","Espanol","Ponferradina","H",2,0,0.6,0.6,2,1.8,0,0,0.8,1.2,0.2,0.8,11.4,9,5.4,2.6,1.6,3,1,9,1,1.5,3.6,8.5
"20201028-Oviedo-Logrones",2020-10-28,"20_21","Oviedo","Logrones","A",2,3,0.2,0.2,1,0.8,0,0,0.6,0.8,0.8,1.2,7.8,9,2.6,5,3.2,2.2,18,21,1,2.25,2.8,3.8
"20201029-Mirandes-Zaragoza",2020-10-29,"20_21","Mirandes","Zaragoza","H",1,0,0.2,0.2,1,1,0,0,0.6,0.4,0.8,0.6,8.8,10.4,4.8,5,1.4,2,14,20,0,2.9,3,2.62
"20201029-Mallorca-Malaga",2020-10-29,"20_21","Mallorca","Malaga","H",3,1,0.6,0.4,2.2,1.6,1,0,1,0.8,0,1.2,9.6,9.4,5,2.8,2.8,1.8,4,6,1,1.95,3.1,4.2
"20201029-Alcorcon-SpGijon",2020-10-29,"20_21","Alcorcon","Sp Gijon","A",1,2,0.2,0.4,0.8,1.4,0,1,0.4,0.8,0.8,0.8,8,8.4,3.6,3.2,1.4,2.6,21,4,0,2.8,2.8,2.8
"20201029-Tenerife-Lugo",2020-10-29,"20_21","Tenerife","Lugo","D",1,1,0.2,0.6,1,1.8,0,3,0.4,1.6,0.8,1,9.8,9.6,3,4,3,4.4,18,11,1,2,2.8,4.75
"20201029-Vallecano-Fuenlabrada",2020-10-29,"20_21","Vallecano","Fuenlabrada","H",2,0,0.4,0.2,1.4,1.2,0,0,1.2,0.6,0.6,1,10.4,10.2,5.4,3.8,2.6,4.2,6,7,1,2,3,4.2
"20201031-Cartagena-Albacete",2020-10-31,"20_21","Cartagena","Albacete","H",3,1,0.4,0.4,1.6,1.6,0,0,1.6,1.2,0.8,0.6,8.4,8,4.4,4.2,3.2,1.8,11,15,1,2.1,2.9,3.75
"20201031-LasPalmas-Oviedo",2020-10-31,"20_21","Las Palmas","Oviedo","A",1,2,0.4,0.2,1.6,0.8,0,0,1,0.8,1,1.2,9.6,8.4,2.4,3.6,3.6,3,9,19,1,2,2.9,4
"20201101-Fuenlabrada-Tenerife",2020-11-01,"20_21","Fuenlabrada","Tenerife","D",1,1,0,0.2,0.6,1.2,0,0,0.4,0.6,1.4,0.6,11,9.2,4,3.6,3.8,3.6,11,16,1,2.45,2.6,3.6
"20201101-Zaragoza-Mallorca",2020-11-01,"20_21","Zaragoza","Mallorca","D",0,0,0.2,0.6,0.8,2.2,0,2,0.4,1.2,0.8,0.2,10,10,4,5.4,1.8,3,21,3,0,2.7,2.9,2.7
"20201101-Leganes-Mirandes",2020-11-01,"20_21","Leganes","Mirandes","H",1,0,0.6,0.4,1.8,1.6,0,1,0.8,0.8,0.6,0.6,11,9.8,6,4.6,3.2,0.8,7,9,1,1.95,2.9,4
"20201101-Ponferradina-Sabadell",2020-11-01,"20_21","Ponferradina","Sabadell","A",0,3,0.4,0.2,1.2,0.8,0,1,0.6,0.2,1.2,1.2,11,8.4,3.2,5,3.6,1.8,13,22,1,1.75,3.25,5.25
"20201101-Almeria-Girona",2020-11-01,"20_21","Almeria","Girona","D",0,0,0.4,0.8,1.4,2.4,2,2,1.2,1,1,0.8,9,11,3,3,2.8,2.2,14,13,1,2.45,2.9,3.1
"20201101-Lugo-Vallecano",2020-11-01,"20_21","Lugo","Vallecano","H",1,0,0.6,0.4,2,1.4,0,1,1.6,0.8,0.8,0.6,8.6,10.6,3,4.6,3.6,3,9,4,0,3.5,3,2.15
"20201102-Logrones-Alcorcon",2020-11-02,"20_21","Logrones","Alcorcon","H",1,0,0.4,0,1.4,0.2,1,0,1.2,0.2,1.2,1.2,9.6,9,4.8,4.2,2.8,1.6,19,22,1,2.5,2.62,3.4
"20201102-SpGijon-Castellon",2020-11-02,"20_21","Sp Gijon","Castellon","H",1,0,0.4,0,1.4,0.2,2,0,1,0.6,1,1.4,10.6,9,3.8,6.6,1.6,2.4,3,19,1,1.95,2.75,5
"20201102-Malaga-Espanol",2020-11-02,"20_21","Malaga","Espanol","A",0,3,0.4,0.6,1.6,2,0,1,1,1,1,0.2,8.8,11,3.2,5.2,2,1.8,9,2,0,4.2,2.9,2
"20201104-Zaragoza-Girona",2020-11-04,"20_21","Zaragoza","Girona","D",2,2,0,0.6,0.4,2,0,0,0.2,0.8,0.8,0.8,8.4,10.6,3,2.6,1.6,2,20,12,1,2.25,3.1,3.4
"20201105-Alcorcon-Ponferradina",2020-11-05,"20_21","Alcorcon","Ponferradina","A",0,1,0,0.2,0.2,0.6,0,0,0.2,0.4,1.2,1.8,9,12,4.4,4,1.2,3.4,22,13,1,2.6,2.87,3
"20201105-Sabadell-Almeria",2020-11-05,"20_21","Sabadell","Almeria","A",1,2,0.4,0.4,1.4,1.6,2,0,0.8,1.2,1,0.8,9.2,14.4,4,5,2.2,2.6,21,14,0,3.2,2.87,2.5
"20201106-Albacete-Leganes",2020-11-06,"20_21","Albacete","Leganes","D",0,0,0.4,0.8,1.6,2.4,0,1,1.4,1,1,0.4,8.6,9.8,3.6,5,2.2,2.6,18,4,0,4,2.9,2.1
"20201107-Cartagena-Logrones",2020-11-07,"20_21","Cartagena","Logrones","A",0,1,0.4,0.4,1.6,1.4,1,2,1.8,1.2,1,1.2,8.6,9,3.6,4.2,2.8,3,8,15,1,2.15,3,3.8
"20201107-Mirandes-SpGijon",2020-11-07,"20_21","Mirandes","Sp Gijon","H",1,0,0.2,0.6,1,2,0,3,0.4,1.2,0.8,0.8,9.6,11.4,3.8,3.8,1.2,1.4,13,2,0,2.87,2.75,2.87
"20201107-Espanol-Lugo",2020-11-07,"20_21","Espanol","Lugo","H",2,1,0.6,0.8,2,2.6,2,1,1.4,1.8,0.2,0.6,9.8,9.6,4.2,2.6,2.2,2.8,1,6,1,1.44,4,8
"20201108-Sabadell-Malaga",2020-11-08,"20_21","Sabadell","Malaga","A",1,2,0.4,0.4,1.4,1.4,0,0,1,1,1,1.6,10.2,8.4,3.4,2.8,2.8,1.8,21,14,1,2.75,2.75,3
"20201108-Alcorcon-Fuenlabrada",2020-11-08,"20_21","Alcorcon","Fuenlabrada","A",0,3,0,0,0,0.6,0,0,0.2,0.4,1.4,1.4,9.4,9.8,3.6,3.6,1.6,4,22,13,1,2.62,2.9,2.9
"20201108-Vallecano-Almeria",2020-11-08,"20_21","Vallecano","Almeria","A",0,1,0.4,0.6,1.4,2.2,0,1,0.8,1.6,0.6,0.6,11.2,14.4,5.4,5,3.2,3.6,7,12,1,2,3,4.33
"20201108-Mallorca-Ponferradina",2020-11-08,"20_21","Mallorca","Ponferradina","H",3,0,0.4,0.4,1.8,1.2,0,1,1,0.6,0.2,1.4,10.4,11.8,6,3.8,2.4,3,3,12,1,1.75,3.3,5.25
"20201108-Oviedo-Castellon",2020-11-08,"20_21","Oviedo","Castellon","H",4,0,0.2,0,0.8,0,1,0,1,0.4,1.4,1.4,8.4,8,3.8,6,3.4,2.8,16,20,1,2.1,2.9,4
"20201108-Tenerife-Zaragoza",2020-11-08,"20_21","Tenerife","Zaragoza","H",1,0,0,0,0.8,0.6,0,0,0.6,0.4,0.8,0.8,11,8.8,6.2,2.6,4,1.6,17,19,1,2.2,3,3.6
"20201109-Girona-LasPalmas",2020-11-09,"20_21","Girona","Las Palmas","D",1,1,0.4,0.4,1.6,1.4,0,0,1,1.2,1.2,1.4,9.6,10.4,2.4,4.2,2,3.2,14,16,1,2.25,3.1,3.4
"20201113-Zaragoza-Oviedo",2020-11-13,"20_21","Zaragoza","Oviedo","A",1,2,0,0.4,0.6,1.4,0,2,0.4,1.8,0.8,1.2,8,9.4,2.6,4.8,1.6,3.4,19,16,0,3.25,2.8,2.45
"20201114-Fuenlabrada-Espanol",2020-11-14,"20_21","Fuenlabrada","Espanol","D",1,1,0.2,0.8,1,2.6,1,3,0.8,1.8,1.2,0.2,10.4,11.4,3.6,3.8,3.4,1.6,6,1,0,4.2,2.9,2.05
"20201114-Almeria-Mirandes",2020-11-14,"20_21","Almeria","Mirandes","H",2,1,0.8,0.4,2.6,1.4,2,1,1.6,0.6,0.4,0.8,12.8,9.2,6.8,3.8,4,1.2,6,10,1,1.95,3,4.5
"20201114-Girona-Mallorca",2020-11-14,"20_21","Girona","Mallorca","A",0,1,0.4,0.6,1.8,2.2,0,1,1.2,1.6,0.8,0.2,10.4,10.8,2.4,5.8,2.6,2,13,2,1,2.6,2.8,3.1
"20201114-Lugo-Albacete",2020-11-14,"20_21","Lugo","Albacete","H",1,0,0.6,0.2,2,1.2,0,0,1.8,0.8,1,1,9.2,7.8,3.2,3,2.8,3,10,18,1,2.25,3.2,3.3
"20201115-Leganes-Alcorcon",2020-11-15,"20_21","Leganes","Alcorcon","H",1,0,0.6,0,2,0,0,0,0.8,0.2,0.4,1.8,9.8,9.6,4.8,4.8,2.2,2,5,22,1,1.6,3.5,6.5
"20201115-LasPalmas-Tenerife",2020-11-15,"20_21","Las Palmas","Tenerife","H",1,0,0.2,0.2,1,1.2,0,1,1,0.6,1.6,0.6,10.6,10.8,4,5.6,2.8,4.2,16,17,1,2.55,2.87,3.1
"20201115-Ponferradina-Malaga",2020-11-15,"20_21","Ponferradina","Malaga","D",1,1,0.2,0.4,0.6,1.4,0,1,0.4,1,2,1.6,12,9,4.4,3,2,2,16,10,1,2.3,2.75,3.8
"20201115-Logrones-Sabadell",2020-11-15,"20_21","Logrones","Sabadell","H",1,0,0.6,0.4,2,1.4,3,0,1.4,1.2,1,0.8,8,9.6,3.6,3,2.8,3.4,15,21,1,2.15,3.1,3.6
"20201115-Castellon-Cartagena",2020-11-15,"20_21","Castellon","Cartagena","H",2,1,0,0.4,0,1.4,0,0,0.4,1.6,2,1,8.8,8.2,5.8,4.4,2.8,2.4,20,13,0,2.87,2.8,2.87
"20201116-SpGijon-Vallecano",2020-11-16,"20_21","Sp Gijon","Vallecano","D",1,1,0.6,0.2,1.8,0.8,0,0,1,0.6,0.8,0.8,11,11.6,4.2,5.2,1.6,2.8,3,12,1,2.25,3.2,3.3
"20201120-Alcorcon-Lugo",2020-11-20,"20_21","Alcorcon","Lugo","H",1,0,0,0.6,0,2,0,1,0.2,1.4,1.6,1,8.8,8.6,4,3.2,2.6,2,22,6,1,2.7,2.75,3
"20201120-Espanol-Girona",2020-11-20,"20_21","Espanol","Girona","A",1,2,0.6,0.2,2.2,1.2,0,0,1.6,1,0.4,1,11,10.8,3.8,3,1.8,3.8,1,16,1,1.55,3.6,7
"20201121-Malaga-Leganes",2020-11-21,"20_21","Malaga","Leganes","A",1,2,0.2,0.6,1,2,0,1,1,0.8,1.8,0.4,7.4,9.4,2.6,3.6,2.2,2.2,9,4,0,2.87,3,2.4
"20201121-Mirandes-Cartagena",2020-11-21,"20_21","Mirandes","Cartagena","H",4,1,0.4,0.4,1.4,1.2,0,0,0.8,1.6,0.8,1.2,11.6,7.2,5,4,2,2.6,14,16,1,2.37,2.87,3.1
"20201121-Vallecano-Castellon",2020-11-21,"20_21","Vallecano","Castellon","H",2,1,0.2,0.2,0.8,0.6,0,1,0.8,0.6,1,1.8,13.2,8.6,5.8,5,3,3.4,11,18,1,1.6,3.6,5.5
"20201121-Oviedo-Fuenlabrada",2020-11-21,"20_21","Oviedo","Fuenlabrada","D",1,1,0.6,0.2,1.8,1,3,0,2.2,1,1.4,1.4,10,10,4.6,4,4.8,3.8,14,9,1,2.2,3,3.4
"20201122-Mallorca-SpGijon",2020-11-22,"20_21","Mallorca","Sp Gijon","D",0,0,0.8,0.6,2.6,2,2,0,1.8,1.2,0.2,0.8,10.6,12,5.2,3.4,2.4,1.6,2,4,1,1.9,3.1,4.2
"20201122-Sabadell-LasPalmas",2020-11-22,"20_21","Sabadell","Las Palmas","H",3,1,0.4,0.2,1.2,1,0,1,1.2,0.8,1,1.4,8.8,10.2,2.2,4.4,3.4,3,22,15,0,2.62,3,2.62
"20201122-Ponferradina-Zaragoza",2020-11-22,"20_21","Ponferradina","Zaragoza","H",2,1,0.2,0,0.8,0.4,0,0,0.4,0.6,1.8,1.2,12.2,8.8,4.6,2,2,1.6,15,20,1,2.37,3,3
"20201122-Tenerife-Logrones",2020-11-22,"20_21","Tenerife","Logrones","A",0,1,0.2,0.8,1.2,2.4,0,4,0.6,1.6,0.6,1,11,8.8,6.4,3.8,3,1.8,17,14,1,1.9,3.25,4.33
"20201124-Castellon-Alcorcon",2020-11-24,"20_21","Castellon","Alcorcon","A",0,2,0.2,0.2,0.6,0.6,0,1,0.8,0.2,2,1.2,9,9,5.2,3.4,3.6,2.8,18,22,1,2.3,2.9,3.5
"20201124-Girona-Malaga",2020-11-24,"20_21","Girona","Malaga","A",0,1,0.2,0.2,1.2,0.8,1,0,1,1,1,2,8.8,7.8,3.4,2.8,4,2.6,12,13,1,2,3,4.33
"20201124-Lugo-Oviedo",2020-11-24,"20_21","Lugo","Oviedo","D",0,0,0.4,0.6,1.4,2,0,0,0.8,2.2,0.8,1.2,7.2,10.4,3.2,4.6,2.4,5,11,14,0,3.1,2.9,2.5
"20201125-Zaragoza-Vallecano",2020-11-25,"20_21","Zaragoza","Vallecano","A",1,2,0,0.4,0.4,1.4,0,1,0.8,1,1.4,0.8,7.6,12.2,2.6,5.8,1.8,3,22,8,0,3.3,3,2.3
"20201125-SpGijon-Sabadell",2020-11-25,"20_21","Sp Gijon","Sabadell","H",3,1,0.4,0.4,1.6,1.2,0,1,0.8,1.6,0.6,1.2,11.4,9.2,2.8,2,1.2,3,4,20,1,1.75,3.3,5.25
"20201125-Fuenlabrada-Ponferradina",2020-11-25,"20_21","Fuenlabrada","Ponferradina","D",1,1,0.2,0.4,1.2,1.4,0,1,1.2,0.8,1,1.6,11,10.4,2.8,5.2,2.8,1.8,11,12,1,2.05,3,4.33
"20201125-Cartagena-Mallorca",2020-11-25,"20_21","Cartagena","Mallorca","A",1,2,0.2,0.6,0.6,2.2,0,0,1.2,1.4,2,0.2,8.6,9.8,4,4.8,2.4,2.2,16,2,0,3.1,2.87,2.55
"20201125-LasPalmas-Mirandes",2020-11-25,"20_21","Las Palmas","Mirandes","A",0,2,0.2,0.6,1,1.8,0,1,1,1.4,1.4,0.8,10.2,11.4,4.4,4.2,2.4,2.2,15,12,1,2.05,3,4
"20201126-Leganes-Espanol",2020-11-26,"20_21","Leganes","Espanol","H",2,0,0.6,0.6,2,2,2,0,0.8,1.8,0.4,0.8,9,10,3.6,2.6,2.8,2.4,4,2,0,2.9,3.2,2.45
"20201126-Logrones-Albacete",2020-11-26,"20_21","Logrones","Albacete","H",2,0,1,0,3,0.4,5,0,1.4,0.6,0.4,1.4,7.2,9.2,2.8,3.8,2,3.4,10,21,1,2.1,2.9,4
"20201126-Almeria-Tenerife",2020-11-26,"20_21","Almeria","Tenerife","H",2,0,0.8,0.2,2.6,1,4,0,1.4,0.6,0.6,0.8,13,12.4,6.8,7.6,4.6,3,5,17,1,2.05,3,4
"20201127-Alcorcon-Girona",2020-11-27,"20_21","Alcorcon","Girona","H",1,0,0.4,0.2,1.2,1,2,0,0.6,1,1,1.2,9.2,8.8,4,4.2,3.2,3.6,18,14,0,2.9,2.75,2.8
"20201127-Malaga-Lugo",2020-11-27,"20_21","Malaga","Lugo","D",2,2,0.4,0.4,1.4,1.4,1,0,1,0.6,1.4,0.6,8,7,2.6,3,2.8,2.6,9,11,1,2.55,2.87,3.1
"20201128-Sabadell-Fuenlabrada",2020-11-28,"20_21","Sabadell","Fuenlabrada","A",1,2,0.2,0.2,0.6,1.4,0,0,1.2,1.4,1.8,0.8,7.6,11.6,1.8,3.2,3.2,2.6,20,11,0,3.1,2.9,2.5
"20201128-Vallecano-Cartagena",2020-11-28,"20_21","Vallecano","Cartagena","D",0,0,0.4,0.2,1.4,0.6,2,0,1,1.2,1,2,11,9.2,5.8,3.8,3,2.8,7,16,1,1.75,3.4,5
"20201128-Mirandes-Castellon",2020-11-28,"20_21","Mirandes","Castellon","D",1,1,0.6,0.2,1.8,0.6,2,0,1.6,0.6,0.8,2,10.6,8.4,4.6,4.4,2.6,4,9,19,1,1.9,3.2,4.33
"20201129-Albacete-Tenerife",2020-11-29,"20_21","Albacete","Tenerife","A",0,2,0,0.2,0.2,0.8,0,0,0.4,0.4,1.6,1,9.6,12.4,3.4,7.6,3.4,2.6,21,18,0,2.9,2.87,2.7
"20201129-Espanol-Zaragoza",2020-11-29,"20_21","Espanol","Zaragoza","H",2,0,0.4,0,1.4,0.2,0,0,1.4,1,1.2,1.8,8.8,8.4,2,2.4,2.6,1.8,3,22,1,1.55,3.6,7.5
"20201129-Mallorca-Logrones",2020-11-29,"20_21","Mallorca","Logrones","H",4,0,0.6,1,2.2,3,1,6,1.2,1.2,0.2,0,10.6,6.8,5,3,2.2,1.8,2,8,1,1.72,3.3,5.5
"20201129-Ponferradina-Leganes",2020-11-29,"20_21","Ponferradina","Leganes","H",3,2,0.4,0.8,1.6,2.6,0,3,1,1.2,1.2,0.2,7.8,8.6,4.2,3.2,2.4,2,12,3,0,3.3,2.9,2.37
"20201129-LasPalmas-SpGijon",2020-11-29,"20_21","Las Palmas","Sp Gijon","H",3,2,0.2,0.4,0.8,1.6,0,1,0.8,1,1.6,0.6,11.2,11,5.2,3.2,1.6,1,15,4,1,2.55,2.9,3
"20201130-Oviedo-Almeria",2020-11-30,"20_21","Oviedo","Almeria","A",1,2,0.6,1,2.2,3,0,5,1.8,1.8,0.6,0.6,11,9,5,4.6,4.4,4.6,14,5,1,2.45,2.9,3.1
"20201201-Fuenlabrada-Malaga",2020-12-01,"20_21","Fuenlabrada","Malaga","A",0,2,0.4,0.4,1.8,1.6,1,0,1.6,1.4,0.8,1.2,14.4,8,4,3.2,2.4,3.2,8,11,1,1.83,3.1,5
"20201201-Girona-Mirandes",2020-12-01,"20_21","Girona","Mirandes","H",1,0,0.2,0.6,0.8,2,0,0,0.6,1.8,1,0.8,8.4,11,4,4.8,3.6,2.2,15,7,1,2.45,2.8,3.25
"20201202-Cartagena-Espanol",2020-12-02,"20_21","Cartagena","Espanol","A",1,3,0,0.4,0.2,1.4,0,1,0.6,1.2,1.8,1.2,8.6,10.8,4.2,3.4,3,2.8,16,2,0,4.2,3.1,2
"20201202-Leganes-Vallecano",2020-12-02,"20_21","Leganes","Vallecano","H",1,0,0.6,0.4,2,1.6,0,0,1.4,1,0.8,0.8,9,10.2,3.4,4.4,2,2.8,4,7,1,2.25,2.87,3.6
"20201202-Logrones-Ponferradina",2020-12-02,"20_21","Logrones","Ponferradina","A",1,2,0.8,0.4,2.4,1.6,0,1,1,1.4,0.8,1.6,7.2,9,2.8,4.2,1.8,2.2,10,11,1,2.25,3,3.5
"20201202-Castellon-Zaragoza",2020-12-02,"20_21","Castellon","Zaragoza","H",1,0,0.2,0,0.8,0,0,0,0.8,0.6,2,1.8,8.2,7.2,3.8,2.4,3.4,1.8,19,22,0,2.8,2.87,2.75
"20201202-Lugo-LasPalmas",2020-12-02,"20_21","Lugo","Las Palmas","D",1,1,0.2,0.4,1,1.4,0,1,0.8,1.2,1,1.6,6.8,10.2,3.2,4.2,2.4,1.6,12,14,1,2.62,2.87,3
"20201205-Vallecano-Logrones",2020-12-05,"20_21","Vallecano","Logrones","H",2,1,0.4,0.6,1.6,1.8,0,0,1,1,0.8,1.2,9.4,7.2,4.8,2.6,2.8,2.8,8,11,1,1.66,3.4,5.75
"20201205-Ponferradina-LasPalmas",2020-12-05,"20_21","Ponferradina","Las Palmas","D",0,0,0.6,0.4,2.2,1.4,2,0,1.8,1.2,1.2,1.6,8.6,10,3.2,5.2,2.2,1.6,7,13,1,2.35,2.9,3.3
"20201205-Mirandes-Lugo",2020-12-05,"20_21","Mirandes","Lugo","D",0,0,0.4,0.2,1.4,1.2,0,0,1.6,0.8,1,0.8,12,6,4.6,2.6,2.2,2.2,9,12,1,2,2.9,4.5
"20201205-Malaga-Cartagena",2020-12-05,"20_21","Malaga","Cartagena","A",1,2,0.4,0,1.6,0.2,1,0,1.4,0.8,1,2.2,8.6,9.8,3.4,3.4,3.4,3.2,8,16,1,2.4,3,3.2
"20201206-Espanol-SpGijon",2020-12-06,"20_21","Espanol","Sp Gijon","H",2,0,0.4,0.2,1.4,1.2,2,0,1.4,1.2,1.2,1,13.6,12,4.8,3.4,3,1,2,5,1,1.75,3.4,5
"20201206-Sabadell-Oviedo",2020-12-06,"20_21","Sabadell","Oviedo","A",0,1,0.4,0.2,1.2,1.2,1,0,1.4,1,1.6,1,7.2,10,2.4,5.6,2.2,5,20,15,0,3.25,2.87,2.45
"20201206-Alcorcon-Almeria",2020-12-06,"20_21","Alcorcon","Almeria","A",0,1,0.6,0.8,2,2.4,0,0,1,1.6,0.4,0.8,9.8,10.4,3.2,3.8,2.2,3.4,18,4,0,3,2.8,2.7
"20201206-Zaragoza-Fuenlabrada",2020-12-06,"20_21","Zaragoza","Fuenlabrada","H",1,0,0,0.2,0,1.2,0,0,0.6,1,1.8,1.2,8,12.4,3.8,4,2,3.4,22,10,0,2.8,3,2.7
"20201206-Albacete-Girona",2020-12-06,"20_21","Albacete","Girona","A",0,2,0,0.4,0.2,1.2,0,1,0.2,0.6,1.4,0.8,9,7.2,3.6,4.6,2.8,3,22,14,0,3.25,2.8,2.5
"20201207-Tenerife-Leganes",2020-12-07,"20_21","Tenerife","Leganes","D",0,0,0.2,0.8,0.6,2.4,0,1,0.6,1.6,1.2,0.8,13.4,8.8,6,3.6,2.2,2.2,17,4,0,2.87,2.8,2.87
"20201207-Mallorca-Castellon",2020-12-07,"20_21","Mallorca","Castellon","H",3,1,0.8,0.4,2.6,1.4,3,1,1.6,1,0.2,1.2,14,7.6,5.8,4.4,2,3.2,2,19,1,1.53,3.75,7
"20201209-Almeria-Zaragoza",2020-12-09,"20_21","Almeria","Zaragoza","H",1,0,0.8,0.2,2.4,0.6,1,1,1.4,0.6,0.6,1.4,10.4,10,4.6,4,3.8,1.8,3,21,1,1.85,3.1,4.75
"20201209-Sabadell-Alcorcon",2020-12-09,"20_21","Sabadell","Alcorcon","D",1,1,0.4,0.6,1.2,2,0,0,1.4,1,1.6,0.4,7.2,11.8,2.6,3.8,3,1.4,20,18,1,2.55,3,2.7
"20201211-Lugo-Ponferradina",2020-12-11,"20_21","Lugo","Ponferradina","H",1,0,0,0.6,0.8,2.2,0,0,0.6,1.6,0.8,1,5.8,8.4,1.8,3.8,3.2,2,13,8,1,2.75,2.87,2.9
"20201211-Oviedo-Tenerife",2020-12-11,"20_21","Oviedo","Tenerife","H",4,2,0.2,0.2,1.2,0.8,1,0,0.8,0.6,0.8,1,10,13.6,5.8,5,3.4,2.8,14,17,1,2.5,2.9,3.1
"20201212-Leganes-Mallorca",2020-12-12,"20_21","Leganes","Mallorca","A",0,1,0.6,0.8,2,2.6,0,4,1.4,2,0.8,0.4,10.2,15.4,4.4,6,2,1.6,4,1,1,2.62,2.7,3.2
"20201212-Castellon-Albacete",2020-12-12,"20_21","Castellon","Albacete","H",3,0,0.2,0,0.8,0.2,0,0,0.8,0.2,1.6,1.6,8.4,8.8,4.8,3.4,2.6,3,19,22,1,2.1,3,3.75
"20201212-Fuenlabrada-Mirandes",2020-12-12,"20_21","Fuenlabrada","Mirandes","A",0,1,0.2,0.4,1,1.6,0,0,0.8,1.4,1.2,0.6,12.6,11,3.8,5.2,3,1.8,13,12,1,2.2,2.9,3.5
"20201213-LasPalmas-Alcorcon",2020-12-13,"20_21","Las Palmas","Alcorcon","D",0,0,0.2,0.4,1,1.6,0,0,1,1,1.6,0.6,10.6,11.6,4.6,4.4,1.6,1.4,15,20,1,2.2,3.1,3.5
"20201213-Cartagena-Sabadell",2020-12-13,"20_21","Cartagena","Sabadell","A",1,2,0.2,0.2,0.8,0.8,1,0,1,1,2,1.6,9,6.4,3.4,3.6,3.4,3.6,16,20,1,2,3.25,3.75
"20201213-Logrones-Espanol",2020-12-13,"20_21","Logrones","Espanol","A",0,3,0.2,0.6,0.6,1.8,0,3,0.8,1.6,2,1,8.4,16,3.2,5.2,2.8,3,14,2,0,6.5,3,1.65
"20201213-Almeria-Malaga",2020-12-13,"20_21","Almeria","Malaga","H",3,1,0.8,0.4,2.4,1.4,2,0,1.2,1.4,0.4,1.2,10.2,7.8,4.2,3.6,3,3.2,3,12,1,1.95,3,4.5
"20201213-SpGijon-Zaragoza",2020-12-13,"20_21","Sp Gijon","Zaragoza","H",1,0,0.2,0.2,1,0.6,0,0,1,0.4,1.2,1.2,10.6,11.4,4.2,4.2,1.6,2,5,21,1,1.85,3.1,4.75
"20201214-Girona-Vallecano",2020-12-14,"20_21","Girona","Vallecano","D",0,0,0.6,0.6,1.8,2,3,1,1,1.2,0.4,0.8,8.4,9.8,3.6,4.4,2,2,8,7,1,2.62,3.1,2.7
"20201218-Ponferradina-Oviedo",2020-12-18,"20_21","Ponferradina","Oviedo","H",1,0,0.4,0.4,1.6,1.6,0,2,1.2,1.4,1,1,7.8,10.6,2.8,6,2.2,3,9,11,0,3.25,2.9,2.4
"20201219-Sabadell-Castellon",2020-12-19,"20_21","Sabadell","Castellon","D",1,1,0.4,0.4,1.4,1.4,1,1,1.2,1.2,1.2,1.2,8.2,9.4,4.4,5.2,3.8,2.2,19,17,0,2.7,3.2,2.7
"20201219-Mallorca-Fuenlabrada",2020-12-19,"20_21","Mallorca","Fuenlabrada","A",2,3,1,0.2,3,0.8,5,0,2.2,0.6,0.4,1.2,15.2,13,5.8,5.6,1.6,3.2,1,13,1,1.61,3.4,6.5
"20201219-Zaragoza-Lugo",2020-12-19,"20_21","Zaragoza","Lugo","H",1,0,0.2,0.2,0.6,1.4,0,1,0.2,0.8,1,0.6,11,7,4.4,2.8,2,2.6,21,10,1,2.37,3.1,3.1
"20201220-Alcorcon-Cartagena",2020-12-20,"20_21","Alcorcon","Cartagena","H",2,1,0.2,0.2,1.2,0.8,0,0,0.6,1,0.6,1.6,13,8.2,5,3,1,3.4,19,16,1,2.15,3.1,3.5
"20201220-Espanol-Almeria",2020-12-20,"20_21","Espanol","Almeria","H",2,1,0.8,0.8,2.4,2.4,4,3,2,1.4,0.6,0.6,16.8,9.8,6.4,4.2,2.4,4,2,3,1,1.66,3.75,5
"20201220-Vallecano-LasPalmas",2020-12-20,"20_21","Vallecano","Las Palmas","H",2,0,0.4,0.2,1.6,1.2,0,0,0.8,0.8,0.6,1,12.6,9.2,4.4,4.2,2.4,1.8,7,14,1,1.8,3.4,4.75
"20201220-Malaga-Logrones",2020-12-20,"20_21","Malaga","Logrones","D",0,0,0.4,0,1.4,0,0,0,1.4,0.4,1.4,2.6,8.2,8.8,4,3.8,3.2,2.6,13,15,1,2.15,2.9,3.8
"20201221-SpGijon-Leganes",2020-12-21,"20_21","Sp Gijon","Leganes","D",1,1,0.4,0.4,1.4,1.4,1,0,1.2,1,1.2,0.8,10,11,4.4,4.2,1.6,2,6,4,1,2.45,3.1,3
"20201221-Tenerife-Girona",2020-12-21,"20_21","Tenerife","Girona","H",2,0,0.2,0.6,0.8,2,0,0,1,1,1.6,0.2,11.4,8.6,3.6,3.6,2.8,2.2,20,8,1,2.4,3,3.2
"20201221-Mirandes-Albacete",2020-12-21,"20_21","Mirandes","Albacete","A",0,2,0.4,0,1.6,0.2,1,0,0.8,0,0.4,1.8,10.6,7.2,5.4,2.8,1.6,3.4,9,22,1,1.85,3.2,4.75
"20210102-Fuenlabrada-Leganes",2021-01-02,"20_21","Fuenlabrada","Leganes","D",0,0,0.4,0.2,1.2,1,1,0,1,0.8,1.4,1,11.8,11.6,5,4.4,3.8,2.2,10,4,0,3.1,2.8,2.6
"20210102-Vallecano-Alcorcon",2021-01-02,"20_21","Vallecano","Alcorcon","H",2,1,0.4,0.2,1.6,1.2,1,1,0.8,0.8,0.4,0.8,13.6,13,4.2,5,2.2,1.4,6,17,1,1.72,3.3,5.75
"20210102-Logrones-Mirandes",2021-01-02,"20_21","Logrones","Mirandes","H",2,1,0,0.2,0.2,1,0,0,0.4,0.4,1.8,0.8,9,11.4,3.4,5.4,3,1.6,14,9,1,2.62,2.9,2.87
"20210102-Cartagena-Zaragoza",2021-01-02,"20_21","Cartagena","Zaragoza","D",1,1,0.2,0.4,0.8,1.2,0,1,1,0.4,1.6,0.6,9,12.6,3.6,5.2,3,2.2,18,21,1,2.5,2.9,3.1
"20210103-LasPalmas-Espanol",2021-01-03,"20_21","Las Palmas","Espanol","H",1,0,0.2,1,1.2,3,0,5,0.8,2.4,1,0.4,7.2,18.4,3.4,6.8,2.4,1.8,16,1,0,4.75,3,1.9
"20210103-Almeria-Ponferradina",2021-01-03,"20_21","Almeria","Ponferradina","H",3,1,0.6,0.6,1.8,2,0,1,1.2,1.2,0.8,0.8,9.2,9.6,4.2,2.8,3.8,1.4,3,7,1,1.83,3.1,5
"20210103-Castellon-Tenerife",2021-01-03,"20_21","Castellon","Tenerife","A",0,1,0.4,0.4,1.6,1.4,0,1,1.4,1.4,1,1.2,10,10.2,6.2,3,1.8,2.8,19,17,0,2.8,3,2.7
"20210103-Oviedo-Mallorca",2021-01-03,"20_21","Oviedo","Mallorca","D",2,2,0.4,0.8,1.4,2.4,0,0,1.4,2.2,1.2,0.8,9.6,14,5,5.2,2.8,3,14,2,0,3.1,3,2.45
"20210103-Albacete-Malaga",2021-01-03,"20_21","Albacete","Malaga","D",1,1,0.2,0.2,0.8,1,1,0,0.4,1.2,1.4,1.4,7.4,8.6,3.4,4.4,3.6,3.2,22,14,1,2.62,2.8,3
"20210104-Girona-Sabadell",2021-01-04,"20_21","Girona","Sabadell","D",0,0,0.6,0.4,2,1.6,0,0,1,1.2,0.4,1,9.6,8.4,4.2,4.2,2.4,3.8,8,20,1,1.7,3.3,5.75
"20210104-Lugo-SpGijon",2021-01-04,"20_21","Lugo","Sp Gijon","D",0,0,0.2,0.2,1.2,1,0,0,0.8,0.8,0.8,1.2,8.2,9.2,3.4,3.8,2.6,2,14,6,1,2.75,2.87,2.87
"20210108-Zaragoza-Logrones",2021-01-08,"20_21","Zaragoza","Logrones","H",2,0,0.4,0.2,1.4,0.8,0,1,0.6,0.6,0.6,1.6,13.4,9.2,4.6,3.2,2.4,2.6,21,12,1,2,3,4.33
"20210109-Malaga-Oviedo",2021-01-09,"20_21","Malaga","Oviedo","D",1,1,0.2,0.4,1,1.6,0,0,1,1.6,1.2,1.2,8.8,9.8,4,3.6,2.8,2.2,12,14,0,3,2.8,2.7
"20210110-Espanol-Castellon",2021-01-10,"20_21","Espanol","Castellon","H",2,0,0.8,0.4,2.4,1.4,0,0,2,1.2,0.6,1,16.4,10.6,5.8,6.8,1.8,1.8,1,20,1,1.45,4,7.5
"20210110-Mallorca-LasPalmas",2021-01-10,"20_21","Mallorca","Las Palmas","A",0,1,0.6,0.2,2,1.2,0,1,1.8,0.4,1.2,0.6,10.8,6.4,4.8,3,3.2,3.4,2,16,1,1.61,3.5,5.75
"20210110-Tenerife-Cartagena",2021-01-10,"20_21","Tenerife","Cartagena","H",3,0,0.4,0.2,1.4,0.8,2,0,1.2,1.2,1.2,1.8,9,9.6,2.6,3.8,3.8,3,16,17,1,1.95,2.9,4.2
"20210111-Ponferradina-Girona",2021-01-11,"20_21","Ponferradina","Girona","D",1,1,0.4,0.4,1.4,1.6,0,0,0.8,0.8,1,0.4,8.8,11.2,3.6,3.8,1.6,2.2,7,8,1,2.55,3,3
"20210111-SpGijon-Fuenlabrada",2021-01-11,"20_21","Sp Gijon","Fuenlabrada","H",2,1,0.2,0.2,1.2,0.8,0,0,0.4,0.6,0.6,1.2,9.6,8.4,4.8,4,1.6,3.6,6,13,1,2.4,2.8,3.1
"20210111-Sabadell-Lugo",2021-01-11,"20_21","Sabadell","Lugo","D",1,1,0.2,0.2,1.2,1.2,0,0,0.8,0.4,0.8,0.4,9.6,9,3.8,3.4,3.8,2,19,13,0,2.9,2.75,2.8
"20210119-Mirandes-Vallecano",2021-01-19,"20_21","Mirandes","Vallecano","A",0,2,0.2,0.6,0.8,2,0,2,0.4,1.2,1,0.6,13,13.2,6.2,3.8,1.8,2.2,13,5,0,3.4,2.87,2.37
"20210122-Fuenlabrada-Alcorcon",2021-01-22,"20_21","Fuenlabrada","Alcorcon","D",0,0,0.2,0.2,0.8,1,0,0,0.8,0.8,1.2,1,9.2,13.6,4.4,5.4,2.8,1.6,14,17,1,2.5,2.8,3.2
"20210122-Albacete-Zaragoza",2021-01-22,"20_21","Albacete","Zaragoza","H",1,0,0.2,0.4,1,1.4,0,1,0.6,0.8,1.2,0.6,7,12.8,2.8,5,3.4,2.2,22,21,0,3.2,2.87,2.45
"20210123-Vallecano-Mallorca",2021-01-23,"20_21","Vallecano","Mallorca","A",1,3,0.8,0.4,2.6,1.4,3,0,1.6,1.6,0.4,1.4,13.8,10.2,3.2,4.6,2.4,3.2,4,2,1,2.4,3,3.1
"20210123-Girona-Espanol",2021-01-23,"20_21","Girona","Espanol","H",1,0,0.2,0.8,1.2,2.4,0,1,0.6,1.8,0.6,0.4,12.4,14.8,4.4,5.4,2.4,1.8,9,1,0,4.2,2.9,1.95
"20210123-Lugo-Tenerife",2021-01-23,"20_21","Lugo","Tenerife","H",2,0,0.2,0.6,1.2,2,0,3,0.4,1.6,0.4,0.8,10.2,7.4,5.4,2.2,2.2,3.4,10,16,0,2.8,3,2.7
"20210123-Malaga-Ponferradina",2021-01-23,"20_21","Malaga","Ponferradina","A",0,2,0,0.2,0.6,1,0,0,0.8,0.6,1.4,1,8.2,9,5,5.4,2.8,1.6,12,7,1,2.3,3.1,3.4
"20210124-Almeria-Sabadell",2021-01-24,"20_21","Almeria","Sabadell","D",2,2,0.8,0.2,2.4,1.4,1,0,1.8,1,0.8,0.8,9.2,10.6,4.2,4.2,3.6,2.8,3,18,1,1.57,3.6,6.5
"20210124-Logrones-Oviedo",2021-01-24,"20_21","Logrones","Oviedo","D",0,0,0.2,0.4,0.8,1.6,0,0,0.4,1.6,1.6,1.2,9,10,3.6,3.2,2.4,1.8,15,13,0,3.1,3,2.45
"20210124-Castellon-SpGijon",2021-01-24,"20_21","Castellon","Sp Gijon","H",2,0,0.2,0.4,0.8,1.6,0,1,1,0.8,1.4,0.8,9.6,9,5.8,4.8,1.6,2.4,20,5,0,2.9,2.87,2.7
"20210124-LasPalmas-Leganes",2021-01-24,"20_21","Las Palmas","Leganes","H",2,1,0.4,0.2,1.6,1.2,2,0,0.4,0.4,0.4,0.4,6,11.6,1.8,5.2,3.4,2.6,10,6,0,3.2,2.9,2.45
"20210125-Cartagena-Mirandes",2021-01-25,"20_21","Cartagena","Mirandes","A",0,2,0.2,0.2,0.8,0.8,0,0,1,0.4,1.8,1.2,8.8,13.6,4.2,6.4,3.4,1.4,20,15,1,2.4,2.8,3.4
"20210126-Alcorcon-Albacete",2021-01-26,"20_21","Alcorcon","Albacete","A",1,2,0.2,0.4,1.2,1.4,0,1,0.8,0.8,0.8,1.2,12.2,7.6,5.2,3.4,2.2,3,18,22,1,1.95,3,4.5
"20210129-Zaragoza-Ponferradina",2021-01-29,"20_21","Zaragoza","Ponferradina","H",1,0,0.4,0.4,1.4,1.4,0,1,0.8,1,0.6,1,13.2,8.8,5.8,5.2,2.2,1.4,22,7,1,1.66,3.5,5.5
"20210130-Oviedo-Albacete",2021-01-30,"20_21","Oviedo","Albacete","A",0,1,0.2,0.6,1.2,2,0,2,1.4,1.2,1.2,1,10.6,8,3.6,4,2,2.8,12,21,1,1.8,3.2,5
"20210130-Alcorcon-Malaga",2021-01-30,"20_21","Alcorcon","Malaga","A",0,1,0.2,0,1,0.6,0,0,0.8,0.6,1,1.4,12.2,8.8,4.8,5.2,2.4,3.2,21,15,1,2.3,2.87,3.6
"20210130-Mallorca-Girona",2021-01-30,"20_21","Mallorca","Girona","H",1,0,0.4,0.2,1.4,1.2,1,1,1.6,0.4,1.4,0.6,8.4,11.4,4,4.4,3.6,2.2,2,8,1,1.7,3.3,5.75
"20210130-Almeria-Castellon",2021-01-30,"20_21","Almeria","Castellon","H",3,1,0.6,0.4,2,1.4,0,1,2,1.2,1.2,0.8,9.4,9.2,4.4,5.4,3.4,2,3,18,1,1.75,3.2,5.25
"20210131-SpGijon-Cartagena",2021-01-31,"20_21","Sp Gijon","Cartagena","D",0,0,0.4,0,1.6,0.2,0,0,0.8,0.6,0.8,2,10.4,9.8,4.4,4.6,1.8,3.4,5,22,1,1.85,3.3,4.5
"20210131-Espanol-Vallecano",2021-01-31,"20_21","Espanol","Vallecano","A",2,3,0.6,0.6,1.8,2,0,0,1.4,1.4,0.6,0.8,15.6,13.8,7.4,4.6,1.8,3,2,4,1,2.15,2.87,4
"20210131-Mirandes-LasPalmas",2021-01-31,"20_21","Mirandes","Las Palmas","H",2,0,0.4,0.6,1.2,2,1,3,0.8,0.8,1.2,0.6,13.4,6.6,4.8,3.2,1.8,3.2,12,9,1,2.3,3,3.4
"20210131-Tenerife-Fuenlabrada",2021-01-31,"20_21","Tenerife","Fuenlabrada","D",1,1,0.6,0.2,1.8,1,0,0,1.6,0.8,1.2,1,6.4,9.4,3,4.8,3.2,3.2,16,14,1,2.25,2.75,3.8
"20210201-Leganes-Lugo",2021-02-01,"20_21","Leganes","Lugo","H",3,2,0,0.4,0.6,1.6,0,1,0.4,0.8,0.8,0.4,12.8,10.2,5.2,5.4,3.8,1.4,6,11,1,1.8,3.4,4.75
"20210201-Sabadell-Logrones",2021-02-01,"20_21","Sabadell","Logrones","D",0,0,0.2,0.2,1.4,1,0,0,1.2,0.4,1,1.2,10.8,7,4,3.8,2.2,2.6,19,15,1,2.3,2.9,3.5
"20210205-Albacete-Mallorca",2021-02-05,"20_21","Albacete","Mallorca","A",0,1,0.8,0.4,2.6,1.4,3,2,1.4,1.6,0.4,1.4,7.8,9.2,3.8,4.6,2.2,4,17,1,0,4.75,3,1.9
"20210206-Cartagena-Oviedo",2021-02-06,"20_21","Cartagena","Oviedo","H",2,0,0,0,0.4,0.6,0,0,0.4,0.6,1.6,1,9.6,10.2,5.4,4.2,3.8,2.2,22,15,0,2.9,2.9,2.6
"20210206-Logrones-SpGijon",2021-02-06,"20_21","Logrones","Sp Gijon","A",0,4,0.2,0.2,1.2,1.2,0,0,0.4,0.6,0.6,0.8,6.4,10.2,2.8,4,2.6,2.4,14,6,0,3.1,2.9,2.5
"20210206-Fuenlabrada-Almeria",2021-02-06,"20_21","Fuenlabrada","Almeria","D",1,1,0.2,0.6,1.2,2,0,1,1,2.4,1,1.4,7.6,10.4,3.2,5,3.2,2.8,13,3,0,3.1,2.9,2.5
"20210207-Vallecano-Tenerife",2021-02-07,"20_21","Vallecano","Tenerife","A",0,1,0.8,0.6,2.4,2,1,0,2,1.4,1.2,0.6,12.6,8,4.6,3.4,3.2,3.8,4,16,1,1.8,3.2,5.5
"20210207-LasPalmas-Sabadell",2021-02-07,"20_21","Las Palmas","Sabadell","A",0,1,0.6,0,1.8,1,0,0,0.8,0.8,1,0.8,7.6,10.4,3.2,4.2,3,2,10,19,1,2,3,4.33
"20210207-Girona-Leganes",2021-02-07,"20_21","Girona","Leganes","A",0,2,0.2,0.2,1,1,0,1,0.4,1,0.8,1.2,12,11.8,4.4,4.4,1.8,3.6,9,6,0,2.75,3,2.75
"20210207-Malaga-Zaragoza",2021-02-07,"20_21","Malaga","Zaragoza","A",1,2,0.2,0.6,1.2,2,1,1,0.6,1,0.8,0.4,8,13,5,5.4,3.2,2.2,12,21,1,2.7,2.87,2.9
"20210207-Castellon-Mirandes",2021-02-07,"20_21","Castellon","Mirandes","A",0,1,0.2,0.4,0.8,1.2,0,2,0.8,1,1.4,1.2,7.2,14.4,4.2,5.2,1.6,2.4,21,8,0,3.3,2.8,2.45
"20210208-Ponferradina-Alcorcon",2021-02-08,"20_21","Ponferradina","Alcorcon","H",2,0,0.4,0.2,1.4,0.8,0,0,1,0.8,1,1.2,10.4,10.6,5.4,4,0.8,2.6,8,22,1,2.4,2.9,3.25
"20210208-Lugo-Espanol",2021-02-08,"20_21","Lugo","Espanol","D",1,1,0.2,0.4,1,1.2,0,0,1,1.2,1,1.2,10.8,14.2,4.2,6.8,1.8,2.4,11,3,0,4.75,2.9,1.95
"20210212-Sabadell-Zaragoza",2021-02-12,"20_21","Sabadell","Zaragoza","D",1,1,0.2,0.6,1.4,2,1,2,0.8,1.2,0.6,0.6,9.8,10.6,5.6,4.2,1.4,1.8,17,18,0,3.2,2.62,2.62
"20210213-Cartagena-Vallecano",2021-02-13,"20_21","Cartagena","Vallecano","D",2,2,0.2,0.6,1,1.8,1,0,0.6,1.6,1.2,1.4,10,11.8,5.2,5.4,3.6,4,19,5,0,3.3,3,2.3
"20210213-Mirandes-Girona",2021-02-13,"20_21","Mirandes","Girona","D",3,3,0.6,0.2,1.8,1,3,0,1.2,0.4,0.8,0.8,15.4,12.8,5.2,4.6,2.2,1.8,8,9,1,2.2,3,3.5
"20210213-Tenerife-Ponferradina",2021-02-13,"20_21","Tenerife","Ponferradina","H",1,0,0.6,0.4,2,1.4,1,1,1.2,1.2,0.6,1,7.8,9.2,3.6,4.8,4,1.2,14,8,1,2,3,4.2
"20210214-SpGijon-Malaga",2021-02-14,"20_21","Sp Gijon","Malaga","H",1,0,0.4,0.2,1.6,1,1,0,1.2,0.8,0.6,1.2,11.4,9.4,3.6,6.2,2,3.2,5,13,1,1.95,3.1,4.33
"20210214-Alcorcon-Logrones",2021-02-14,"20_21","Alcorcon","Logrones","H",1,0,0,0.2,0.2,1,0,0,0.4,0.4,1.4,1.4,11.2,7.4,5.4,4,2.6,2.2,22,15,1,1.95,2.87,4.75
"20210214-Mallorca-Espanol",2021-02-14,"20_21","Mallorca","Espanol","A",1,2,0.6,0.2,2,0.8,3,0,1.4,1,0.8,1.2,10.2,13.6,5,7.4,2.8,2.6,1,3,1,2.75,2.62,3
"20210214-Almeria-LasPalmas",2021-02-14,"20_21","Almeria","Las Palmas","H",3,1,0.4,0.6,1.6,1.8,0,0,2,0.8,1.4,0.8,9.6,8,4.8,3,2.4,2.4,3,12,1,1.8,3.5,4.5
"20210214-Leganes-Albacete",2021-02-14,"20_21","Leganes","Albacete","H",3,1,0.4,0.6,1.6,2,2,0,1.4,1,1,0.6,11.2,7.4,4,4.2,3,2.4,6,20,1,1.6,3.4,7
"20210215-Castellon-Fuenlabrada",2021-02-15,"20_21","Castellon","Fuenlabrada","A",1,2,0.2,0,0.6,0.8,0,0,0.6,0.6,1.4,0.8,6.8,10.6,4,4.4,1.2,2.6,22,14,0,3.5,2.87,2.3
"20210215-Oviedo-Lugo",2021-02-15,"20_21","Oviedo","Lugo","H",3,1,0,0.2,0.6,1.2,0,0,0.6,1.2,1.2,1,10.2,10,4,3.6,2.2,2.8,16,12,1,2,2.87,4.75
"20210217-Leganes-Almeria",2021-02-17,"20_21","Leganes","Almeria","H",2,1,0.6,0.6,2,2.2,3,1,1.8,2.4,1,1.2,10.4,10.4,4,4.6,2.8,2.8,4,3,1,2.15,2.75,4.2
"20210219-Ponferradina-Mirandes",2021-02-19,"20_21","Ponferradina","Mirandes","H",1,0,0.4,0.6,1.4,2,0,0,1,1.6,0.6,1,8.8,13.4,4,3.6,1,3,8,7,0,3,2.9,2.5
"20210220-Espanol-Sabadell",2021-02-20,"20_21","Espanol","Sabadell","H",1,0,0.4,0.2,1.4,1.4,1,0,1.4,1,1.2,0.8,13.4,9,7.8,6,2,1.4,2,17,1,1.5,4,6.5
"20210220-Albacete-SpGijon",2021-02-20,"20_21","Albacete","Sp Gijon","A",0,1,0.6,0.6,1.8,2,0,2,1,1.4,1,0.6,7.8,10.4,4.8,2.8,2.6,2.4,21,5,0,3.6,2.8,2.3
"20210220-LasPalmas-Cartagena",2021-02-20,"20_21","Las Palmas","Cartagena","H",2,0,0.4,0.2,1.2,1,0,0,0.8,0.8,1.4,1.4,9.2,9,4,4.6,1.4,3.4,13,19,1,2.3,3,3.4
"20210221-Girona-Castellon",2021-02-21,"20_21","Girona","Castellon","H",2,1,0.2,0.2,1,0.6,0,0,1,0.8,1.4,1.6,12.6,7.4,4.4,5,2.4,1.8,10,22,1,1.83,3.2,4.75
"20210221-Lugo-Logrones",2021-02-21,"20_21","Lugo","Logrones","D",1,1,0.2,0,1,0.4,0,0,1.4,0,1.6,1.4,9,7.8,4.2,4.2,3,2.4,13,16,1,2.1,2.9,4
"20210221-Leganes-Tenerife",2021-02-21,"20_21","Leganes","Tenerife","H",1,0,0.8,0.6,2.4,2,4,2,2.2,1.2,1.2,0.6,11.6,10.2,3.2,4,2,3.2,4,13,1,2.2,2.9,3.75
"20210221-Mallorca-Almeria",2021-02-21,"20_21","Mallorca","Almeria","H",2,0,0.6,0.4,1.8,1.6,0,0,1.2,2,0.8,1.4,10.8,9.8,5,4.6,2.8,2.8,2,3,1,2.15,2.9,3.8
"20210221-Malaga-Vallecano",2021-02-21,"20_21","Malaga","Vallecano","H",2,0,0.2,0.4,0.8,1.4,0,0,0.6,1.6,1.2,1.6,9,12.8,6.8,5,3,4.2,15,6,0,3.4,3,2.3
"20210222-Fuenlabrada-Oviedo",2021-02-22,"20_21","Fuenlabrada","Oviedo","D",2,2,0.2,0.2,1.2,1,1,1,1,0.8,1,1,14.2,8.8,4.8,4.8,2.8,2.6,12,15,1,2.25,2.7,3.9
"20210222-Zaragoza-Alcorcon",2021-02-22,"20_21","Zaragoza","Alcorcon","A",0,1,0.6,0.2,2,0.8,0,1,1.2,0.4,0.6,1,10.2,10.2,3.8,5,1.4,2.8,18,20,1,2.05,3.1,3.8
"20210226-Sabadell-Albacete",2021-02-26,"20_21","Sabadell","Albacete","D",0,0,0.2,0.4,1.2,1.2,0,0,0.8,0.8,0.8,1.2,8.6,8.6,6.6,4.6,1.2,3,19,21,1,2.1,3,3.9
"20210226-Cartagena-Leganes",2021-02-26,"20_21","Cartagena","Leganes","H",1,0,0.2,1,1,3,0,5,0.8,2.2,1.2,0.8,8.6,10.2,4,4.2,3,0.4,20,4,0,3.75,3.1,2.1
"20210227-Vallecano-Ponferradina",2021-02-27,"20_21","Vallecano","Ponferradina","D",1,1,0.2,0.6,0.8,1.8,0,1,1.2,1,2,0.4,12.6,9.4,5.8,3.2,3.4,1,6,7,1,1.85,3,5.25
"20210227-Almeria-Lugo",2021-02-27,"20_21","Almeria","Lugo","H",4,1,0.4,0.2,1.4,1,0,0,1.6,1.4,1.4,1.6,10.8,8.6,4.6,2,3.4,3.6,3,13,1,1.61,3.6,5.75
"20210227-Castellon-LasPalmas",2021-02-27,"20_21","Castellon","Las Palmas","H",4,0,0.2,0.4,0.6,1.2,0,1,1,1,1.6,1.4,8.8,10,5.4,4.8,2,2,22,10,1,2.62,2.87,3
"20210227-Logrones-Mallorca",2021-02-27,"20_21","Logrones","Mallorca","A",0,1,0,0.8,0.6,2.4,0,1,0.2,1.6,1.2,0.6,7.6,11.6,4.8,5.2,2.2,3,16,1,0,4.5,3.1,1.9
"20210228-Fuenlabrada-Girona",2021-02-28,"20_21","Fuenlabrada","Girona","D",1,1,0.2,0.4,1.4,1.4,0,1,1.2,1.2,1,1.4,14.6,10,4.6,4,3.6,2.6,11,9,1,2.55,2.9,3
"20210228-SpGijon-Espanol",2021-02-28,"20_21","Sp Gijon","Espanol","D",1,1,0.6,0.4,2,1.4,3,2,1.2,1.2,0.4,1.2,9.6,13,2.8,7.6,1.8,2.4,5,2,0,3.5,3,2.25
"20210228-Tenerife-Alcorcon",2021-02-28,"20_21","Tenerife","Alcorcon","H",3,1,0.4,0.4,1.4,1.2,0,2,0.6,0.6,0.8,1,10,10.8,4.2,5.4,3.2,2.2,13,19,1,2.1,3,4
"20210228-Oviedo-Zaragoza",2021-02-28,"20_21","Oviedo","Zaragoza","H",1,0,0.2,0.4,1,1.4,0,0,1,0.8,1.2,0.8,8.2,9.2,4.8,3.6,3.4,1.4,15,20,1,2.3,2.62,3.8
"20210301-Mirandes-Malaga",2021-03-01,"20_21","Mirandes","Malaga","H",1,0,0.6,0.4,2,1.2,0,1,1.6,0.8,0.8,1,11,10,2.8,5.6,4,2.6,9,14,1,2.25,3,3.5
"20210305-Espanol-Oviedo",2021-03-05,"20_21","Espanol","Oviedo","D",1,1,0.4,0.4,1.6,1.4,0,1,1.4,1.2,1.2,1.2,9.8,7.8,5.4,4.6,2.4,2.8,2,11,1,1.75,3.3,5.25
"20210306-Zaragoza-Tenerife",2021-03-06,"20_21","Zaragoza","Tenerife","H",1,0,0.4,0.6,1.4,2,0,1,0.8,1.2,0.8,0.6,8.4,9.8,2.8,3.8,1.6,3.4,20,11,1,2.45,2.8,3.2
"20210306-LasPalmas-Vallecano",2021-03-06,"20_21","Las Palmas","Vallecano","D",1,1,0.2,0.2,0.6,1,0,0,0.6,1.2,2,1.6,9.8,11.2,4,4.2,3,3.8,13,6,0,3.25,2.9,2.45
"20210306-Leganes-Castellon",2021-03-06,"20_21","Leganes","Castellon","D",0,0,0.8,0.2,2.4,0.6,0,1,1.6,1.4,0.6,1.6,10.6,8.8,4.6,5.4,0.4,1.8,4,21,1,1.57,3.75,5.75
"20210306-Albacete-Logrones",2021-03-06,"20_21","Albacete","Logrones","D",1,1,0.2,0,0.8,0.4,0,0,0.4,0.2,1,1.4,8.4,9.2,3.6,4.6,3,2,22,16,1,2.3,2.9,3.4
"20210307-Ponferradina-SpGijon",2021-03-07,"20_21","Ponferradina","Sp Gijon","D",2,2,0.4,0.6,1.4,2.2,0,0,0.8,1.4,0.6,0.2,9,8,2.8,2.4,1.4,2.2,7,5,0,3,2.8,2.62
"20210307-Malaga-Sabadell",2021-03-07,"20_21","Malaga","Sabadell","H",2,0,0.4,0.2,1.2,1.2,0,0,0.8,0.4,0.8,0.4,11,9.4,6.6,6.6,1.8,1.4,14,19,1,2.05,2.9,4.33
"20210307-Girona-Almeria",2021-03-07,"20_21","Girona","Almeria","A",0,1,0.2,0.4,1,1.4,0,1,1.2,1.8,1.6,1.4,9,10,3.6,4,3,3.8,9,3,0,2.87,2.9,2.62
"20210307-Mallorca-Cartagena",2021-03-07,"20_21","Mallorca","Cartagena","H",2,1,0.8,0.4,2.4,1.6,2,1,1.2,1,0.4,0.8,11.2,8.6,5.4,3.8,2.4,3.2,1,18,1,1.61,3.6,5.75
"20210308-Alcorcon-Mirandes",2021-03-08,"20_21","Alcorcon","Mirandes","H",4,0,0.4,0.6,1.2,2,0,1,0.6,1.4,1.2,0.8,9.2,9,5.2,2.6,2.2,3.8,20,8,1,2.5,2.87,3.3
"20210308-Lugo-Fuenlabrada",2021-03-08,"20_21","Lugo","Fuenlabrada","D",0,0,0,0.2,0.4,1.4,0,0,1.2,1.4,2.4,1.2,10.4,16.6,3.2,6.2,3.2,4,15,14,0,2.8,2.87,2.8
"20210312-Cartagena-Ponferradina",2021-03-12,"20_21","Cartagena","Ponferradina","D",1,1,0.4,0.4,1.4,1.6,0,0,1.2,1.2,1.2,0.8,8,7.6,3,2.4,3,1.6,19,7,1,2.3,2.9,3.4
"20210312-Vallecano-Zaragoza",2021-03-12,"20_21","Vallecano","Zaragoza","H",3,2,0,0.4,0.6,1.4,0,1,0.8,0.8,1.4,0.8,10.8,9.6,4.6,3.4,3.2,1.2,6,19,1,2,3,4.33
"20210313-Girona-Lugo",2021-03-13,"20_21","Girona","Lugo","D",1,1,0.2,0,1,0.6,0,0,1.2,0.8,1.6,1.8,8,9.4,2.8,3.2,3.2,2.8,10,15,1,1.95,3.3,4
"20210313-Castellon-Sabadell",2021-03-13,"20_21","Castellon","Sabadell","H",2,1,0.2,0.2,0.8,1,0,0,1.2,0.4,1,0.8,9.4,9.2,6.2,6.4,2.4,0.8,21,20,1,2.2,3,3.6
"20210313-Fuenlabrada-LasPalmas",2021-03-13,"20_21","Fuenlabrada","Las Palmas","A",1,2,0.2,0.2,1.4,0.8,0,0,1.2,0.8,1,1.8,17,10.2,6.6,4.2,4.8,2.8,12,14,1,2.2,2.9,3.8
"20210313-Mirandes-Espanol",2021-03-13,"20_21","Mirandes","Espanol","D",2,2,0.4,0.4,1.4,1.8,0,0,1,1.2,1.6,0.8,7.4,10,3,5.2,3.4,2,8,3,0,4.5,3.1,1.9
"20210314-Logrones-Malaga",2021-03-14,"20_21","Logrones","Malaga","A",0,1,0,0.4,0.4,1.2,0,1,0.4,1,1.6,0.8,8.8,13,5,7,1.8,2,16,11,0,3.1,2.8,2.55
"20210314-SpGijon-Mallorca",2021-03-14,"20_21","Sp Gijon","Mallorca","H",2,0,0.6,0.8,2.2,2.4,0,3,1.8,1.4,0.6,0.6,8.4,10.4,2.8,5.4,2,2.4,5,1,0,3.1,2.9,2.5
"20210314-Tenerife-Albacete",2021-03-14,"20_21","Tenerife","Albacete","H",2,0,0.6,0,1.8,0.4,0,0,1,0.4,0.6,1.2,9.8,9.6,4,4.2,3.4,3.4,14,22,1,1.65,3.3,6.5
"20210314-Oviedo-Leganes",2021-03-14,"20_21","Oviedo","Leganes","A",1,3,0.4,0.6,1.6,2,0,0,1.4,1.2,1.2,0.6,7.8,10.8,3.2,5.2,3,0.6,13,5,0,2.9,2.8,2.75
"20210315-Almeria-Alcorcon",2021-03-15,"20_21","Almeria","Alcorcon","D",0,0,0.6,0.6,1.8,1.8,2,1,1.8,1.4,1.2,1,11.4,10.4,4.4,5.6,3.6,2,3,17,1,1.8,3.1,5.25
"20210319-LasPalmas-Girona",2021-03-19,"20_21","Las Palmas","Girona","A",1,2,0.4,0.2,1.4,1.2,1,0,1.2,1.4,1.8,1.4,11.2,9,4.2,3.2,3,3.2,12,11,1,2.5,2.9,3.1
"20210320-Sabadell-SpGijon",2021-03-20,"20_21","Sabadell","Sp Gijon","D",1,1,0,0.6,0.4,2.2,0,1,0.4,1.4,1.2,0.6,10,7,5,3,1,2.4,21,5,0,3.25,2.9,2.45
"20210320-Mallorca-Oviedo",2021-03-20,"20_21","Mallorca","Oviedo","D",0,0,0.6,0.4,1.8,1.6,0,0,1.2,1.6,1,1.4,10.2,8,5.6,3.6,2.2,3.6,1,14,1,1.75,3.1,5.5
"20210320-Leganes-Fuenlabrada",2021-03-20,"20_21","Leganes","Fuenlabrada","A",0,2,0.6,0.2,2,1.2,1,0,1.2,1.2,0.6,1.2,10.6,15,5,6,0.8,5.2,4,14,1,1.66,3.4,5.75
"20210320-Espanol-Logrones",2021-03-20,"20_21","Espanol","Logrones","H",4,0,0.4,0,1.8,0.4,0,0,1.4,0.4,1,1,9.4,7.8,4.8,4.4,1.8,2.2,3,17,1,1.36,4.33,8.5
"20210321-Ponferradina-Almeria",2021-03-21,"20_21","Ponferradina","Almeria","H",2,1,0.2,0.4,1.2,1.4,0,0,1,1.2,1,1,8.4,11,3.4,4.4,1.6,3.4,7,3,0,3.6,2.75,2.3
"20210321-Malaga-Tenerife",2021-03-21,"20_21","Malaga","Tenerife","D",1,1,0.6,0.6,1.8,1.8,2,1,1,1.2,0.4,0.6,12,10.6,5.4,4.2,1.6,3,10,12,0,2.87,2.75,2.87
"20210321-Lugo-Castellon",2021-03-21,"20_21","Lugo","Castellon","D",0,0,0,0.4,0.6,1.4,0,1,0.8,1.6,1.8,1,10.6,8.8,3.8,5.4,2.2,2.8,15,18,1,2.2,3,3.6
"20210321-Alcorcon-Vallecano",2021-03-21,"20_21","Alcorcon","Vallecano","A",0,3,0.6,0.2,2,1.2,0,1,1.4,1.4,0.6,1.6,9,12,4.4,4,1.8,2.8,16,6,0,3.5,3,2.25
"20210322-Albacete-Cartagena",2021-03-22,"20_21","Albacete","Cartagena","H",2,0,0,0.2,0.4,1,0,0,0.4,1,1.4,1.4,9.4,7.2,3.4,2.4,3.6,2.8,22,19,1,2.62,2.9,2.87
"20210322-Zaragoza-Mirandes",2021-03-22,"20_21","Zaragoza","Mirandes","H",1,0,0.2,0.2,0.8,1,0,0,0.8,1.2,1.2,2,10.4,7.4,4,3.4,1.8,3.2,21,9,1,2.45,2.9,3.2
"20210326-SpGijon-Alcorcon",2021-03-26,"20_21","Sp Gijon","Alcorcon","D",0,0,0.4,0.4,1.8,1.4,0,0,1.4,1.2,0.8,1.2,8.4,8.2,2.6,4.2,2.2,1.4,5,17,1,2,2.8,4.75
"20210326-Castellon-Espanol",2021-03-26,"20_21","Castellon","Espanol","A",1,3,0.4,0.4,1.6,1.8,0,1,1.4,1.8,0.6,0.8,7.2,12.6,3.8,5.4,2.2,1.8,19,2,0,6.5,3.8,1.53
"20210327-Oviedo-Ponferradina",2021-03-27,"20_21","Oviedo","Ponferradina","D",1,1,0.2,0.4,1.2,1.8,0,1,1,1.4,1.2,1,8.6,10.6,3.2,4.4,3.4,2.2,14,7,1,1.85,3.2,4.5
"20210327-Almeria-Leganes",2021-03-27,"20_21","Almeria","Leganes","D",1,1,0.4,0.4,1.4,1.4,0,0,1.2,0.8,1,0.8,12.4,9,4.8,4.6,3.8,1,3,5,1,2.1,3,3.8
"20210327-Cartagena-Malaga",2021-03-27,"20_21","Cartagena","Malaga","D",1,1,0.2,0.6,0.8,2,0,0,0.6,1.2,1.4,0.4,8.2,10.6,2.6,4.4,3,1.8,20,10,1,2.62,2.8,3
"20210327-Logrones-Zaragoza",2021-03-27,"20_21","Logrones","Zaragoza","D",1,1,0,0.4,0.4,1.2,0,1,0.4,0.8,1.6,1,6.2,10.2,4.6,4.2,2.2,1.8,18,17,0,3.2,3,2.3
"20210328-Lugo-Sabadell",2021-03-28,"20_21","Lugo","Sabadell","A",0,1,0,0,0.8,0.4,0,0,0.6,0.4,1.2,1.2,13.4,10.2,3.8,4.8,2.6,1.4,15,22,1,2.4,3,3.2
"20210328-Girona-Albacete",2021-03-28,"20_21","Girona","Albacete","H",2,1,0.4,0.2,1.6,1,1,1,1.2,0.6,1,0.8,8.4,9.4,3.2,3,3.4,3.4,8,22,1,1.85,3,4.75
"20210328-Tenerife-LasPalmas",2021-03-28,"20_21","Tenerife","Las Palmas","D",1,1,0.4,0.4,1.4,1.4,0,0,1.2,1.2,0.8,1.6,10.2,11,4.8,3.2,2.8,3.2,11,13,1,2,3.1,4.2
"20210329-Fuenlabrada-Mallorca",2021-03-29,"20_21","Fuenlabrada","Mallorca","H",4,1,0.2,0.6,1.2,2,1,0,1.2,1,1,0.6,13.4,11,6.6,5.4,4.8,2.2,13,2,0,3.1,3,2.45
"20210330-Alcorcon-Oviedo",2021-03-30,"20_21","Alcorcon","Oviedo","D",1,1,0.2,0.2,1,1.2,0,0,1,0.8,1.2,1,7.4,9,4,4,1.8,2.4,17,14,0,3,2.75,2.55
"20210330-Malaga-Almeria",2021-03-30,"20_21","Malaga","Almeria","A",0,3,0.4,0.4,1.6,1.6,0,0,1,1.4,0.6,0.8,10.4,14.6,5,4,2.4,3.4,10,3,0,3.6,2.9,2.25
"20210330-Ponferradina-Logrones",2021-03-30,"20_21","Ponferradina","Logrones","D",2,2,0.2,0,1.4,0.4,0,0,1.4,0.4,1.2,1.6,9.2,6,4,3.8,2.2,2.2,7,18,1,1.8,3.1,4.33
"20210330-Vallecano-SpGijon",2021-03-30,"20_21","Vallecano","Sp Gijon","A",0,1,0.4,0.2,1.6,1.4,2,0,1.6,1.2,1.2,0.8,11.4,9,4.8,2.2,3,2,6,5,1,2.05,3,4
"20210331-Albacete-Castellon",2021-03-31,"20_21","Albacete","Castellon","A",0,1,0.2,0.4,1,1.6,0,0,0.8,1.4,1,0.8,8.8,5.8,3,2.8,2.8,2.6,22,20,1,2.5,2.9,3.1
"20210331-Sabadell-Girona",2021-03-31,"20_21","Sabadell","Girona","D",2,2,0.2,0.4,1,1.6,1,2,0.6,1.2,1,1,10.6,9.4,4,3,2.4,3.6,20,8,0,2.9,2.75,2.6
"20210401-Espanol-Fuenlabrada",2021-04-01,"20_21","Espanol","Fuenlabrada","H",4,0,0.4,0.4,1.8,1.6,2,2,2.2,1.6,1,0.8,13.8,13.6,5.6,6.4,1.4,4,1,9,1,1.65,3.5,5.75
"20210401-Mallorca-Leganes",2021-04-01,"20_21","Mallorca","Leganes","H",1,0,0.4,0.2,1.4,1,0,0,0.8,0.8,1.4,1,10.4,10.2,6,3,1.6,1.8,2,5,1,2.1,2.9,3.6
"20210401-LasPalmas-Lugo",2021-04-01,"20_21","Las Palmas","Lugo","H",6,1,0.2,0,1,0.6,0,0,1,0.4,1.8,1.2,11,12.6,2.4,4.4,2.6,1.8,13,15,1,1.9,3,4
"20210401-Zaragoza-Cartagena",2021-04-01,"20_21","Zaragoza","Cartagena","D",0,0,0.4,0.2,1.4,1,0,0,1,0.8,1,1.2,9.6,9.2,3.8,3.4,1.8,3.4,19,21,1,2.2,2.9,3.7
"20210402-Almeria-Vallecano",2021-04-02,"20_21","Almeria","Vallecano","A",0,1,0.4,0.4,1.6,1.6,1,0,1.2,1.6,0.6,1,14.2,12.6,3.6,5.2,3.2,3.2,3,6,1,2.25,3,3.2
"20210403-Logrones-Tenerife",2021-04-03,"20_21","Logrones","Tenerife","H",1,0,0,0.4,0.6,1.6,0,0,0.8,1.4,1.8,0.8,6,11.4,3.8,5.8,2.4,3,19,12,0,3.8,3,2.1
"20210403-Girona-Ponferradina",2021-04-03,"20_21","Girona","Ponferradina","H",3,1,0.4,0.2,1.6,1.4,0,0,1.4,1.6,1.2,1.4,11.4,10.4,4,4.4,3.6,1.6,8,7,1,2.2,3,3.3
"20210403-Castellon-Oviedo",2021-04-03,"20_21","Castellon","Oviedo","H",1,0,0.4,0,1.6,0.8,1,0,0.8,0.8,0.8,1.2,6.2,9.6,3,4.4,2.4,2.4,18,14,0,3.4,3,2.25
"20210404-LasPalmas-Mallorca",2021-04-04,"20_21","Las Palmas","Mallorca","D",1,1,0.4,0.4,1.6,1.4,1,1,2.2,0.8,1.2,1.4,13.2,10.8,2.6,6,1.6,2.2,10,2,0,3.5,3.1,2.2
"20210404-Albacete-Espanol",2021-04-04,"20_21","Albacete","Espanol","A",0,3,0.2,0.6,0.8,2.2,0,3,0.8,2.8,1.2,0.8,9.8,15.6,4.2,7,2.8,1.4,22,2,0,6.5,3.8,1.53
"20210404-Lugo-Malaga",2021-04-04,"20_21","Lugo","Malaga","A",0,1,0,0.4,0.6,1.6,0,0,0.4,1,1.6,1,10.8,11,3.2,4,2.2,2.4,16,11,1,2.5,3,3
"20210404-Leganes-Sabadell",2021-04-04,"20_21","Leganes","Sabadell","H",2,1,0.2,0.2,1,1,0,0,0.8,1,1,1.4,10,10,2.4,3,2.2,2.8,5,20,1,1.61,3.5,6
"20210405-Cartagena-Alcorcon",2021-04-05,"20_21","Cartagena","Alcorcon","H",2,1,0,0.2,0.6,1.2,0,0,0.6,1,1.2,0.8,8.6,7.4,4.2,4.2,3,1.8,21,19,1,2.45,3,3.1
"20210405-Fuenlabrada-Zaragoza",2021-04-05,"20_21","Fuenlabrada","Zaragoza","A",0,1,0.4,0.4,1.4,1.6,0,0,1.4,1,1.4,0.8,11,9.6,4,3.6,3.8,1.4,12,19,1,2.4,3,3.1
"20210409-Tenerife-SpGijon",2021-04-09,"20_21","Tenerife","Sp Gijon","H",1,0,0.2,0.4,1,1.6,0,0,0.8,1,0.8,0.6,11.8,10.6,6.8,4,2.6,1.2,13,5,1,2.4,2.75,3.5
"20210410-Ponferradina-Fuenlabrada",2021-04-10,"20_21","Ponferradina","Fuenlabrada","D",0,0,0.2,0.4,1.2,1.2,0,0,1.4,1.4,1.6,1.6,10.8,11.4,5.2,4.4,1.4,3,8,13,0,2.75,2.9,2.7
"20210410-Oviedo-LasPalmas",2021-04-10,"20_21","Oviedo","Las Palmas","D",0,0,0,0.4,0.6,1.6,0,0,0.6,2.2,1.2,1.2,10.6,14,5.2,2.8,2.8,1.4,14,12,1,2,3.1,3.75
"20210410-Vallecano-Girona",2021-04-10,"20_21","Vallecano","Girona","H",2,1,0.6,0.6,2,2.2,1,1,1.6,2,0.8,1.2,13,12.4,5,4.2,3,3.2,6,7,1,1.83,3.2,4.75
"20210411-Mallorca-Lugo",2021-04-11,"20_21","Mallorca","Lugo","H",2,0,0.2,0,1,0.4,0,0,0.6,0.4,1.4,1.8,11.2,11,5.8,4.4,2.2,2.8,2,18,1,1.53,3.75,7
"20210411-Zaragoza-Almeria",2021-04-11,"20_21","Zaragoza","Almeria","H",2,1,0.4,0.2,1.6,1,1,0,1,1,0.8,0.8,9,13.2,3.4,3.6,1.6,3.8,16,3,0,3.2,2.75,2.6
"20210411-Malaga-Albacete",2021-04-11,"20_21","Malaga","Albacete","H",2,0,0.4,0.2,1.6,0.6,1,0,0.8,0.6,1,1.6,9.6,9.2,3.6,4.2,2.2,2.2,10,22,1,1.95,3.2,4.2
"20210411-Espanol-Leganes",2021-04-11,"20_21","Espanol","Leganes","H",2,1,0.8,0.4,2.6,1.4,4,1,3.2,1.2,0.6,1.2,15.8,10.2,6.6,2,1.4,2.6,1,4,1,1.8,3.2,5
"20210411-Sabadell-Cartagena",2021-04-11,"20_21","Sabadell","Cartagena","D",1,1,0.2,0.2,1,1.2,0,1,1.2,0.8,1.4,1,11.2,9.2,3.6,5,2.8,2.8,21,19,1,2.5,2.9,3.1
"20210411-Mirandes-Logrones",2021-04-11,"20_21","Mirandes","Logrones","A",0,1,0.4,0.2,1.4,1,1,1,1,0.8,1.6,1.6,9,6.4,4.8,3.4,2.2,2.6,11,18,1,2,3.1,4
"20210412-Alcorcon-Castellon",2021-04-12,"20_21","Alcorcon","Castellon","H",2,1,0,0.6,0.6,2,0,2,0.4,1,1.2,0.8,7.4,5.4,4.6,2,3,2,21,17,1,2,2.9,4.5
"20210414-Vallecano-Mirandes",2021-04-14,"20_21","Vallecano","Mirandes","A",0,1,0.8,0.2,2.4,0.8,2,0,1.8,0.8,0.8,1.8,13.2,9.8,5,5,3.6,1.6,6,12,1,1.7,3.4,5.5
"20210416-Fuenlabrada-Sabadell",2021-04-16,"20_21","Fuenlabrada","Sabadell","D",2,2,0.4,0.2,1.4,1.2,0,0,1.2,1.2,1.2,1.2,11,9.6,3.6,3.6,2.6,3,13,21,1,1.85,3.4,4.33
"20210416-Girona-Zaragoza",2021-04-16,"20_21","Girona","Zaragoza","H",3,0,0.6,0.6,2,2.2,0,2,2,1,1.4,0.4,11,9.2,3.2,3.4,3,1.4,7,15,1,2.15,3,3.8
"20210417-Lugo-Alcorcon",2021-04-17,"20_21","Lugo","Alcorcon","A",1,3,0,0.2,0.2,1,0,1,0.2,0.8,2,1.4,10,9.6,4.2,4,2.4,3.4,19,18,1,2.75,2.8,2.9
"20210417-Castellon-Mallorca",2021-04-17,"20_21","Castellon","Mallorca","H",1,0,0.4,0.4,1.4,1.6,0,1,0.8,1,1,1,5.4,11,2,5.2,2,2.4,18,2,0,4,3.3,1.95
"20210417-LasPalmas-Malaga",2021-04-17,"20_21","Las Palmas","Malaga","D",1,1,0.2,0.4,1.2,1.6,0,2,1.8,1,1,1,12.6,9.6,3,3.4,1.6,2,11,9,1,2.3,3,3.4
"20210417-SpGijon-Oviedo",2021-04-17,"20_21","Sp Gijon","Oviedo","A",0,1,0.2,0,1,0.8,0,0,0.6,0.4,0.8,0.6,11.2,11.4,4.4,5,1.4,2.6,5,14,1,2.15,3,3.75
"20210418-Albacete-Mirandes",2021-04-18,"20_21","Albacete","Mirandes","H",1,0,0.2,0.4,0.6,1.4,0,1,0.6,1,1.6,1,9.8,13,4.8,3.8,1.8,1,22,10,1,2.75,2.9,2.8
"20210418-Logrones-Vallecano",2021-04-18,"20_21","Logrones","Vallecano","D",0,0,0.4,0.6,1.6,1.8,2,0,1,1.2,1.4,0.6,7.8,12,3.6,4.6,2.6,3.4,18,6,0,3.3,3.2,2.25
"20210418-Cartagena-Tenerife",2021-04-18,"20_21","Cartagena","Tenerife","D",0,0,0.2,0.4,1.2,1.6,0,1,0.8,1,1,0.6,10.6,11.6,5.8,6.2,3,2,20,12,1,2.7,2.87,2.9
"20210419-Leganes-Ponferradina",2021-04-19,"20_21","Leganes","Ponferradina","D",1,1,0.2,0.2,0.8,1.2,0,0,0.8,1.2,1.4,1.4,10.8,10.4,2.6,4.8,2.8,1.2,4,8,1,1.7,3.3,5.75
"20210419-Almeria-Espanol",2021-04-19,"20_21","Almeria","Espanol","D",1,1,0.2,1,0.8,3,0,5,1.2,3.2,1.2,0.4,14.4,16.6,3.8,6.8,4.6,1.2,3,1,0,3,3.2,2.4
"20210421-Mirandes-Tenerife",2021-04-21,"20_21","Mirandes","Tenerife","D",0,0,0.4,0.2,1.2,1.2,0,0,0.6,0.6,0.8,0.6,11,10.2,3,5.8,1.2,2,10,12,1,2.62,3.1,2.8
"20210423-Zaragoza-SpGijon",2021-04-23,"20_21","Zaragoza","Sp Gijon","D",0,0,0.4,0.2,1.6,0.8,0,0,0.8,0.4,1,0.8,9.6,10.8,3.4,5,1.6,1.2,18,5,0,3.1,2.7,2.7
"20210424-Logrones-Cartagena",2021-04-24,"20_21","Logrones","Cartagena","A",0,1,0.4,0.2,1.8,1.4,0,0,1,0.8,0.6,0.6,9,11,3.8,6,2.4,3.4,16,19,1,2.75,2.75,2.87
"20210424-Malaga-Fuenlabrada",2021-04-24,"20_21","Malaga","Fuenlabrada","A",0,1,0.4,0.2,1.6,1,0,0,1,1.2,1,1.6,10.6,12,3.6,3.4,2,2.6,9,13,0,2.9,2.8,2.75
"20210424-Espanol-LasPalmas",2021-04-24,"20_21","Espanol","Las Palmas","H",4,0,0.8,0.2,2.6,1.4,0,0,2.6,1.8,0.6,0.8,13.6,12.8,6.6,4,1.4,1.8,1,13,1,1.5,4,6
"20210424-Ponferradina-Lugo",2021-04-24,"20_21","Ponferradina","Lugo","H",2,0,0,0,0.8,0,0,0,1,0.4,1.4,2.6,8.2,7.4,4,3.8,1.2,1.8,8,20,1,1.95,3,4.33
"20210425-Oviedo-Girona",2021-04-25,"20_21","Oviedo","Girona","A",0,1,0.2,0.6,1.2,2,1,1,0.6,2.2,0.6,1.2,11.2,11.6,4.6,5,2.8,2.8,14,8,1,2.3,3,3.25
"20210425-Mirandes-Almeria",2021-04-25,"20_21","Mirandes","Almeria","D",1,1,0.4,0.2,1.4,1,0,0,0.6,1.2,0.6,1,11,13.2,2.6,3.4,0.8,3.8,10,3,0,3.1,2.9,2.5
"20210425-Alcorcon-Leganes",2021-04-25,"20_21","Alcorcon","Leganes","A",1,2,0.4,0.2,1.6,1,2,0,1.4,1,1,1.2,11.2,11.2,5.2,3.8,3.4,3.8,17,4,0,3.25,2.75,2.6
"20210425-Tenerife-Castellon",2021-04-25,"20_21","Tenerife","Castellon","D",1,1,0.2,0.6,1.2,1.8,0,1,0.4,1,0.4,1,9,6.4,5.6,1.8,3,2.4,12,17,1,1.83,3.2,5
"20210426-Vallecano-Albacete",2021-04-26,"20_21","Vallecano","Albacete","D",2,2,0.4,0.2,1.4,0.6,0,1,0.6,0.4,0.6,1.6,13.2,10.2,4.8,6,3,1.8,6,22,1,1.57,3.5,7
"20210426-Sabadell-Mallorca",2021-04-26,"20_21","Sabadell","Mallorca","H",1,0,0.2,0.4,1.2,1.4,0,0,1.4,1,1.4,1.2,9.2,11.6,4,5.8,2.4,2.8,21,2,0,4.2,2.9,2.05
"20210430-Lugo-Zaragoza",2021-04-30,"20_21","Lugo","Zaragoza","D",2,2,0,0.4,0,1.6,0,0,0.4,0.6,2.8,0.8,7.2,10,3.8,3.4,2.2,1.8,21,16,0,3,2.9,2.55
"20210501-Girona-Tenerife",2021-05-01,"20_21","Girona","Tenerife","H",1,0,0.6,0.2,2,1.2,2,0,2,0.4,1,0.4,11,8.8,5.2,4.6,2,3.2,7,11,1,2.1,3,4
"20210501-Almeria-Oviedo",2021-05-01,"20_21","Almeria","Oviedo","D",2,2,0.2,0.2,1,1,0,0,1.2,0.4,1,0.6,11.2,10,3.8,4,4.2,3.4,3,14,1,1.75,3.3,5
"20210501-Mallorca-Mirandes",2021-05-01,"20_21","Mallorca","Mirandes","H",2,1,0.4,0.2,1.4,1,0,0,0.8,0.4,0.6,0.6,13.2,10.8,5.4,2.8,3.2,0.8,2,9,1,1.61,3.5,6
"20210502-Castellon-Logrones",2021-05-02,"20_21","Castellon","Logrones","D",0,0,0.6,0.4,2,1.6,0,0,1,0.8,0.6,0.6,7.2,10.2,3.4,4,2.2,2.8,16,17,1,2.5,2.7,3.3
"20210502-Leganes-SpGijon",2021-05-02,"20_21","Leganes","Sp Gijon","D",0,0,0.4,0.2,1.4,0.8,1,0,1.2,0.4,1.2,0.8,10.4,10.2,4.8,5.8,3.8,1.6,4,6,1,2.1,2.8,4.33
"20210502-LasPalmas-Ponferradina",2021-05-02,"20_21","Las Palmas","Ponferradina","H",2,0,0.2,0.2,1.2,1.2,0,1,1.6,1.2,1.4,1.2,11.8,10.2,4.8,4.6,2.4,1.4,13,8,1,2.1,3.1,3.75
"20210502-Fuenlabrada-Cartagena",2021-05-02,"20_21","Fuenlabrada","Cartagena","H",2,1,0.2,0.4,1,1.8,1,1,0.6,0.8,1.4,0.4,12.6,10.6,3.6,5.4,2.4,3,12,19,1,1.9,3.1,4.5
"20210502-Espanol-Malaga",2021-05-02,"20_21","Espanol","Malaga","H",3,0,0.8,0.4,2.6,1.4,1,0,2.8,0.8,0.4,1,13.6,10,6,3.8,1.4,1.4,1,10,1,1.3,4.75,13
"20210503-Sabadell-Vallecano",2021-05-03,"20_21","Sabadell","Vallecano","H",2,0,0.2,0.4,1.2,1.6,1,0,1.4,1,1.4,0.8,7.6,10.8,4,3.6,1.4,4.2,20,7,0,4,3.4,1.9
"20210503-Albacete-Alcorcon",2021-05-03,"20_21","Albacete","Alcorcon","A",0,1,0.2,0.4,0.8,1.4,0,0,0.6,1.6,1.6,1.4,10,10.4,5.8,4.4,1.8,4.2,22,19,0,2.9,2.8,2.62
"20210507-Tenerife-Almeria",2021-05-07,"20_21","Tenerife","Almeria","A",0,1,0.2,0,1.2,0.6,0,0,0.4,1,0.4,1.4,9.2,11,4.8,5.2,3.2,4.4,13,3,0,3.3,2.75,2.5
"20210508-Zaragoza-Espanol",2021-05-08,"20_21","Zaragoza","Espanol","D",0,0,0.4,0.8,1.6,2.6,0,2,1,2.6,1.2,0.4,11.8,12.2,4.4,5,1.8,1.6,17,1,0,5.25,3,1.85
"20210508-Ponferradina-Albacete",2021-05-08,"20_21","Ponferradina","Albacete","A",0,1,0.2,0.2,1,0.8,0,0,0.8,0.6,1.2,1.6,8.8,8.4,4.2,5,1.4,2.4,8,22,1,2.45,3,3.1
"20210508-Malaga-Mallorca",2021-05-08,"20_21","Malaga","Mallorca","D",1,1,0.4,0.4,1.4,1.4,0,1,0.8,1,1,0.8,8.4,13.4,4,5.6,1.4,3.2,12,2,0,4,3.25,1.95
"20210508-Alcorcon-LasPalmas",2021-05-08,"20_21","Alcorcon","Las Palmas","D",0,0,0.6,0.2,1.8,1.2,1,1,1.6,0.8,1.2,1.2,10,9,3.8,4.2,3.8,2.2,15,12,1,2.15,2.9,3.8
"20210509-Mirandes-Fuenlabrada",2021-05-09,"20_21","Mirandes","Fuenlabrada","H",2,1,0.2,0.4,1,1.6,0,2,0.6,1,0.8,0.8,11.2,13.8,3.4,4.4,1.4,2,12,9,1,2.6,2.8,3.1
"20210509-Oviedo-Sabadell",2021-05-09,"20_21","Oviedo","Sabadell","H",2,1,0.2,0.4,1,1.6,0,2,0.6,1.4,0.8,1,9.2,7,3,4.4,3.8,1.6,14,19,1,1.8,3.1,5
"20210509-Cartagena-Castellon",2021-05-09,"20_21","Cartagena","Castellon","H",1,0,0.4,0.4,1.6,1.6,0,0,1,0.8,0.8,0.6,12.2,6.8,5.4,2.6,2.8,2.2,20,17,1,2.05,3.1,3.75
"20210509-Logrones-Girona",2021-05-09,"20_21","Logrones","Girona","A",1,4,0.4,0.8,1.6,2.4,0,3,0.4,1.8,0.2,0.6,11,9.8,4.4,4.8,2.6,1.6,19,6,0,3.3,2.8,2.45
"20210510-Vallecano-Leganes",2021-05-10,"20_21","Vallecano","Leganes","D",1,1,0.2,0.4,1,1.6,0,0,0.8,1.2,1.2,1,12.6,11,4.8,5.6,3.8,3.8,7,4,1,2.4,2.87,3.25
"20210510-SpGijon-Lugo",2021-05-10,"20_21","Sp Gijon","Lugo","H",1,0,0,0,0.4,0.2,0,0,0.2,0.6,0.8,2,10,7.4,5.8,4.6,2.2,2.2,6,21,1,1.8,3.1,5.25
"20210514-Espanol-Cartagena",2021-05-14,"20_21","Espanol","Cartagena","A",0,2,0.6,0.4,2.2,1.6,0,1,2,0.8,0.4,0.6,12,12.4,5.2,5.4,1.4,2.6,1,17,1,1.7,3.4,5.5
"20210515-Lugo-Mirandes",2021-05-15,"20_21","Lugo","Mirandes","H",2,1,0,0.2,0.2,1,0,1,0.6,0.8,2,1,6.8,9.4,3,3.6,1.8,2,21,9,1,1.95,3.1,4.2
"20210515-Castellon-Ponferradina",2021-05-15,"20_21","Castellon","Ponferradina","A",0,2,0.2,0.2,1,1,0,0,0.6,0.6,0.8,0.8,7,10,3.2,3.8,2,2.2,18,8,1,2.1,3.1,3.8
"20210515-LasPalmas-Zaragoza",2021-05-15,"20_21","Las Palmas","Zaragoza","A",0,2,0.2,0.2,1.2,1.2,0,0,0.6,0.8,1,1.2,8.2,11.8,3.6,4.8,2.6,2,11,17,1,2.7,2.87,2.9
"20210515-Almeria-Albacete",2021-05-15,"20_21","Almeria","Albacete","D",1,1,0.2,0.4,1.2,1.4,1,1,1.2,0.8,1.2,1,12.8,7.8,5.6,4.4,3.4,2.6,3,22,1,1.55,3.7,6.5
"20210516-Sabadell-Tenerife",2021-05-16,"20_21","Sabadell","Tenerife","A",0,2,0.4,0,1.6,0.6,0,0,1.4,0.2,1,0.6,6,9.2,3.8,5.2,1.8,3.6,20,14,1,2.37,2.9,3.25
"20210516-Fuenlabrada-Vallecano",2021-05-16,"20_21","Fuenlabrada","Vallecano","A",1,2,0.4,0,1.6,0.6,0,0,1.2,0.6,1,1.2,13.6,12.4,4.4,5,2.4,3.6,11,7,0,3.6,2.8,2.3
"20210516-Mallorca-Alcorcon",2021-05-16,"20_21","Mallorca","Alcorcon","H",2,0,0.4,0.6,1.4,2,0,0,1,1.4,0.8,0.8,13,10.2,5.6,3.4,3.4,2.8,2,17,1,1.65,3.1,6
"20210516-Leganes-Logrones",2021-05-16,"20_21","Leganes","Logrones","H",3,0,0.2,0.2,1.2,1,0,0,1,0.4,1,1,10.2,11,6.4,4.6,3.8,3.2,4,19,1,1.6,3.4,5.75
"20210517-Oviedo-Malaga",2021-05-17,"20_21","Oviedo","Malaga","H",1,0,0.4,0.2,1.6,1,1,0,1,0.8,0.8,1.2,8.2,8.6,2.4,3.4,3.4,1.6,14,13,1,2.05,2.8,4.5
"20210517-Girona-SpGijon",2021-05-17,"20_21","Girona","Sp Gijon","H",1,0,0.8,0.2,2.4,1,4,1,2,0.2,0.6,0.4,10,10,5.2,4.4,1.8,2.4,7,5,1,2.37,2.75,3.6
"20210518-Cartagena-Almeria",2021-05-18,"20_21","Cartagena","Almeria","H",3,2,0.6,0.2,2,1.4,2,0,1,1.2,0.4,1,10.4,13,4.4,7,2,2.4,16,3,0,3.3,3.2,2.15
"20210518-Albacete-Lugo",2021-05-18,"20_21","Albacete","Lugo","D",1,1,0.4,0.2,1.6,0.8,0,1,1,1,0.8,1.8,7.2,6.6,3.6,2.8,3.2,1.8,22,21,1,2.75,2.87,2.87
"20210518-Ponferradina-Espanol",2021-05-18,"20_21","Ponferradina","Espanol","A",1,4,0.4,0.4,1.4,1.6,1,0,1,1.6,0.8,0.6,11.2,10.8,4,4.8,2,1.8,8,1,0,4.2,3.2,1.95
"20210519-Alcorcon-Sabadell",2021-05-19,"20_21","Alcorcon","Sabadell","H",2,0,0.4,0.4,1.4,1.4,0,0,1,1.2,1,1.2,8.6,6.6,3.4,4.6,2.6,2.4,17,21,1,2,2.75,4
"20210519-Logrones-Fuenlabrada",2021-05-19,"20_21","Logrones","Fuenlabrada","H",1,0,0,0.4,0.4,1.4,0,0,0.2,1.4,1.6,1.4,10.2,11.8,4.4,4.6,2.6,3.6,20,12,1,2.25,2.9,3.1
"20210519-Mirandes-Leganes",2021-05-19,"20_21","Mirandes","Leganes","D",0,0,0.2,0.4,1,1.8,0,1,1,1.4,1.2,0.6,11.2,9.6,4.2,5.6,2.6,3.6,9,4,0,4.2,2.8,1.9
"20210519-Tenerife-Mallorca",2021-05-19,"20_21","Tenerife","Mallorca","A",0,1,0.2,0.4,1,1.4,1,1,0.6,1,0.6,0.8,10.2,12.6,5.2,5.6,3.4,3.4,11,2,0,5.25,2.75,1.9
"20210520-Malaga-Girona",2021-05-20,"20_21","Malaga","Girona","A",0,1,0,1,0.4,3,0,5,0.4,2,1.4,0.2,8,10,3.2,5.8,2.4,1.4,14,5,0,4.2,2.9,1.95
"20210520-SpGijon-LasPalmas",2021-05-20,"20_21","Sp Gijon","Las Palmas","H",1,0,0.2,0.2,1,1,0,0,0.2,0.6,0.4,1.4,9.2,11.6,3.6,4.6,2.4,2.2,6,13,1,1.66,3.25,5
"20210520-Vallecano-Oviedo",2021-05-20,"20_21","Vallecano","Oviedo","H",4,1,0.2,0.6,1.2,2,1,2,1,1.2,1.2,0.8,13,6.8,6.2,2.2,3.4,3.6,7,10,1,1.7,3.4,4.75
"20210520-Zaragoza-Castellon",2021-05-20,"20_21","Zaragoza","Castellon","H",3,0,0.2,0.2,1.2,1,1,0,0.8,0.4,1,0.8,11.8,10.6,4.8,4.4,2.2,2.2,17,19,1,1.85,3,4.33
"20210523-Espanol-Tenerife",2021-05-23,"20_21","Espanol","Tenerife","D",1,1,0.6,0.2,2,0.8,1,0,2.2,0.6,0.6,0.8,13.4,10.4,5,4.4,1.8,3.4,1,10,1,1.5,3.9,6.5
"20210523-Mallorca-Zaragoza",2021-05-23,"20_21","Mallorca","Zaragoza","H",2,1,0.6,0.4,2,1.8,2,2,1.2,1.4,0.6,0.4,11,11.4,5.2,4.8,3,1.8,2,15,1,1.83,3.1,4.75
"20210524-Fuenlabrada-SpGijon",2021-05-24,"20_21","Fuenlabrada","Sp Gijon","D",0,0,0.4,0.4,1.2,1.6,0,1,1,0.4,1.2,0.2,10.6,8.8,4.4,3,3.6,2.4,13,7,0,4.2,3.4,1.75
"20210524-Oviedo-Mirandes",2021-05-24,"20_21","Oviedo","Mirandes","D",1,1,0.4,0.2,1.4,1,0,0,1.2,1,1.6,1.2,6.8,11.2,2.8,4.6,3.4,2.4,12,9,1,2.37,3,3.1
"20210524-Almeria-Logrones",2021-05-24,"20_21","Almeria","Logrones","H",2,1,0.2,0.2,1.2,0.8,0,1,1.4,0.4,1.4,1.6,12.8,10.6,6.6,4.4,2.8,2.8,5,19,1,1.45,3.5,7
"20210524-LasPalmas-Albacete",2021-05-24,"20_21","Las Palmas","Albacete","H",3,2,0.2,0.2,0.8,1.2,0,0,0.4,1,1.4,1,11.2,7.8,3.6,2.8,1.8,3.6,13,22,1,2.1,3,3.25
"20210524-Castellon-Vallecano",2021-05-24,"20_21","Castellon","Vallecano","A",0,2,0,0.4,0.4,1.6,0,2,0.2,1.8,1.4,1.4,11,11.8,5.2,5.8,1.8,3.4,21,6,0,3.9,3,2
"20210524-Leganes-Malaga",2021-05-24,"20_21","Leganes","Malaga","H",1,0,0.4,0,1.8,0.2,0,0,1.2,0.2,0.4,1.4,9.2,8.6,4.8,3,2.4,3,4,14,1,1.53,3.6,6.5
"20210524-Lugo-Cartagena",2021-05-24,"20_21","Lugo","Cartagena","H",2,1,0.2,0.8,1,2.4,0,3,1,1.6,1.4,0.8,7.4,9,3.2,4.8,2.4,2,21,16,1,1.57,3.5,5.75
"20210524-Sabadell-Ponferradina",2021-05-24,"20_21","Sabadell","Ponferradina","H",2,0,0.4,0.4,1.2,1.2,0,0,0.8,1,1.2,1.4,7,12.4,4.4,5,2.8,2.4,21,8,1,1.72,3.4,4.5
"20210524-Girona-Alcorcon",2021-05-24,"20_21","Girona","Alcorcon","H",1,0,1,0.4,3,1.4,6,1,1.6,0.8,0.2,0.8,10.8,6.4,5.6,2,1.2,2.6,5,17,1,2.1,3.1,3.5
"20210529-Tenerife-Oviedo",2021-05-29,"20_21","Tenerife","Oviedo","D",2,2,0.2,0.4,0.8,1.6,0,0,0.6,1.4,0.8,1.6,9.6,8.2,4.8,3.4,3,3,11,12,1,2,3.2,3.75
"20210530-Cartagena-Girona",2021-05-30,"20_21","Cartagena","Girona","D",1,1,0.6,1,1.8,3,0,7,1.6,1.6,1.2,0.2,10.4,11.4,5.2,5.6,1.8,1.6,17,5,0,3,3,2.5
"20210530-Logrones-LasPalmas",2021-05-30,"20_21","Logrones","Las Palmas","A",0,1,0.2,0.4,0.8,1.4,0,1,0.6,1,1.8,1,11.6,11.8,4.8,3.4,2.4,1.8,19,10,1,1.4,4.5,7
"20210530-Albacete-Fuenlabrada",2021-05-30,"20_21","Albacete","Fuenlabrada","A",1,2,0.2,0.2,1,0.8,0,0,1,0.8,1.2,1.2,8,9.8,2.8,4.2,3.6,3.6,22,13,0,2.9,3.25,2.4
"20210530-Alcorcon-Espanol",2021-05-30,"20_21","Alcorcon","Espanol","H",1,0,0.4,0.4,1.4,1.6,0,0,0.6,1.6,0.6,0.8,6.2,12.2,2,5.6,1.8,2.4,17,1,1,2.45,3.1,2.9
"20210530-Malaga-Castellon",2021-05-30,"20_21","Malaga","Castellon","H",3,0,0,0,0.2,0.2,0,0,0.2,0,1.4,1.6,8.8,10.4,2.4,4.6,3,1.8,14,21,1,2.1,3,3.8
"20210530-Mirandes-Sabadell",2021-05-30,"20_21","Mirandes","Sabadell","A",0,2,0.2,0.4,1,1.2,0,1,1,1,1.2,1.2,11.8,8,4.6,4.4,2.2,3.2,11,20,0,4.5,3.5,1.75
"20210530-Ponferradina-Mallorca",2021-05-30,"20_21","Ponferradina","Mallorca","D",2,2,0.2,0.8,0.6,2.6,0,3,0.6,1.6,1.8,0.6,11,9.6,5.2,4.4,2.2,2.8,8,2,0,5.25,3.5,1.66
"20210530-SpGijon-Almeria",2021-05-30,"20_21","Sp Gijon","Almeria","A",0,2,0.4,0.4,1.6,1.6,0,1,0.4,1.6,0.2,1.4,9,12.4,2.8,6,2.4,1.8,7,4,1,1.9,3.3,4
"20210530-Vallecano-Lugo",2021-05-30,"20_21","Vallecano","Lugo","A",0,1,0.6,0.4,2,1.6,3,1,1.8,1.4,1,1.2,13,8.4,5.2,3.8,2.2,2.4,6,19,1,1.57,4.1,5.5
"20210530-Zaragoza-Leganes",2021-05-30,"20_21","Zaragoza","Leganes","A",0,5,0.4,0.4,1.6,1.8,0,1,1.6,1,0.8,0.2,11,10.2,5.2,5.2,1.8,2.2,17,5,0,3.1,3.2,2.3
"20210814-Ponferradina-Alcorcon",2021-08-14,"21_22","Ponferradina","Alcorcon","H",1,0,0.2,0.4,0.8,1.4,0,1,1,0.6,1.8,0.6,12.4,5.8,5.4,1.8,2.2,1.6,5,15,1,2.5,2.9,3.1
"20210815-Oviedo-Lugo",2021-08-15,"21_22","Oviedo","Lugo","D",2,2,0.4,0.6,1.6,2,0,2,1.4,1.2,1.6,0.8,9.2,8.6,4.4,3,3.2,2.4,8,15,1,2,3,4.33
"20210815-Fuenlabrada-Tenerife",2021-08-15,"21_22","Fuenlabrada","Tenerife","A",1,2,0.2,0.2,0.8,1,1,0,0.8,1,1.2,1,9.4,11,3.8,3.6,3.6,3.2,10,16,1,2.5,3,3.1
"20210816-Malaga-Mirandes",2021-08-16,"21_22","Malaga","Mirandes","D",0,0,0.2,0.2,0.8,1,1,0,0.8,0.8,0.8,1.2,9.8,12,2.8,4,2.8,1.8,13,16,1,2.15,3.1,3.6
"20210816-Cartagena-Almeria",2021-08-16,"21_22","Cartagena","Almeria","A",1,3,0.6,0.6,2,2,0,2,1.6,1.6,1,1,9.8,12.8,4.8,5,2.2,1.4,15,16,0,3,3,2.5
"20210820-Valladolid-Zaragoza",2021-08-20,"21_22","Valladolid","Zaragoza","H",2,0,0,0.4,1,1.4,0,0,1,1.2,1,1.4,16,10.4,3,3.8,4,2.2,11,12,1,1.66,3.6,5.5
"20210820-Almeria-Oviedo",2021-08-20,"21_22","Almeria","Oviedo","H",2,1,0.6,0.2,2,1.2,3,0,2,1.4,1.2,1.8,13.6,9,4.4,4.4,1.4,3.4,2,9,1,1.7,3.4,5.5
"20210821-Tenerife-SpGijon",2021-08-21,"21_22","Tenerife","Sp Gijon","D",0,0,0.4,0.4,1.6,1.4,1,1,1.4,0.4,1,0.6,11.4,10.6,3.6,3,2.8,1.4,7,9,1,2.4,3,3.1
"20210821-Alcorcon-Fuenlabrada",2021-08-21,"21_22","Alcorcon","Fuenlabrada","A",0,2,0.4,0.2,1.2,0.8,0,0,0.6,0.8,0.8,1.2,5.4,10,2.2,3.8,1.8,3,17,16,1,2.5,2.9,3.1
"20210821-Lugo-SociedadB",2021-08-21,"21_22","Lugo","Sociedad B","D",0,0,0.6,0.5,2.2,3,0,1,1.6,1,1,0,9.2,9,3.2,4,2.8,2,10,8,1,2.5,2.9,3.1
"20210822-Ibiza-Malaga",2021-08-22,"21_22","Ibiza","Malaga","D",2,2,0,0.2,1,0.8,0,0,0,0.6,0,0.6,10,12.2,6,4,2,2.4,13,12,1,2.5,2.9,3.1
"20210822-Eibar-Ponferradina",2021-08-22,"21_22","Eibar","Ponferradina","A",0,1,0,0.4,0,1.4,0,1,0,1.2,2,1.6,11,10.8,3,5.2,1,1.6,20,9,1,1.7,3.5,5.25
"20210822-Girona-LasPalmas",2021-08-22,"21_22","Girona","Las Palmas","D",0,0,0.8,0.4,2.6,1.4,1,0,1.2,1,0.2,1.2,11.6,11.8,5.4,3.6,2,2.6,8,13,1,1.95,3.3,4
"20210822-Huesca-Cartagena",2021-08-22,"21_22","Huesca","Cartagena","H",2,0,0.5,0.4,3,1.4,1,0,2,1.6,0,1.6,5,9.8,4,5,1,2.2,8,19,1,1.75,3,6
"20210823-Mirandes-Amorebieta",2021-08-23,"21_22","Mirandes","Amorebieta","H",2,0,0,0,0.6,0,0,0,0.4,0,1,2,10.6,13,5.2,1,1.6,2,14,19,1,2.05,3.2,3.75
"20210823-Leganes-Burgos",2021-08-23,"21_22","Leganes","Burgos","D",0,0,0.6,0,2,0,0,0,1.8,0,0.2,1,11,12,3.4,5,1.4,1,17,18,1,1.7,3.5,5.25
"20210827-LasPalmas-Huesca",2021-08-27,"21_22","Las Palmas","Huesca","H",2,1,0.4,0.666666666666667,1.6,3,0,2,1,2,0.8,0,8.4,12,2.4,5,3.6,1,14,1,0,2.9,2.9,2.7
"20210827-Malaga-Alcorcon",2021-08-27,"21_22","Malaga","Alcorcon","H",1,0,0.2,0.4,1,1.2,0,0,1,0.6,0.8,0.8,12.4,7,4,2.6,2,1.2,11,19,1,2.15,3,3.8
"20210828-SpGijon-Mirandes",2021-08-28,"21_22","Sp Gijon","Mirandes","H",2,1,0.4,0.2,1.6,1.2,0,1,0.4,0.6,0.4,0.6,10.6,10.4,3.4,5.4,0.8,0.8,11,8,1,1.75,3.4,5
"20210828-Leganes-Ibiza",2021-08-28,"21_22","Leganes","Ibiza","A",1,2,0.4,0,1.6,1,0,0,1.2,1,0.2,1,14.2,10.5,3.6,5.5,1,1.5,16,14,1,1.8,3.4,4.75
"20210828-Oviedo-Tenerife",2021-08-28,"21_22","Oviedo","Tenerife","D",0,0,0,0.2,0.6,1.2,0,0,1.4,1,2.2,1,9,12.2,4.4,3.8,3,2.8,15,11,1,2.4,3.1,3
"20210828-Ponferradina-Girona",2021-08-28,"21_22","Ponferradina","Girona","H",2,1,0.4,0.6,1.4,2.2,2,0,1,1,1.6,0.2,9,10.8,4.4,5.2,2,2.6,4,10,0,3,3.1,2.45
"20210829-Amorebieta-Almeria",2021-08-29,"21_22","Amorebieta","Almeria","H",2,1,0,0.8,0,2.4,0,4,0,2.2,2,1.2,14,12.8,1.5,3,2,1.2,22,4,0,4.33,3.3,1.9
"20210829-Lugo-Valladolid",2021-08-29,"21_22","Lugo","Valladolid","A",0,2,0.4,0.333333333333333,1.8,2,0,1,1.2,1.5,0.8,0.5,9.6,13.5,3.8,3,2.6,3.5,15,9,0,3.6,3.1,2.15
"20210829-SociedadB-Fuenlabrada",2021-08-29,"21_22","Sociedad B","Fuenlabrada","D",0,0,0.333333333333333,0.4,2,1.4,0,1,0.5,1,0,0.8,10.5,11.4,4.5,3.4,1.5,1.4,12,13,1,2.5,2.9,3.1
"20210829-Burgos-Eibar",2021-08-29,"21_22","Burgos","Eibar","A",0,1,0,0,0.5,0,0,0,0,0,0.5,1.5,8.5,15.5,2.5,6.5,1.5,2.5,17,20,0,3.4,3,2.3
"20210830-Zaragoza-Cartagena",2021-08-30,"21_22","Zaragoza","Cartagena","A",0,1,0.2,0.2,0.8,0.8,0,0,0.8,1.2,1.8,2,10.8,10.2,4,5.2,2.4,2.6,19,21,1,2.15,3.2,3.5
"20210903-Girona-SpGijon",2021-09-03,"21_22","Girona","Sp Gijon","A",1,2,0.4,0.4,1.6,1.6,0,1,1,0.6,0.6,0.6,10,13,4.4,4.4,2.8,1.2,11,3,1,2.15,2.9,4
"20210904-Eibar-Leganes",2021-09-04,"21_22","Eibar","Leganes","D",1,1,0.25,0.4,1,1.4,1,0,0.333333333333333,1.4,1,0.6,14,15.4,6,4.6,1.66666666666667,1.2,14,19,1,2.2,3,3.5
"20210904-Cartagena-SociedadB",2021-09-04,"21_22","Cartagena","Sociedad B","H",1,0,0.2,0.25,0.8,1.66666666666667,1,0,0.8,0.333333333333333,1.6,0,10,11.6666666666667,3.8,5.33333333333333,2.2,1.66666666666667,15,10,1,2.25,2.9,3.6
"20210904-Tenerife-Ponferradina",2021-09-04,"21_22","Tenerife","Ponferradina","H",2,0,0.2,0.6,1.4,2,0,3,1,1.2,0.8,1,11.6,8.2,3.8,3.2,2.4,2.2,10,2,1,1.9,3,4.75
"20210904-Almeria-Malaga",2021-09-04,"21_22","Almeria","Malaga","H",2,0,0.8,0.4,2.4,1.6,0,1,2,1.2,1,0.6,12.6,14,2.8,4.8,1,1.8,6,10,1,1.72,3.3,5.25
"20210904-Fuenlabrada-Lugo",2021-09-04,"21_22","Fuenlabrada","Lugo","D",1,1,0.4,0.4,1.6,1.6,0,0,1,1,0.6,1,10,9.4,2.4,4,1.4,2.2,12,18,1,1.9,3.1,4.5
"20210905-Ibiza-Amorebieta",2021-09-05,"21_22","Ibiza","Amorebieta","D",1,1,0.25,0.25,1.66666666666667,1,1,1,1.33333333333333,0.666666666666667,1,1.66666666666667,10,15.6666666666667,4.66666666666667,3.33333333333333,1,2.66666666666667,10,19,1,2.05,3,4.2
"20210905-Burgos-Valladolid",2021-09-05,"21_22","Burgos","Valladolid","H",3,0,0,0.5,0.333333333333333,2.33333333333333,0,2,0,1.66666666666667,0.666666666666667,0.333333333333333,9.66666666666667,10.6666666666667,3,2.33333333333333,1.33333333333333,4,21,5,0,3.75,2.9,2.2
"20210905-Mirandes-LasPalmas",2021-09-05,"21_22","Mirandes","Las Palmas","H",4,2,0.2,0.6,1,2.2,0,1,0.8,1.4,1,0.8,9.4,8.4,5,2.2,1.2,3.8,13,10,1,2.55,2.87,3.1
"20210905-Alcorcon-Zaragoza",2021-09-05,"21_22","Alcorcon","Zaragoza","A",1,2,0.2,0,0.6,0.2,0,0,0.2,0.2,1,2,8.6,11,2.6,3.8,1.8,2.8,22,21,1,2.25,2.9,3.6
"20210906-Huesca-Oviedo",2021-09-06,"21_22","Huesca","Oviedo","A",1,2,0.5,0,2,0.8,0,0,1.66666666666667,1.2,0.666666666666667,1.4,13,9.6,5.66666666666667,4.8,1,3.6,7,20,1,1.75,3.3,5.5
"20210910-SpGijon-Leganes",2021-09-10,"21_22","Sp Gijon","Leganes","H",2,1,0.6,0.2,2,1,2,0,1,1.4,0.8,0.8,14.2,14,3.8,3.6,1,1,1,21,1,2.3,2.9,3.4
"20210911-Amorebieta-Burgos",2021-09-11,"21_22","Amorebieta","Burgos","D",2,2,0.2,0.2,1,1,0,1,0.75,0.75,1.5,0.5,14.5,10.75,2.75,3.25,2,2,19,15,1,2.45,3.1,3
"20210911-SociedadB-Eibar",2021-09-11,"21_22","Sociedad B","Eibar","A",2,3,0.2,0.2,1.25,1,0,0,0.25,0.5,0.25,1,11.5,13.75,4.5,5,1.25,1.75,13,19,0,3,3,2.45
"20210911-LasPalmas-Ibiza",2021-09-11,"21_22","Las Palmas","Ibiza","D",1,1,0.4,0.2,1.6,1.5,0,0,1.2,1.25,1.2,1,9.6,13.25,2.6,7,3.6,0.75,14,9,1,2.1,3.2,3.5
"20210911-Mirandes-Alcorcon",2021-09-11,"21_22","Mirandes","Alcorcon","A",1,3,0.4,0.2,1.4,0.6,1,0,1.4,0.4,1.2,1.2,8.4,9.2,4.4,3.2,1.2,1.8,5,22,1,2.3,3.1,3.2
"20210912-Ponferradina-Almeria",2021-09-12,"21_22","Ponferradina","Almeria","H",1,0,0.6,0.8,2,2.4,0,1,1.2,2,1,0.8,8.8,11.8,2.2,2.4,2.2,1.8,4,3,0,2.9,3.3,2.4
"20210912-Oviedo-Cartagena",2021-09-12,"21_22","Oviedo","Cartagena","H",2,0,0.2,0.4,1.2,1.4,1,2,1.4,0.8,1.4,1.2,9.2,9.2,4.2,3.2,4,2.2,15,13,1,1.95,3.2,4.2
"20210912-Fuenlabrada-Zaragoza",2021-09-12,"21_22","Fuenlabrada","Zaragoza","D",1,1,0.4,0.2,1.6,0.8,0,1,1.2,0.4,0.8,1.8,10.2,12.4,2.4,3.8,1.2,2.8,14,19,1,2.37,3,3.2
"20210912-Malaga-Girona",2021-09-12,"21_22","Malaga","Girona","H",2,0,0.4,0.2,1.6,1,0,0,1.2,1,0.8,1,15.4,12,5.2,5.6,2,2.6,16,18,1,2.37,3.1,3.1
"20210912-Valladolid-Tenerife",2021-09-12,"21_22","Valladolid","Tenerife","A",0,2,0.4,0.4,1.75,1.8,0,1,1.25,1.2,1,0.6,10.5,13.6,2,3.8,3.5,2,8,4,1,2.05,3.1,3.8
"20210913-Lugo-Huesca",2021-09-13,"21_22","Lugo","Huesca","H",3,2,0.2,0.4,1.2,1.5,0,0,0.8,1.5,1,1,8.2,13,3.2,5.75,1.8,2,20,11,0,3.5,3.1,2.15
"20210917-Alcorcon-Almeria",2021-09-17,"21_22","Alcorcon","Almeria","A",0,4,0.2,0.6,0.6,1.8,1,0,0.8,1.6,1.4,1,11.4,11.4,3.6,2.4,2.4,2.2,21,4,0,3.2,3,2.37
"20210918-Ibiza-Oviedo",2021-09-18,"21_22","Ibiza","Oviedo","D",1,1,0.2,0.4,1.4,1.6,0,2,1.2,1.4,1,1,12,10.2,6.2,4,1,3.6,9,6,1,2.6,2.8,3
"20210918-Leganes-Amorebieta",2021-09-18,"21_22","Leganes","Amorebieta","H",1,0,0,0.2,0.4,1,0,0,0.6,1,1.2,1.6,13.8,14.8,4.2,3.2,1.6,2,22,20,1,1.65,3.5,6
"20210918-Zaragoza-SociedadB",2021-09-18,"21_22","Zaragoza","Sociedad B","D",1,1,0.2,0.2,1,1,0,0,0.6,0.6,1,0.8,13,11.2,4.4,5,2.8,1.4,19,18,1,1.9,3.2,4.33
"20210918-Girona-Valladolid",2021-09-18,"21_22","Girona","Valladolid","H",1,0,0.2,0.4,0.8,1.4,0,0,0.8,1,1.2,1.2,11.6,11.6,5.6,2.8,3.2,3.4,20,9,1,2.45,3,3
"20210918-Cartagena-Lugo",2021-09-18,"21_22","Cartagena","Lugo","H",2,1,0.4,0.2,1.2,1.2,0,1,0.6,1.2,1.4,1.4,8.6,10.8,3.2,3.8,2.4,1.6,16,15,1,2.2,2.9,3.6
"20210919-Huesca-Fuenlabrada",2021-09-19,"21_22","Huesca","Fuenlabrada","D",0,0,0.4,0.2,1.2,1.2,0,0,1.6,1,1.4,0.8,11.6,11,5.2,3,1.8,1.6,13,14,1,1.83,3.3,4.75
"20210919-Ponferradina-Malaga",2021-09-19,"21_22","Ponferradina","Malaga","H",4,0,0.8,0.4,2.4,1.6,1,1,1,1,0.6,0.8,8.6,15.4,2.6,3.8,2.6,2.6,3,8,1,2.37,3,3.2
"20210919-Eibar-SpGijon",2021-09-19,"21_22","Eibar","Sp Gijon","H",3,2,0.4,0.8,1.4,2.6,1,3,1,1.4,1.2,0.6,13.2,14,4.4,3,1.8,1,13,2,1,2.1,2.9,4
"20210919-Tenerife-Mirandes",2021-09-19,"21_22","Tenerife","Mirandes","A",1,2,0.6,0.4,2.2,1.4,2,0,1.2,1.6,0.2,1.4,12.6,9.2,3.8,4.8,2.4,2,4,11,1,1.7,3.25,5.5
"20210920-Burgos-LasPalmas",2021-09-20,"21_22","Burgos","Las Palmas","D",0,0,0.2,0.2,1,1.2,0,0,1,1.2,0.8,1.4,10.4,10.6,3.2,3.8,2,3.4,19,15,1,2.45,3,3
"20210924-SociedadB-Huesca",2021-09-24,"21_22","Sociedad B","Huesca","A",0,2,0,0.2,0.6,0.8,0,0,0.6,1.2,1,1.4,10,11.8,4.6,5.6,2.8,2.6,17,11,0,3.1,2.9,2.37
"20210924-Almeria-Tenerife",2021-09-24,"21_22","Almeria","Tenerife","H",3,1,0.6,0.4,1.8,1.6,1,0,1.8,1,0.8,0.4,10.2,13.2,2.2,4.2,2.2,2.8,3,4,1,2.1,3.2,3.6
"20210925-Amorebieta-Eibar",2021-09-25,"21_22","Amorebieta","Eibar","D",1,1,0.2,0.6,1,2,0,2,1,1.6,1.4,1.2,14.2,13.8,4,5.6,1.6,2.6,21,9,0,4.5,3,1.85
"20210925-LasPalmas-Ponferradina",2021-09-25,"21_22","Las Palmas","Ponferradina","H",2,1,0.2,0.8,1.2,2.4,0,2,1,1.6,1.2,0.6,11,9.4,4.2,4,3.2,2.4,13,2,1,1.95,3,4
"20210925-Ibiza-Burgos",2021-09-25,"21_22","Ibiza","Burgos","H",2,0,0.2,0.2,1.4,1.2,0,0,1.4,1,1.2,0.6,12,9.8,6,2.4,1,2,11,16,1,2.1,2.9,3.8
"20210926-Mirandes-Leganes",2021-09-26,"21_22","Mirandes","Leganes","A",1,2,0.6,0.2,1.8,1,1,1,2,0.8,1.6,1,10.4,13.8,3.6,4.4,2.4,1.2,8,21,0,2.7,2.9,2.7
"20210926-SpGijon-Malaga",2021-09-26,"21_22","Sp Gijon","Malaga","H",2,1,0.6,0.4,2,1.4,0,0,1.6,1,1.2,1.6,13,12.4,3.8,3,1.4,3.4,3,14,1,1.8,3.2,4.5
"20210926-Oviedo-Girona",2021-09-26,"21_22","Oviedo","Girona","D",0,0,0.4,0.2,1.6,0.8,0,1,1.2,0.6,0.8,1.2,10.6,11.4,4.2,5.4,3,3,10,14,1,2.6,2.9,2.75
"20210926-Lugo-Zaragoza",2021-09-26,"21_22","Lugo","Zaragoza","D",1,1,0.2,0.2,1,1,0,0,1,0.8,1.4,1.2,10.2,14.6,4.2,6,1.2,3,17,18,0,2.75,3,2.62
"20210926-Valladolid-Alcorcon",2021-09-26,"21_22","Valladolid","Alcorcon","H",2,0,0.4,0.2,1.2,0.6,0,0,0.8,0.8,1.2,2,11.4,11.2,2.8,3.2,3,2.6,18,22,1,1.72,3.4,5
"20210927-Fuenlabrada-Cartagena",2021-09-27,"21_22","Fuenlabrada","Cartagena","H",2,1,0.2,0.6,1.4,1.8,0,1,0.8,0.8,0.4,1,11.4,9.2,2.8,3.6,2,2.6,16,12,1,1.9,3,4.33
"20211001-Ponferradina-Valladolid",2021-10-01,"21_22","Ponferradina","Valladolid","D",2,2,0.6,0.4,1.8,1.2,0,1,1.6,0.8,1,1.2,11.8,13,4.4,4.2,2.4,2.8,3,12,0,3.5,3.1,2.2
"20211002-Amorebieta-SpGijon",2021-10-02,"21_22","Amorebieta","Sp Gijon","D",1,1,0.2,0.8,1.2,2.4,0,1,1.2,2,1.2,1.4,13.4,17,4.2,4.4,2,2.2,21,2,0,3.5,3,2.3
"20211002-Huesca-Tenerife",2021-10-02,"21_22","Huesca","Tenerife","A",1,2,0.2,0.4,0.8,1.4,1,0,1.2,1.2,1.4,1,10.4,12.8,5.4,3.8,3.2,3.2,8,5,1,1.95,3.25,4.33
"20211002-Zaragoza-Oviedo",2021-10-02,"21_22","Zaragoza","Oviedo","D",0,0,0.2,0.4,1.2,1.8,0,0,1,1,1,0.4,14.8,12.4,5.8,5,2.4,3.2,18,9,1,2.25,2.9,3.8
"20211002-Alcorcon-SociedadB",2021-10-02,"21_22","Alcorcon","Sociedad B","A",1,4,0.2,0,0.6,0.4,0,0,0.8,0.6,2,1.4,10,11,2.6,4.8,2.8,2.8,22,21,1,2.25,3,3.6
"20211003-Eibar-Ibiza",2021-10-03,"21_22","Eibar","Ibiza","H",3,1,0.6,0.4,2.2,1.8,0,1,1.8,1.4,1.2,0.8,11.8,12.8,4.6,6,1.8,1.2,8,5,1,1.72,3.4,5.5
"20211003-Malaga-Fuenlabrada",2021-10-03,"21_22","Malaga","Fuenlabrada","H",1,0,0.4,0.2,1.2,1.4,0,1,0.8,0.8,1.6,0.6,11.6,11.8,3.2,3.2,4.4,3,18,10,1,2.45,3,3.2
"20211003-Burgos-Mirandes",2021-10-03,"21_22","Burgos","Mirandes","H",1,0,0.2,0.4,1,1.2,0,0,1,1.8,1,2,10.8,9.8,3,3,2.2,2.6,21,11,1,2.2,3.1,3.6
"20211003-LasPalmas-Cartagena",2021-10-03,"21_22","Las Palmas","Cartagena","H",4,1,0.4,0.6,1.6,1.8,1,0,1.4,1,1.4,1,12.8,9.4,4.6,3.2,2.6,4,13,16,1,2,3.2,4.2
"20211003-Leganes-Lugo",2021-10-03,"21_22","Leganes","Lugo","D",1,1,0.4,0.2,1.4,1,2,0,1.2,1.2,1.2,1.6,11.6,11.4,4.6,3.6,1.8,1.2,17,20,1,1.57,3.6,7
"20211004-Girona-Almeria",2021-10-04,"21_22","Girona","Almeria","A",1,2,0.2,0.6,0.8,1.8,0,2,0.6,2,1.2,0.8,11.8,10.4,5.2,2.8,2.8,2.4,18,3,1,2.45,3.1,3.1
"20211008-Valladolid-Malaga",2021-10-08,"21_22","Valladolid","Malaga","D",1,1,0.2,0.4,0.8,1.2,0,1,0.8,0.8,1.6,1.6,13.4,10.4,4.6,3.2,2.4,4,9,10,1,1.66,3.5,5.75
"20211009-Mirandes-Eibar",2021-10-09,"21_22","Mirandes","Eibar","D",3,3,0.4,0.6,1.2,2.2,0,1,1.6,2.2,1.8,1.4,11.4,11.6,3.6,4.2,2.4,1.8,14,6,0,4,3.1,2
"20211009-Lugo-Girona",2021-10-09,"21_22","Lugo","Girona","H",1,0,0.2,0.2,1.2,0.8,0,0,1.4,0.6,1.4,1.2,10.4,11.4,2.8,5,1.6,2.4,18,19,0,2.87,3.1,2.62
"20211009-Oviedo-SpGijon",2021-10-09,"21_22","Oviedo","Sp Gijon","D",1,1,0.4,0.6,1.8,2,0,0,1,1.8,0.4,1.4,11.8,15.2,4,4.2,3.6,2.4,9,2,1,2.5,3.1,3
"20211009-Almeria-LasPalmas",2021-10-09,"21_22","Almeria","Las Palmas","D",1,1,0.8,0.4,2.4,1.6,3,2,2.2,1.8,0.6,1.4,12,13.4,3.4,5,2.6,2.8,1,6,1,1.75,3.5,5
"20211010-SociedadB-Ponferradina",2021-10-10,"21_22","Sociedad B","Ponferradina","D",1,1,0.2,0.4,0.8,1.4,1,0,1.4,1.6,1.6,1.2,10.2,12,4,5.4,2.4,1.8,15,3,1,2.37,3.1,3.2
"20211010-Cartagena-Ibiza",2021-10-10,"21_22","Cartagena","Ibiza","H",5,1,0.4,0.2,1.2,1.2,0,0,1,1.2,1.8,1.2,10.2,13.6,3.6,7.6,4.4,1.2,18,10,1,2.37,3.2,3.2
"20211010-Alcorcon-Burgos",2021-10-10,"21_22","Alcorcon","Burgos","H",1,0,0.2,0.4,0.6,1.6,0,1,1,1.2,2.6,0.8,10.8,9.8,3.2,2.6,3,2.2,22,17,1,2.45,3,3.25
"20211010-Fuenlabrada-Leganes",2021-10-10,"21_22","Fuenlabrada","Leganes","H",2,1,0.2,0.4,1.2,1.6,0,0,0.8,1.2,0.8,1,13.6,11.2,4.6,4.4,3,2,15,17,1,2.5,3,3.1
"20211010-Tenerife-Amorebieta",2021-10-10,"21_22","Tenerife","Amorebieta","H",2,1,0.6,0,1.8,0.8,1,0,1.6,1,1.2,1.2,13.2,11.8,3.8,3.6,3.4,1.6,6,21,1,1.57,3.6,7
"20211011-Zaragoza-Huesca",2021-10-11,"21_22","Zaragoza","Huesca","D",0,0,0.2,0.2,1.4,0.8,0,0,1,1.2,0.8,1.4,15.2,9.4,6.4,5.4,2.4,3.4,19,15,1,2.4,3,3.1
"20211015-Eibar-Almeria",2021-10-15,"21_22","Eibar","Almeria","H",1,0,0.6,0.6,2.2,2,0,0,2.6,2,1.8,0.8,13.4,13.6,5.2,5,1.6,2.2,5,1,1,2.37,3.25,3.1
"20211016-Amorebieta-Cartagena",2021-10-16,"21_22","Amorebieta","Cartagena","A",2,3,0,0.4,0.6,1.2,0,1,1,1.8,1.4,2,12,11,5.2,3.8,2,4.4,21,10,0,2.8,2.87,2.8
"20211016-Girona-Huesca",2021-10-16,"21_22","Girona","Huesca","A",1,3,0.2,0.2,0.8,1,0,0,0.4,1,1,1,9,8.4,4.4,6,3.2,3,20,12,1,2.62,2.9,2.9
"20211016-LasPalmas-Tenerife",2021-10-16,"21_22","Las Palmas","Tenerife","H",2,1,0.4,0.6,1.8,1.8,0,2,1.6,1.6,0.8,1.4,12.6,11.4,4.4,3.8,3,4.4,8,5,1,2.55,2.87,3.1
"20211016-Malaga-Zaragoza",2021-10-16,"21_22","Malaga","Zaragoza","D",1,1,0.4,0,1.4,1,0,0,1,0.6,1.4,0.6,8.8,14,3.2,6.6,4,2.4,12,19,0,2.8,3,2.75
"20211016-SpGijon-Alcorcon",2021-10-16,"21_22","Sp Gijon","Alcorcon","H",1,0,0.4,0.4,1.6,1.2,0,1,1.6,1,1.4,2.2,13.8,11.6,4.6,3.8,2.6,2.8,2,22,1,1.66,3.5,6
"20211017-Ibiza-Mirandes",2021-10-17,"21_22","Ibiza","Mirandes","A",0,2,0.2,0.2,1,0.8,0,0,1.2,1.4,2,2,10.6,12.2,6.2,3.6,1.8,2.2,16,14,1,1.95,3.2,4.2
"20211017-Ponferradina-Fuenlabrada",2021-10-17,"21_22","Ponferradina","Fuenlabrada","D",0,0,0.4,0.4,1.6,1.6,0,1,1.8,1,1,0.8,11.4,13.6,5.6,4.8,2.2,3.4,4,10,1,2.62,2.9,3.1
"20211017-Leganes-Valladolid",2021-10-17,"21_22","Leganes","Valladolid","A",0,2,0.4,0.2,1.4,1,0,0,1.2,1,1.2,1.2,11.2,15,4.2,6,2,2.8,19,13,1,2.2,3.1,3.75
"20211017-SociedadB-Oviedo",2021-10-17,"21_22","Sociedad B","Oviedo","D",1,1,0.2,0.2,1,1.4,0,0,1.6,0.8,1.6,0.4,9.6,12.4,4.4,3.8,2.8,3.6,16,11,0,3.25,3.1,2.37
"20211017-Burgos-Lugo",2021-10-17,"21_22","Burgos","Lugo","D",1,1,0.2,0.4,1,1.6,0,1,0.6,1.4,1,1.2,7.6,11.8,3,3.8,2,1.8,18,15,1,2.1,3.1,4
"20211019-Cartagena-SpGijon",2021-10-19,"21_22","Cartagena","Sp Gijon","H",1,0,0.6,0.4,1.8,1.6,2,1,2.4,1.4,2,1.2,11.2,14.8,3.2,5.4,4,3,9,1,0,2.9,2.9,2.8
"20211019-Huesca-Malaga",2021-10-19,"21_22","Huesca","Malaga","D",0,0,0.4,0.2,1.6,1,1,0,1.2,0.8,0.6,1.6,9.2,8.8,5.6,4.2,3.8,4,9,13,1,1.85,3.2,5
"20211019-Tenerife-Eibar",2021-10-19,"21_22","Tenerife","Eibar","A",0,1,0.4,0.6,1.2,2.2,0,1,1.4,2.2,1.8,1.4,11,13,3.6,5,4.4,1.8,6,4,1,2.37,3,3.3
"20211020-Fuenlabrada-Amorebieta",2021-10-20,"21_22","Fuenlabrada","Amorebieta","D",0,0,0.4,0,1.6,0.4,0,0,0.8,1,0.6,1.6,12.4,12.6,4.4,5.6,3.6,1.8,11,21,1,1.61,3.6,6.5
"20211020-Valladolid-Ibiza",2021-10-20,"21_22","Valladolid","Ibiza","D",1,1,0.4,0.2,1.6,0.8,1,0,1.4,1,0.8,2.2,14.2,12.2,5.2,6.6,2.4,1.8,9,16,1,1.75,3.4,5.25
"20211020-Alcorcon-Leganes",2021-10-20,"21_22","Alcorcon","Leganes","D",3,3,0.2,0.4,0.6,1.4,0,0,0.4,1,2.2,1.2,10.4,11,4.6,4,3.2,2,22,19,0,3.2,2.87,2.5
"20211020-Lugo-LasPalmas",2021-10-20,"21_22","Lugo","Las Palmas","H",2,0,0.2,0.6,1.2,2.2,0,1,1,1.8,1,0.8,10.8,12,4.2,3.6,2.2,3,14,6,0,3.3,2.9,2.37
"20211021-Almeria-SociedadB",2021-10-21,"21_22","Almeria","Sociedad B","H",3,1,0.6,0.2,2,1.2,0,0,2,1.4,0.8,1.2,14.4,9.4,5.4,3.2,2.6,2.8,3,16,1,1.5,4,7.5
"20211021-Zaragoza-Ponferradina",2021-10-21,"21_22","Zaragoza","Ponferradina","D",1,1,0,0.2,1,1.2,0,0,0.6,1.6,0.6,1,12.4,11.6,5,5.4,2.4,1.8,18,4,1,2.15,3,3.8
"20211021-Mirandes-Girona",2021-10-21,"21_22","Mirandes","Girona","A",1,2,0.4,0.2,1.4,0.8,1,0,1.6,0.6,1.4,1.2,10.4,10.8,2.6,5.8,2,3,12,20,1,2.3,3.2,3.25
"20211021-Oviedo-Burgos",2021-10-21,"21_22","Oviedo","Burgos","A",1,3,0,0.2,1,1,0,0,0.6,0.4,0.6,0.8,10.8,8.2,4.2,3.2,3.4,2.2,14,19,1,2.25,3,3.6
"20211022-Eibar-Cartagena",2021-10-22,"21_22","Eibar","Cartagena","H",2,1,0.6,0.6,2.2,1.8,2,3,1.8,2.2,1,1.8,12.2,12.2,3.8,4.6,1,3.4,2,5,1,1.6,3.6,6
"20211023-Ibiza-Fuenlabrada",2021-10-23,"21_22","Ibiza","Fuenlabrada","H",3,1,0.2,0.4,0.8,1.6,0,0,1,0.8,2.2,0.6,11.4,11.4,6,5.2,2.2,3.6,16,10,1,2,3.2,4
"20211023-SpGijon-Valladolid",2021-10-23,"21_22","Sp Gijon","Valladolid","A",1,2,0.4,0.4,1.6,1.8,0,0,1,1.6,0.8,0.8,14.4,16,4.6,7,3.2,2.4,3,8,1,2.45,3,3.1
"20211023-Malaga-Lugo",2021-10-23,"21_22","Malaga","Lugo","H",1,0,0.2,0.4,1.2,1.8,0,1,0.8,1.2,0.8,0.6,9,10,4.8,4,3.4,3.2,14,10,1,1.85,3.3,4.5
"20211023-Leganes-Tenerife",2021-10-23,"21_22","Leganes","Tenerife","A",1,2,0.2,0.4,1,1.2,0,0,1.4,1.2,1.8,1.6,13.4,10.6,4.4,3.6,2.4,4.6,20,8,1,1.9,3.1,4.5
"20211024-Mirandes-Almeria",2021-10-24,"21_22","Mirandes","Almeria","A",1,4,0.2,0.6,0.8,2,0,1,1.4,1.8,1.6,1,11,14.4,3,6.4,2,2.2,16,2,0,3.4,3.1,2.25
"20211024-Ponferradina-Oviedo",2021-10-24,"21_22","Ponferradina","Oviedo","A",1,2,0,0,0.8,0.8,0,0,1,0.6,1.2,1,11.4,10.8,3.6,4.8,2.4,3.2,6,16,0,3.1,3,2.5
"20211024-Amorebieta-SociedadB",2021-10-24,"21_22","Amorebieta","Sociedad B","A",1,2,0,0.2,0.6,1,0,0,1,1.4,1.4,1.6,13,11,5.8,4.2,1.8,1,21,17,1,2.6,3,2.9
"20211024-LasPalmas-Alcorcon",2021-10-24,"21_22","Las Palmas","Alcorcon","H",3,0,0.6,0.2,2,0.8,0,0,1.8,1,1.2,2,12.2,10.2,2.8,4,3.6,3.2,8,22,1,1.6,3.4,7
"20211024-Burgos-Huesca",2021-10-24,"21_22","Burgos","Huesca","H",3,1,0.4,0.4,1.4,1.6,1,0,1,1.2,1,0.6,7.8,10.4,3.8,5.2,2.4,3.8,15,10,1,2.5,3.1,3
"20211025-Girona-Zaragoza",2021-10-25,"21_22","Girona","Zaragoza","D",1,1,0.2,0,0.8,1,1,0,0.8,0.6,1.4,0.6,11.2,11.2,6,5.2,3,2.6,19,18,1,2,3.2,4
"20211029-Almeria-Leganes",2021-10-29,"21_22","Almeria","Leganes","H",1,0,0.6,0,2,0.4,2,0,2,1.2,1,2,13.4,12.8,5.4,4,2.4,2,1,20,1,1.72,3.5,5
"20211029-SociedadB-LasPalmas",2021-10-29,"21_22","Sociedad B","Las Palmas","A",0,1,0.4,0.6,1.6,2,1,1,1.8,2,1.4,1,9.8,14.2,3.8,4,1.2,3,16,4,1,2.6,3.1,2.87
"20211030-Huesca-Amorebieta",2021-10-30,"21_22","Huesca","Amorebieta","D",1,1,0.2,0,1,0.4,0,0,1,1,1.2,1.6,9.8,13.2,5.6,6.4,3.4,1.2,12,21,1,1.61,3.6,6.5
"20211030-Lugo-SpGijon",2021-10-30,"21_22","Lugo","Sp Gijon","D",1,1,0.4,0.2,1.6,1,0,0,1,0.8,0.6,1,8.2,12.8,4,4.8,3.4,2.8,13,4,0,3.1,3.1,2.5
"20211030-Cartagena-Ponferradina",2021-10-30,"21_22","Cartagena","Ponferradina","A",0,1,0.6,0,1.8,0.8,0,0,2.2,1,1.8,1.2,12.2,11.6,5.8,3.8,2.2,2.4,8,6,1,2,3.2,4.2
"20211031-Zaragoza-Mirandes",2021-10-31,"21_22","Zaragoza","Mirandes","D",1,1,0,0.2,1,0.8,0,0,0.6,1.4,0.6,2,10.6,11.2,5.4,2.8,2.8,2.2,18,16,1,1.72,3.5,5.5
"20211031-Valladolid-Eibar",2021-10-31,"21_22","Valladolid","Eibar","H",2,0,0.4,0.8,1.8,2.6,1,3,1.6,2,1,1,14.2,12.8,6.6,4.2,2.8,1.4,7,2,1,2.35,3.1,3.2
"20211031-Oviedo-Malaga",2021-10-31,"21_22","Oviedo","Malaga","H",2,1,0.2,0.4,1.2,1.8,1,1,1,0.8,1.2,0.4,10.2,12.2,4.2,6.2,2.4,2.2,12,9,1,2.2,3.1,3.6
"20211031-Fuenlabrada-Girona",2021-10-31,"21_22","Fuenlabrada","Girona","A",1,2,0.2,0.2,1,0.8,0,0,0.6,1,1,1.6,11.4,12.4,5.2,5.4,3.4,3.2,14,19,1,2.7,3,2.75
"20211101-Alcorcon-Ibiza",2021-11-01,"21_22","Alcorcon","Ibiza","A",0,2,0.2,0.2,0.8,0.8,0,1,1,1.2,2.2,2.4,8.6,9.8,4.4,6,3.4,2.6,22,16,0,3,3.2,2.37
"20211101-Tenerife-Burgos",2021-11-01,"21_22","Tenerife","Burgos","H",4,0,0.6,0.6,1.8,2,1,2,1.4,1.6,1.2,0.8,9.4,7.6,3.2,3.6,4.6,2.2,7,12,1,1.8,3.2,5.5
"20211102-Ponferradina-Huesca",2021-11-02,"21_22","Ponferradina","Huesca","D",1,1,0.2,0.2,1.2,1.2,1,0,0.8,1,0.8,1,12,9.8,3.2,5.4,1.8,3.4,6,12,1,2.6,2.9,3
"20211102-SpGijon-Almeria",2021-11-02,"21_22","Sp Gijon","Almeria","A",0,1,0.2,0.6,1,2,0,3,0.8,1.8,1,0.8,14.2,12.8,5,5.4,2.8,2,7,1,1,2.5,3.2,2.8
"20211102-Leganes-Cartagena",2021-11-02,"21_22","Leganes","Cartagena","D",1,1,0,0.6,0.2,1.8,0,0,1,2,2,1.2,13.8,12.4,4.4,6.6,2,1.2,20,10,1,1.83,3.1,5
"20211103-Mirandes-Lugo",2021-11-03,"21_22","Mirandes","Lugo","H",3,2,0.2,0.4,1,1.6,0,0,1.6,1,2,0.6,12.2,10.2,2.2,5.8,2.2,3.2,15,13,1,2.05,3.1,3.8
"20211103-Amorebieta-Valladolid",2021-11-03,"21_22","Amorebieta","Valladolid","H",4,1,0,0.6,0.4,2.2,0,2,1,1.6,1.6,0.6,12.2,14.4,7.2,6.6,1,2.4,21,6,0,4.5,3.25,1.9
"20211103-LasPalmas-Fuenlabrada",2021-11-03,"21_22","Las Palmas","Fuenlabrada","H",2,1,0.6,0.2,2,1,2,0,1.4,0.8,0.8,1.2,12.8,11,4.6,4.6,2.6,4.4,4,15,1,1.83,3.1,5.5
"20211103-Eibar-Oviedo",2021-11-03,"21_22","Eibar","Oviedo","H",1,0,0.6,0.4,2,1.6,0,2,1.4,1.4,1.2,1.4,13.6,12.4,4.4,5.4,1.6,1.6,3,8,1,1.9,3.1,5
"20211104-Burgos-Zaragoza",2021-11-04,"21_22","Burgos","Zaragoza","A",0,1,0.4,0,1.4,1,0,0,1.4,0.8,1.6,0.8,8,9.2,3.8,4.6,2.2,3.2,15,19,0,2.8,3,2.7
"20211104-Girona-Alcorcon",2021-11-04,"21_22","Girona","Alcorcon","H",3,1,0.4,0.2,1.4,0.8,1,0,1.2,0.8,1.4,1.8,12.8,6.8,5.6,4,4.2,2.8,18,22,1,1.65,3.6,6
"20211104-Ibiza-Tenerife",2021-11-04,"21_22","Ibiza","Tenerife","D",0,0,0.4,0.6,1.4,1.8,2,2,1.4,1.8,1.8,1,9.2,10.8,5,3.4,2.8,4.4,11,4,1,2.45,3.1,3.1
"20211104-Malaga-SociedadB",2021-11-04,"21_22","Malaga","Sociedad B","H",2,1,0.2,0.2,1.2,1,0,0,0.8,1,0.8,1.4,11.6,9.6,5.4,4.8,1.8,1.4,14,19,1,1.72,3.4,5.25
"20211105-Huesca-Leganes",2021-11-05,"21_22","Huesca","Leganes","A",0,2,0.2,0,1.2,0.4,0,0,1.2,1,1.2,1.8,9.4,15.6,3.8,5.4,3.2,1.8,14,21,1,2.75,3,2.8
"20211106-Lugo-Ponferradina",2021-11-06,"21_22","Lugo","Ponferradina","A",1,2,0.2,0.2,1,1.2,0,0,1.2,0.8,1.2,0.8,10.6,13.6,5.2,4.8,3.2,1.8,15,5,1,2.45,3.1,3.1
"20211106-Oviedo-LasPalmas",2021-11-06,"21_22","Oviedo","Las Palmas","D",1,1,0.4,0.8,1.4,2.4,0,3,1.2,1.6,1.4,0.8,12,13.6,6,5.2,0.8,2.6,9,3,1,2.05,3.2,4
"20211106-Valladolid-Mirandes",2021-11-06,"21_22","Valladolid","Mirandes","H",3,1,0.6,0.4,2,1.4,0,1,1.6,1.6,1.2,1.8,14.6,12.8,7,2.2,1.6,2.4,6,12,1,1.6,3.6,6.5
"20211106-Fuenlabrada-Eibar",2021-11-06,"21_22","Fuenlabrada","Eibar","D",0,0,0,0.8,0.4,2.4,0,1,0.6,1,1.4,0.6,9.6,10.8,4.4,3.8,5.2,1.4,18,3,0,3,3,2.5
"20211107-Alcorcon-Amorebieta",2021-11-07,"21_22","Alcorcon","Amorebieta","D",2,2,0,0.2,0.2,1,0,1,0.8,1.6,2.4,1.4,7.4,11.6,3.4,6.2,3.2,1.2,22,21,1,2.4,3.1,3.25
"20211107-Zaragoza-SpGijon",2021-11-07,"21_22","Zaragoza","Sp Gijon","H",2,0,0.2,0.2,1.4,0.8,1,0,1,0.6,0.8,1,9.2,14.6,3.8,4.6,3.4,2.6,15,7,1,2.45,3.1,3.1
"20211107-Almeria-Burgos",2021-11-07,"21_22","Almeria","Burgos","H",2,0,0.8,0.4,2.4,1.4,4,0,1.8,1.4,0.6,1.6,12.8,9.4,4.2,3.8,2,2,1,17,1,1.45,3.75,10
"20211107-Cartagena-Malaga",2021-11-07,"21_22","Cartagena","Malaga","H",3,1,0.4,0.4,1.4,1.6,0,1,1.2,1,1.2,0.8,9.8,11.6,6,5.2,1.8,1.4,12,9,1,2.3,3.1,3.3
"20211107-SociedadB-Ibiza",2021-11-07,"21_22","Sociedad B","Ibiza","A",0,1,0.2,0.4,0.8,1.6,0,0,1,1.2,1.6,0.8,10.6,9.4,4.8,3.8,1.4,2.6,19,12,1,2.62,3.1,2.9
"20211108-Tenerife-Girona",2021-11-08,"21_22","Tenerife","Girona","H",2,1,0.4,0.6,1.4,2,0,2,1.4,1.8,0.8,1.4,11.2,14.4,3,6,3.2,3.4,6,13,1,2.45,3.2,3.1
"20211112-SpGijon-SociedadB",2021-11-12,"21_22","Sp Gijon","Sociedad B","A",0,1,0,0.2,0.2,0.6,0,0,0.4,0.8,1.4,1.6,14.4,10,4.2,5.2,2.8,1.4,8,20,1,1.72,3.4,5.25
"20211113-Valladolid-Fuenlabrada",2021-11-13,"21_22","Valladolid","Fuenlabrada","H",3,0,0.6,0,2,0.4,1,0,1.8,0.6,1.4,1.4,15.8,10.2,6.6,4.4,1.4,4.2,6,18,1,1.57,3.8,6.5
"20211113-Eibar-Alcorcon",2021-11-13,"21_22","Eibar","Alcorcon","H",2,1,0.6,0,2,0.4,0,0,0.8,1.2,0.6,2.6,11,8.4,4.2,3.2,1.2,2.4,3,22,1,1.44,4.2,7.5
"20211113-Mirandes-Huesca",2021-11-13,"21_22","Mirandes","Huesca","A",0,1,0.2,0,0.8,0.6,0,0,1.4,0.6,2.4,1.4,14,9.6,2.4,4.8,2.4,3,14,15,0,3.1,3.2,2.37
"20211113-LasPalmas-Zaragoza",2021-11-13,"21_22","Las Palmas","Zaragoza","A",2,3,0.6,0.4,2,1.8,0,2,1.4,1.2,0.8,0.6,14.4,9.8,5.6,3.8,2.2,3.4,5,13,1,2.05,3.25,3.7
"20211114-Amorebieta-Lugo",2021-11-14,"21_22","Amorebieta","Lugo","A",1,3,0.2,0.2,1.2,0.8,0,0,1.6,1.2,1.2,1.4,8.6,9.4,5.2,4.6,1.4,2.8,21,17,1,2,3.25,4
"20211114-Girona-Cartagena",2021-11-14,"21_22","Girona","Cartagena","H",2,0,0.6,0.4,2,1.4,0,1,1.8,1.2,1.2,1,13.2,10.6,4.4,6.8,3,1.8,15,9,1,1.72,3.5,5
"20211114-Ibiza-Almeria",2021-11-14,"21_22","Ibiza","Almeria","A",0,1,0.6,1,2.2,3,1,5,1.4,2.2,0.4,0.4,8.2,13,3.4,4.6,2.4,2,8,1,0,3.5,3.3,2.1
"20211114-Burgos-Ponferradina",2021-11-14,"21_22","Burgos","Ponferradina","H",1,0,0.4,0.4,1.2,1.6,0,1,1.2,1.2,1.8,1,8.8,15.2,3.6,5.4,2.6,2.2,18,6,1,2.4,3.2,3.1
"20211114-Leganes-Oviedo",2021-11-14,"21_22","Leganes","Oviedo","D",0,0,0.2,0.4,1,1.4,1,0,1.4,1.2,1.4,1.4,14.2,12,5.8,5,2,1.4,20,13,1,2,3.2,3.9
"20211115-Malaga-Tenerife",2021-11-15,"21_22","Malaga","Tenerife","H",1,0,0.4,0.6,1.4,2,0,1,1,1.6,1.2,0.6,10.8,12.2,5.2,2.6,1.8,2.8,14,4,1,2.5,3.1,3
"20211119-Fuenlabrada-Mirandes",2021-11-19,"21_22","Fuenlabrada","Mirandes","D",1,1,0,0.2,0.2,0.8,0,0,0.6,1.2,2,2.2,9.4,14.2,3.4,2.6,4.4,2,19,17,1,2.1,3.2,3.6
"20211120-Oviedo-Amorebieta",2021-11-20,"21_22","Oviedo","Amorebieta","H",2,0,0.4,0.2,1.6,1,0,0,1,1.8,0.8,1.8,11,8.8,4.4,4.6,2,2,12,21,1,1.8,3.25,5.25
"20211120-Malaga-LasPalmas",2021-11-20,"21_22","Malaga","Las Palmas","H",2,1,0.6,0.6,1.8,2,1,0,1.2,1.8,1.2,1,11,15,4.6,7.6,2.4,1.6,8,5,1,2.62,3.1,2.87
"20211120-Almeria-Valladolid",2021-11-20,"21_22","Almeria","Valladolid","H",3,1,1,0.8,3,2.4,6,2,1.8,2.2,0.2,1.2,12.6,14.8,4.4,5.6,2.6,1.4,1,3,1,2.05,3.2,3.9
"20211121-Cartagena-Burgos",2021-11-21,"21_22","Cartagena","Burgos","H",1,0,0.2,0.4,0.8,1.2,0,1,1,0.8,1.4,1.6,9.4,9.8,4,3.6,2.4,2.4,11,16,1,1.95,3.2,4.2
"20211121-Tenerife-Alcorcon",2021-11-21,"21_22","Tenerife","Alcorcon","H",1,0,0.6,0,2,0.2,0,0,1.6,0.8,0.6,2.4,12.4,9.4,2.4,3.2,2,2.2,5,22,1,1.44,4.1,8
"20211121-Lugo-Eibar",2021-11-21,"21_22","Lugo","Eibar","D",2,2,0.2,0.6,0.8,2,1,1,1.4,1,1.6,0.8,10,11.2,5,4.2,2.6,1.2,15,2,0,3.6,3.1,2.15
"20211121-Huesca-Ibiza",2021-11-21,"21_22","Huesca","Ibiza","D",0,0,0.2,0.6,1,2,1,0,0.8,1.2,1.4,0.4,9.8,9.4,5,4,2.8,2,14,10,1,2,3.2,4
"20211121-Ponferradina-SpGijon",2021-11-21,"21_22","Ponferradina","Sp Gijon","H",4,1,0.4,0,1.4,0.2,0,0,1,0.4,1,1.4,15.4,14.2,6.4,4.4,1.8,2.4,6,11,1,2.45,3.1,3
"20211122-SociedadB-Girona",2021-11-22,"21_22","Sociedad B","Girona","A",1,2,0.4,0.6,1.2,2,1,1,0.8,1.8,1,1,10,14,5,4.6,1.6,2.8,18,14,1,2.62,3,2.87
"20211122-Zaragoza-Leganes",2021-11-22,"21_22","Zaragoza","Leganes","A",0,2,0.6,0.2,2.2,1,3,0,1.6,0.8,0.8,0.8,9.4,13.4,2.6,6.6,3,1.8,12,20,1,2.45,3.1,3.1
"20211126-Alcorcon-Lugo",2021-11-26,"21_22","Alcorcon","Lugo","D",1,1,0,0.2,0.2,1,0,0,0.8,1.8,2,1.8,11.2,10.6,3.8,5.2,2.6,2.8,22,15,1,2.2,3.2,3.5
"20211126-Mirandes-Oviedo",2021-11-26,"21_22","Mirandes","Oviedo","D",1,1,0.2,0.4,1,1.6,0,1,1.2,1,1.6,0.6,15.4,12,4.2,4.8,2.2,2,16,9,0,2.87,3.1,2.62
"20211127-Burgos-Malaga",2021-11-27,"21_22","Burgos","Malaga","H",3,0,0.2,0.6,0.6,1.8,0,2,0.2,1.4,1.6,1.4,10.2,8.8,3.4,3.2,2.2,2.6,17,7,1,2.7,3,2.8
"20211127-Almeria-Huesca",2021-11-27,"21_22","Almeria","Huesca","D",0,0,1,0.2,3,1.2,7,0,1.6,0.6,0.2,0.8,14.4,11.2,5.6,4.4,2.6,2.8,1,15,1,1.7,3.6,5.25
"20211127-SpGijon-Fuenlabrada",2021-11-27,"21_22","Sp Gijon","Fuenlabrada","D",1,1,0,0,0.2,0.4,0,0,0.4,0.6,1.8,1.6,12.6,8,3.2,4,2.4,5.2,15,20,1,1.75,3.25,5.75
"20211127-Valladolid-Cartagena",2021-11-27,"21_22","Valladolid","Cartagena","H",2,0,0.6,0.4,1.8,1.4,0,1,2,1,1.6,1,14,12,4.6,5,1.2,2.6,5,9,1,1.66,3.5,6
"20211128-Leganes-LasPalmas",2021-11-28,"21_22","Leganes","Las Palmas","H",4,1,0.4,0.4,1.6,1.4,1,0,1,1.4,0.4,1.4,13.4,13.4,6.6,6.8,2.2,2.4,18,6,1,2.15,3.1,3.8
"20211128-Amorebieta-Zaragoza",2021-11-28,"21_22","Amorebieta","Zaragoza","D",1,1,0.2,0.6,1,2,0,0,1.6,1.4,1.8,1,8,10,3.8,2,2.4,3.2,21,14,0,3.2,3,2.5
"20211128-Ibiza-Ponferradina",2021-11-28,"21_22","Ibiza","Ponferradina","A",0,1,0.4,0.6,1.6,2,0,1,0.6,1.6,0.2,0.8,9.8,14.8,3.8,5.6,1.2,1.8,12,5,1,2.4,3.1,3.25
"20211128-Tenerife-SociedadB",2021-11-28,"21_22","Tenerife","Sociedad B","H",2,0,0.6,0.2,2,0.6,1,0,1.4,0.6,0.4,1.2,12.6,9.8,3.4,4.6,1.6,1.4,5,20,1,1.66,3.4,6.5
"20211129-Eibar-Girona",2021-11-29,"21_22","Eibar","Girona","H",4,2,0.4,0.8,1.6,2.4,0,2,1,2,1,1,14.4,12.8,4.2,4.8,1.2,3,4,10,1,2.1,3.2,3.8
"20211203-Huesca-Valladolid",2021-12-03,"21_22","Huesca","Valladolid","H",3,2,0.2,0.6,1.2,1.8,0,1,0.4,2,0.6,1.6,10.6,16.2,3.8,5.6,3.4,1.4,14,5,0,2.75,3.2,2.7
"20211204-Fuenlabrada-Almeria",2021-12-04,"21_22","Fuenlabrada","Almeria","D",1,1,0,0.8,0.6,2.6,0,0,0.6,1.4,1.4,0.2,7,15,4.2,5,4.2,2.6,19,1,0,3.6,3.3,2.1
"20211205-Ponferradina-Mirandes",2021-12-05,"21_22","Ponferradina","Mirandes","H",2,1,0.6,0.2,2,1,2,0,1.6,1.2,0.8,1.6,15.2,14.8,5.8,5,2.4,2.2,4,18,1,2,3.2,4.2
"20211205-Malaga-Amorebieta",2021-12-05,"21_22","Malaga","Amorebieta","A",1,2,0.6,0.2,1.8,1,0,0,1.2,1.6,1.6,1.8,9.2,8.4,3.8,3.2,2.6,3.4,7,21,1,1.83,3.4,4.75
"20211205-Lugo-Ibiza",2021-12-05,"21_22","Lugo","Ibiza","D",0,0,0.2,0.2,1,1,0,0,1.8,0.2,1.8,0.4,10.2,9.6,3.6,4,3,1.6,17,13,1,2.6,3.1,2.87
"20211205-Oviedo-Alcorcon",2021-12-05,"21_22","Oviedo","Alcorcon","H",3,1,0.2,0,1.2,0.4,0,0,0.8,1,0.6,1.8,9,13.8,3.2,4.2,2,3,8,22,1,1.7,3.4,6
"20211205-SociedadB-Burgos",2021-12-05,"21_22","Sociedad B","Burgos","A",0,1,0.2,0.4,0.6,1.2,0,1,0.6,0.8,1.4,0.8,10.8,11.4,4.2,3.4,2,2.2,20,16,1,2.25,3.2,3.4
"20211205-LasPalmas-SpGijon",2021-12-05,"21_22","Las Palmas","Sp Gijon","H",1,0,0.2,0,0.8,0.2,0,0,1.4,0.4,2.2,1.8,14,11.4,6.2,2.8,2.6,2.4,7,15,1,2,3.1,4.5
"20211206-Zaragoza-Eibar",2021-12-06,"21_22","Zaragoza","Eibar","H",1,0,0.6,0.6,2,2.2,0,1,1.4,1.8,1,1,9.8,14.2,3.2,4.6,2.8,1.6,14,3,1,2.6,3.1,2.9
"20211206-Cartagena-Tenerife",2021-12-06,"21_22","Cartagena","Tenerife","D",1,1,0.4,0.6,1.4,2,0,2,1,1,1.2,0.4,12,10.8,5,3.4,3.4,1.4,12,4,0,2.9,3.1,2.6
"20211206-Girona-Leganes",2021-12-06,"21_22","Girona","Leganes","H",3,0,0.6,0.6,1.8,2.2,0,2,2,1.8,1.6,0.4,12,12,3.8,5.2,2,2.4,13,17,1,2.45,3.1,3.1
"20211210-SpGijon-Huesca",2021-12-10,"21_22","Sp Gijon","Huesca","D",1,1,0,0.4,0.2,1.6,0,1,0.4,0.8,1.8,0.8,10.4,10.8,2.4,4.4,2.8,3,15,12,1,2.2,3.2,3.5
"20211211-Burgos-Fuenlabrada",2021-12-11,"21_22","Burgos","Fuenlabrada","H",2,0,0.6,0,1.8,0.8,2,0,1,0.6,0.6,1.2,10.8,6.4,2.6,4.2,2,3.2,13,19,1,2.25,3.2,3.4
"20211211-Ibiza-Girona",2021-12-11,"21_22","Ibiza","Girona","D",1,1,0.2,0.6,1,1.8,0,1,0.2,2,0.4,1.4,8.8,11.4,4.4,2.6,1.4,1.8,14,9,1,2.5,3.2,3
"20211211-Almeria-Zaragoza",2021-12-11,"21_22","Almeria","Zaragoza","H",3,0,0.6,0.6,2.2,2,0,1,1.4,1.4,0.4,1,13,10.4,5.2,4,2.8,2.2,1,11,1,1.7,3.75,5.25
"20211211-Eibar-Malaga",2021-12-11,"21_22","Eibar","Malaga","D",2,2,0.4,0.4,1.6,1.2,0,0,1.6,1,1.2,1.8,16.8,10.2,4.8,4.8,2,3,3,13,1,1.75,3.6,4.75
"20211211-Tenerife-Lugo",2021-12-11,"21_22","Tenerife","Lugo","D",1,1,0.6,0.2,2,1.2,0,0,1.2,1.4,0.6,1.2,11.4,10.2,2.8,4.2,2,2.8,4,16,1,1.75,3.4,5.25
"20211212-Valladolid-Oviedo",2021-12-12,"21_22","Valladolid","Oviedo","H",2,1,0.6,0.4,1.8,1.8,0,1,2.2,1.4,1.4,0.6,17.4,9.4,5.6,2.6,2,2,5,7,1,1.85,3.4,4.5
"20211212-Leganes-Ponferradina",2021-12-12,"21_22","Leganes","Ponferradina","D",1,1,0.6,0.8,2,2.4,0,3,1.6,1.8,0.8,0.8,12.8,13.2,5,4.2,3.2,2,17,3,1,1.95,3.4,4.2
"20211212-Amorebieta-LasPalmas",2021-12-12,"21_22","Amorebieta","Las Palmas","D",1,1,0.2,0.2,1,0.8,1,1,1.2,1.2,1.8,2,8.2,14.4,2.8,6.4,3,2.6,20,6,0,3.25,3.1,2.37
"20211212-Alcorcon-Cartagena",2021-12-12,"21_22","Alcorcon","Cartagena","D",1,1,0,0.4,0.4,1.4,0,0,1,1,1.8,1.2,12.6,14.2,3.8,5.4,2.8,3.4,22,13,0,2.75,3.1,2.75
"20211213-Mirandes-SociedadB",2021-12-13,"21_22","Mirandes","Sociedad B","H",2,0,0,0.2,0.4,0.6,0,0,0.8,0.4,1.6,1.2,15.6,10.6,6.8,5,2.2,2,18,21,1,2.15,3.25,3.6
"20211217-Girona-Burgos",2021-12-17,"21_22","Girona","Burgos","H",3,1,0.6,0.8,2,2.4,0,3,2,1.4,1.2,0.2,10.8,11.2,2.8,3,2.2,1.8,8,9,1,1.5,4,7
"20211218-Ibiza-SpGijon",2021-12-18,"21_22","Ibiza","Sp Gijon","A",0,2,0,0,0.6,0.4,0,0,0.2,0.6,0.6,1.6,9.6,10.8,5.8,3.6,1.6,2.6,14,15,1,2.4,3.1,3.2
"20211218-Malaga-Leganes",2021-12-18,"21_22","Malaga","Leganes","A",0,2,0.4,0.4,1.4,1.6,0,0,1.2,1.4,1.6,1,11,14.2,4.6,4.2,2.2,2.8,12,18,1,2.7,3.1,2.75
"20211218-LasPalmas-Eibar",2021-12-18,"21_22","Las Palmas","Eibar","A",0,1,0.2,0.4,0.8,1.6,0,0,1.2,2,2,1.6,15,17.2,6.4,5.6,2.4,2,7,3,1,2.15,3.2,3.6
"20211219-Ponferradina-Amorebieta",2021-12-19,"21_22","Ponferradina","Amorebieta","D",1,1,0.6,0.2,2,1,0,0,1.6,1,0.8,1.6,11,9.6,3.4,2.4,2.4,3,4,20,1,1.85,3.5,4.33
"20211219-Zaragoza-Tenerife",2021-12-19,"21_22","Zaragoza","Tenerife","A",0,2,0.4,0.4,1.4,1.6,0,0,1,1,1.6,0.6,9.8,10.6,4.8,3.2,1.4,2.4,14,4,1,2.45,3,3.2
"20211219-Fuenlabrada-Oviedo",2021-12-19,"21_22","Fuenlabrada","Oviedo","D",0,0,0,0.4,0.6,1.6,0,0,0.6,1.4,1.6,0.8,6.6,8.6,5.4,2.6,4.2,1.4,19,8,0,2.87,3.1,2.62
"20211219-Cartagena-Mirandes",2021-12-19,"21_22","Cartagena","Mirandes","H",3,0,0.2,0.2,1,1,0,1,0.6,1,1.2,1,13.8,14.8,5.2,7.2,3.4,1.4,11,18,1,2.05,3.25,4
"20211219-Huesca-Alcorcon",2021-12-19,"21_22","Huesca","Alcorcon","D",0,0,0.4,0,1.8,0.4,0,0,1,0.8,0.6,1.6,10.6,12.4,3.6,4.2,2.8,3.2,13,22,1,1.75,3.6,5
"20211219-SociedadB-Valladolid",2021-12-19,"21_22","Sociedad B","Valladolid","A",0,2,0.2,0.6,0.6,1.8,0,1,0.4,2,1.4,1.4,11.4,15.4,5.4,6.8,1.8,3.2,21,5,0,3.5,3.25,2.15
"20211231-Oviedo-Ponferradina",2021-12-31,"21_22","Oviedo","Ponferradina","H",2,0,0.4,0.6,1.6,2.2,0,0,1.4,1.8,0.8,0.8,9,12,2.4,3,1.4,2.2,9,4,1,2.3,3,3.5
"20211231-Burgos-Amorebieta",2021-12-31,"21_22","Burgos","Amorebieta","D",2,2,0.6,0.2,1.8,1.2,0,0,1.4,1,0.8,1.2,11.6,9.2,3.6,2,1.8,3.2,10,20,1,2.45,3.1,3.1
"20211231-Eibar-SociedadB",2021-12-31,"21_22","Eibar","Sociedad B","H",3,2,0.4,0,1.6,0,1,0,1.8,0.2,1.4,1.8,16.6,11.4,5.8,5.2,3,2,2,21,1,1.53,4.2,6.5
"20220102-Fuenlabrada-Ibiza",2022-01-02,"21_22","Fuenlabrada","Ibiza","A",1,2,0,0,0.8,0.6,0,0,0.6,0.2,1,0.8,8.2,13,6.2,7.2,4.4,2,20,16,1,2.2,3,3.2
"20220102-Huesca-Girona",2022-01-02,"21_22","Huesca","Girona","A",0,1,0.2,0.6,1.4,2,0,1,0.8,2.2,0.6,1.4,10,9.8,4,2.4,2.2,2.4,13,9,1,2.6,3,3
"20220102-Almeria-Cartagena",2022-01-02,"21_22","Almeria","Cartagena","A",0,1,0.6,0.4,2.2,1.6,1,1,1.6,1.2,0.4,0.8,13.4,12.8,4.6,5.2,2.4,3,1,9,1,1.61,3.8,6
"20220102-Valladolid-Leganes",2022-01-02,"21_22","Valladolid","Leganes","H",1,0,0.6,0.6,1.8,2,2,1,1.8,1.8,1.4,1,15.2,13.8,6.4,3.4,3,3,4,15,1,1.95,3.3,4.33
"20220102-Tenerife-LasPalmas",2022-01-02,"21_22","Tenerife","Las Palmas","A",0,1,0.6,0.2,2.2,0.8,1,0,1.4,0.8,0.4,1.6,9,15,2.4,5.2,2.8,3,4,8,1,2.1,3.2,3.8
"20220102-Mirandes-Zaragoza",2022-01-02,"21_22","Mirandes","Zaragoza","H",2,0,0.2,0.2,1,0.8,0,0,1,0.4,1.4,1.6,14.4,11.2,8,5.4,1,1.4,18,15,0,2.6,3,2.6
"20220103-Alcorcon-Malaga",2022-01-03,"21_22","Alcorcon","Malaga","A",0,1,0,0.2,0.6,0.8,0,0,0.6,1,1.2,2,11.6,11,4.4,4.6,2.8,2.2,22,14,0,2.7,3,2.62
"20220107-Amorebieta-Tenerife",2022-01-07,"21_22","Amorebieta","Tenerife","D",1,1,0.2,0.4,1.4,1.6,0,0,1.4,1.2,1.2,0.6,10.4,10.2,2.8,2,2.6,2.8,19,4,0,3.1,3.2,2.4
"20220108-Cartagena-Huesca",2022-01-08,"21_22","Cartagena","Huesca","A",0,3,0.4,0.2,1.6,1.2,2,0,1.2,0.8,0.8,0.8,10.4,10.2,3.6,5.4,3.4,2.2,8,14,1,2.1,3.5,3.4
"20220108-Ibiza-Alcorcon",2022-01-08,"21_22","Ibiza","Alcorcon","H",6,2,0.2,0,1,0.6,1,0,0.6,0.6,1,1.2,13.6,11.8,8,4.8,2.2,2.8,14,22,1,1.72,3.8,4.75
"20220108-Valladolid-Burgos",2022-01-08,"21_22","Valladolid","Burgos","H",1,0,0.8,0.6,2.4,2,3,0,1.8,1.8,0.8,1,17.4,11.6,7.8,4,2.4,1.6,3,13,1,1.44,4.5,7
"20220108-Leganes-SociedadB",2022-01-08,"21_22","Leganes","Sociedad B","D",1,1,0.4,0,1.4,0,0,0,1.4,0.4,1.2,2,13.4,11.6,2.8,5.2,2.4,2,17,21,1,1.7,3.6,5.25
"20220109-Malaga-SpGijon",2022-01-09,"21_22","Malaga","Sp Gijon","D",2,2,0.2,0.2,0.8,1.2,1,0,0.8,1,1.8,0.8,10.6,13.4,4.8,3.8,2.6,2.2,12,14,1,2.4,3.3,3
"20220109-Ponferradina-Zaragoza",2022-01-09,"21_22","Ponferradina","Zaragoza","D",0,0,0.4,0.2,1.6,0.8,0,0,1,0.4,1,1.6,10.4,11,3.4,6.2,3.4,1.6,5,17,1,2.4,3.3,3
"20220109-Girona-Fuenlabrada",2022-01-09,"21_22","Girona","Fuenlabrada","H",2,1,0.6,0,2,0.6,2,0,2,0.6,1.2,1.2,9.6,9.6,2.6,5.6,2,3.2,6,20,1,1.72,3.6,5
"20220109-Lugo-Mirandes",2022-01-09,"21_22","Lugo","Mirandes","H",2,1,0,0.4,1,1.4,0,1,1,1.2,1,1.2,13.8,12.4,4.6,7.2,3,1.4,18,17,1,2.3,3.25,3.2
"20220109-LasPalmas-Almeria",2022-01-09,"21_22","Las Palmas","Almeria","D",1,1,0.4,0.4,1.4,1.6,1,0,0.8,1.4,1.2,0.6,14.8,14.4,5,4.2,2.6,1.8,7,1,1,2.4,3.1,3.2
"20220110-Oviedo-Eibar",2022-01-10,"21_22","Oviedo","Eibar","D",1,1,0.4,0.6,1.6,2,1,2,1.4,2,0.8,1.4,9.2,13.2,2.8,5.2,1.6,3.2,9,3,1,2.4,3.2,3.1
"20220119-Lugo-Almeria",2022-01-19,"21_22","Lugo","Almeria","H",2,1,0.2,0.2,1.4,1.2,1,0,1,1,0.8,0.6,14.8,11.8,4.8,3.2,3,1.8,15,1,0,3.5,3.3,2.15
"20220121-Tenerife-Oviedo",2022-01-21,"21_22","Tenerife","Oviedo","H",4,0,0.2,0.4,1.2,1.6,0,0,1,1.4,0.8,0.8,12.4,10.2,2.2,4.8,2.6,1.4,4,8,1,2.1,3,4
"20220122-Zaragoza-Valladolid",2022-01-22,"21_22","Zaragoza","Valladolid","D",0,0,0.2,0.8,0.8,2.4,0,4,0.2,1.6,1.4,0.8,11.8,18.2,5.4,7.8,1.4,2,16,2,0,3.1,3.2,2.4
"20220122-Fuenlabrada-LasPalmas",2022-01-22,"21_22","Fuenlabrada","Las Palmas","H",3,2,0,0.4,0.4,1.6,0,0,0.6,0.8,1.4,0.6,10,15,5.8,4.6,4,3,20,7,0,3.1,3.2,2.4
"20220122-Malaga-Ibiza",2022-01-22,"21_22","Malaga","Ibiza","A",0,5,0.2,0.4,1,1.6,0,2,1.2,1.8,1.6,1.2,11.2,15,4.8,7,3.6,1.6,11,10,1,2.4,3.2,3.2
"20220123-Burgos-Leganes",2022-01-23,"21_22","Burgos","Leganes","H",4,0,0.4,0.2,1.4,1,0,0,1.2,0.8,1.2,1.2,10.2,14.6,3.6,3.6,1.8,2.2,14,17,0,2.75,3.2,2.7
"20220123-SpGijon-Amorebieta",2022-01-23,"21_22","Sp Gijon","Amorebieta","H",2,1,0.2,0.2,1.2,1.4,0,0,1.2,1.4,1,1.2,13,10,3.6,3.2,2.6,1.8,15,20,1,1.85,3.25,5
"20220123-Girona-Lugo",2022-01-23,"21_22","Girona","Lugo","D",1,1,0.8,0.4,2.6,1.8,3,2,2,1.2,0.6,0.8,10,13.4,3.4,4.4,2.2,3.2,6,15,1,1.72,3.4,5.5
"20220123-Huesca-Ponferradina",2022-01-23,"21_22","Huesca","Ponferradina","A",1,2,0.4,0.2,1.6,1.2,1,0,1.4,0.8,0.8,1,12.4,11.2,5.8,4.4,1.8,3.4,15,5,1,2.25,3.1,3.5
"20220123-Alcorcon-Mirandes",2022-01-23,"21_22","Alcorcon","Mirandes","D",0,0,0,0.4,0.4,1.2,0,0,0.8,1.2,2.2,1.4,10.2,13,4.2,8,2,1.6,22,17,1,2.75,3,2.8
"20220124-Almeria-Eibar",2022-01-24,"21_22","Almeria","Eibar","A",0,2,0.2,0.4,1,1.6,0,0,1.2,1.4,1,1.2,13.4,12.4,5.4,4.6,2.4,3.2,1,3,1,2,3.3,4
"20220124-SociedadB-Cartagena",2022-01-24,"21_22","Sociedad B","Cartagena","A",1,2,0,0.4,0.2,1.6,0,0,0.6,1.2,1.8,1,10,9.4,4.6,2.6,1.6,3.2,21,10,0,2.8,3.2,2.6
"20220128-Valladolid-SpGijon",2022-01-28,"21_22","Valladolid","Sp Gijon","H",1,0,0.8,0.4,2.6,1.8,0,1,1.2,1.6,0.2,1,15.8,15,7,4.6,1.8,2.2,3,12,1,1.6,4,5.75
"20220129-Amorebieta-Girona",2022-01-29,"21_22","Amorebieta","Girona","H",1,0,0,0.6,0.8,2.2,0,0,1.2,1.6,1.4,0.8,10.6,10,3,3.4,2.4,2.6,20,6,0,3.2,3.1,2.4
"20220129-Eibar-Huesca",2022-01-29,"21_22","Eibar","Huesca","H",2,1,0.6,0.2,2.2,1,1,0,1.8,1,1,0.8,10,14.2,4,6,3.4,2.4,3,15,1,1.8,3.6,4.5
"20220129-Lugo-Burgos",2022-01-29,"21_22","Lugo","Burgos","H",1,0,0.4,0.4,1.8,1.4,0,1,1.4,1.8,1,1.2,13,11.6,3,4.4,3.2,1.8,13,11,1,2.1,3.2,4
"20220129-Oviedo-Almeria",2022-01-29,"21_22","Oviedo","Almeria","H",2,0,0.2,0.2,1,0.8,0,0,0.8,1,1.4,1.2,9,16.8,5.6,7,1.8,2,11,3,1,2.75,3,2.8
"20220130-Leganes-Alcorcon",2022-01-30,"21_22","Leganes","Alcorcon","H",1,0,0.2,0,1,0.6,0,0,0.8,0.6,1.4,1.6,12.4,11.2,2.6,5,2.4,2,18,22,1,1.72,3.5,5.25
"20220130-Cartagena-Fuenlabrada",2022-01-30,"21_22","Cartagena","Fuenlabrada","H",3,0,0.6,0.2,2,0.8,1,1,1.4,1,1,1.6,9.6,11.8,3,5.8,2.6,4.2,9,20,1,1.95,3.3,4.2
"20220130-LasPalmas-SociedadB",2022-01-30,"21_22","Las Palmas","Sociedad B","D",0,0,0.2,0,1,0.2,0,0,1,0.8,1.2,2,14,9.8,4.2,3.4,2.4,1.4,9,21,1,1.6,3.6,6.5
"20220130-Mirandes-Malaga",2022-01-30,"21_22","Mirandes","Malaga","H",3,0,0.4,0.2,1.4,1,0,0,1,1,1,2.2,11.4,11.8,6.6,3.8,2,3.2,17,14,1,2.2,3.1,3.6
"20220130-Ponferradina-Tenerife",2022-01-30,"21_22","Ponferradina","Tenerife","A",1,2,0.2,0.4,1.2,1.6,1,1,0.8,1.6,1,0.6,12.2,13.4,4.8,2.8,3.6,2.2,5,4,1,2.6,2.9,3.1
"20220131-Ibiza-Zaragoza",2022-01-31,"21_22","Ibiza","Zaragoza","D",2,2,0.6,0,2,0.4,3,0,2.8,0,1.2,1.4,16.6,11.8,7.2,5.6,2.2,1.8,10,18,1,2.15,3.1,3.75
"20220204-Almeria-Ibiza",2022-02-04,"21_22","Almeria","Ibiza","H",2,0,0,0.6,0.2,2,0,0,0.4,3,1.6,1.4,16.2,16.2,7.4,6.4,2.2,2.6,3,10,1,1.72,3.8,4.75
"20220204-Burgos-Alcorcon",2022-02-04,"21_22","Burgos","Alcorcon","H",3,1,0.2,0,0.8,0.4,0,0,1.4,0.4,1.4,1.6,11.2,11.2,4,3.8,0.8,2.2,12,22,1,2.1,3,4
"20220205-SociedadB-Lugo",2022-02-05,"21_22","Sociedad B","Lugo","D",1,1,0,0.6,0.4,2.2,0,1,0.8,1.4,1.6,0.8,10.2,13.4,3,2.8,2,3,21,12,0,2.8,3,2.8
"20220205-Zaragoza-Malaga",2022-02-05,"21_22","Zaragoza","Malaga","D",1,1,0,0.2,0.6,0.8,0,0,0.4,0.6,1.2,2.4,12.4,10.2,5.2,3.6,2.2,3.2,18,14,1,2.05,3.2,4
"20220205-Girona-Ponferradina",2022-02-05,"21_22","Girona","Ponferradina","H",3,0,0.6,0.2,2,1,0,0,1.4,0.8,0.8,1.2,9.6,12.4,3.8,5.4,2.2,3.8,7,5,1,1.9,3.4,4.33
"20220205-SpGijon-Eibar",2022-02-05,"21_22","Sp Gijon","Eibar","A",0,1,0.4,0.8,1.6,2.6,0,2,1.4,1.8,1,0.8,12.4,10.6,2.6,3,2,3.4,13,2,1,2.55,3,3.1
"20220206-Amorebieta-Oviedo",2022-02-06,"21_22","Amorebieta","Oviedo","D",1,1,0.2,0.4,1.2,1.6,1,1,1.2,1,1.2,1,9.4,8.4,3.2,5.6,2.2,2,19,8,0,2.9,3,2.7
"20220206-Fuenlabrada-Valladolid",2022-02-06,"21_22","Fuenlabrada","Valladolid","D",0,0,0.2,0.8,0.8,2.6,0,1,1,1,1.8,0,11.6,19.2,5.6,7.6,3.8,1,20,3,0,3.5,3.3,2.1
"20220206-Cartagena-LasPalmas",2022-02-06,"21_22","Cartagena","Las Palmas","A",0,2,0.8,0.2,2.4,1,2,0,1.8,0.8,0.8,1,11.2,13.2,3,4.4,2.8,2.6,7,9,1,2.3,3.2,3.25
"20220206-Huesca-Mirandes",2022-02-06,"21_22","Huesca","Mirandes","H",4,0,0.2,0.4,0.8,1.4,0,1,1,1.2,1,1,15,10.8,6.4,7,2.8,2.4,15,16,1,2.1,3.3,3.6
"20220206-Tenerife-Leganes",2022-02-06,"21_22","Tenerife","Leganes","D",0,0,0.6,0.4,2,1.4,2,1,1.8,0.8,0.6,1.2,13.2,12.2,2.8,3.2,1.2,2.8,4,18,1,2.15,3.1,3.75
"20220211-Leganes-Zaragoza",2022-02-11,"21_22","Leganes","Zaragoza","H",2,1,0.2,0,1,0.8,0,0,0.4,0.6,1.2,1,10.2,12.4,3,6,2.8,2,16,18,1,2.25,3.1,3.5
"20220212-Mirandes-SpGijon",2022-02-12,"21_22","Mirandes","Sp Gijon","A",0,3,0.4,0.2,1.4,1,0,0,1.2,1,1.2,1.2,9,13.4,5.8,3.2,2.6,2.2,17,15,1,2.5,3.3,2.87
"20220212-Ibiza-Cartagena",2022-02-12,"21_22","Ibiza","Cartagena","H",2,1,0.6,0.6,2,1.8,0,0,3,1.2,1.4,1.2,11.2,11.4,4.6,4,3,3,10,8,1,2.2,3.5,3.2
"20220212-Valladolid-Girona",2022-02-12,"21_22","Valladolid","Girona","D",2,2,0.6,0.6,2.2,2,0,1,0.6,1.4,0,0.6,18.8,9.6,7.8,3.4,1.4,2,3,5,1,1.8,3.5,5
"20220212-Malaga-Almeria",2022-02-12,"21_22","Malaga","Almeria","A",0,1,0.2,0.2,1,0.8,0,1,0.8,0.8,2.2,1.4,9.4,16.4,3.8,7.6,2.6,2.8,16,2,0,3.6,3.2,2.15
"20220213-Eibar-Fuenlabrada",2022-02-13,"21_22","Eibar","Fuenlabrada","D",0,0,0.8,0.2,2.6,0.8,3,0,1.8,1,0.8,1.8,11.4,11,3,6,2.6,4,2,20,1,1.65,3.75,5.5
"20220213-Oviedo-Huesca",2022-02-13,"21_22","Oviedo","Huesca","D",3,3,0.4,0.4,1.6,1.2,0,1,1.2,1.8,1.2,1,8.4,15.4,6,7.2,1.6,3,10,14,1,2.3,3.1,3.4
"20220213-Alcorcon-Tenerife",2022-02-13,"21_22","Alcorcon","Tenerife","A",0,2,0,0.4,0.2,1.6,0,0,0.6,1.4,2.2,0.6,11.6,14.8,3.6,4,2.6,0.6,22,4,0,3.8,3.25,2.05
"20220213-Lugo-Amorebieta",2022-02-13,"21_22","Lugo","Amorebieta","D",1,1,0.6,0.2,2.2,1.2,0,0,1.4,1.2,0.8,1.2,11.8,9.6,1.8,3.8,2.6,2,12,19,1,2.1,3.3,3.6
"20220213-LasPalmas-Burgos",2022-02-13,"21_22","Las Palmas","Burgos","A",0,2,0.4,0.4,1.6,1.4,1,1,1.2,1.8,0.8,1,13.2,11.8,4.6,4,2.4,0.8,7,12,1,1.66,3.5,5.75
"20220214-Ponferradina-SociedadB",2022-02-14,"21_22","Ponferradina","Sociedad B","H",3,2,0.2,0,0.8,0.6,0,0,0.6,1,1.6,1.4,11,12,5,4.6,4.2,2,6,21,1,1.83,3.3,4.75
"20220218-Cartagena-Valladolid",2022-02-18,"21_22","Cartagena","Valladolid","A",2,3,0.4,0.4,1.2,1.8,0,0,1.2,0.8,1.6,0.4,10.6,20,4.2,8,2.6,1.8,8,4,0,3.6,3.6,2
"20220219-Zaragoza-LasPalmas",2022-02-19,"21_22","Zaragoza","Las Palmas","H",2,1,0,0.2,0.8,1,0,0,0.8,1,1,1.2,12.6,13.6,6.8,5.4,1.4,2.4,17,7,1,2.45,3.1,3.1
"20220219-Girona-Eibar",2022-02-19,"21_22","Girona","Eibar","A",0,1,0.4,0.6,1.6,2.2,0,0,1.6,1.2,1,0.4,10.2,11.8,3,3.4,1.8,2.2,6,1,1,2.2,3.3,3.4
"20220219-Tenerife-Ibiza",2022-02-19,"21_22","Tenerife","Ibiza","H",2,0,0.6,0.6,2.2,2,1,1,1.8,3,0.4,1.4,13.6,11.6,3.6,4.4,0.6,3,4,10,1,1.8,3.5,4.75
"20220219-SociedadB-Malaga",2022-02-19,"21_22","Sociedad B","Malaga","H",2,0,0,0,0.6,0.4,0,0,1,0.6,1.4,2.4,10.8,10.2,4.6,4.4,2,2.4,21,17,1,2.1,3.3,3.6
"20220220-Fuenlabrada-Alcorcon",2022-02-20,"21_22","Fuenlabrada","Alcorcon","D",2,2,0.2,0,1,0.2,0,0,0.8,0.6,1.4,2.4,10,11.8,6.4,3.6,3.8,2,20,22,1,2.1,3.1,4
"20220220-Almeria-Mirandes",2022-02-20,"21_22","Almeria","Mirandes","H",2,1,0.4,0.2,1.2,0.8,2,0,0.8,0.8,1.2,1.8,17,10,7.6,6,2.6,2.4,2,18,1,1.57,4,6
"20220220-Burgos-Oviedo",2022-02-20,"21_22","Burgos","Oviedo","A",0,1,0.6,0.2,1.8,1.2,2,0,1.8,1.4,0.6,1.8,11.2,7.2,4,4.8,1.2,1.8,9,10,1,2.55,3.2,2.87
"20220220-SpGijon-Ponferradina",2022-02-20,"21_22","Sp Gijon","Ponferradina","A",2,3,0.4,0.4,1.4,1.4,1,1,1.4,1.2,1,1.6,12.2,11.4,3,5.8,2.2,3,13,5,1,2.05,3.4,3.75
"20220220-Huesca-Lugo",2022-02-20,"21_22","Huesca","Lugo","H",1,0,0.4,0.4,1.4,1.8,0,0,2.4,1.2,1.4,0.8,16.8,10.4,7.4,2.4,3.4,2.8,14,12,1,1.85,3.4,4.5
"20220221-Amorebieta-Leganes",2022-02-21,"21_22","Amorebieta","Leganes","A",1,3,0.2,0.4,1.2,1.6,0,1,1,0.8,1,1.2,11,10.8,3.8,3.8,2.6,3.4,19,15,0,3,3.1,2.5
"20220225-Almeria-Fuenlabrada",2022-02-25,"21_22","Almeria","Fuenlabrada","H",3,1,0.6,0.2,1.8,1.2,3,0,1,1,1,1.4,16.2,11.4,6.2,6,2.4,3.2,2,20,1,1.61,4.2,5
"20220226-Ibiza-Huesca",2022-02-26,"21_22","Ibiza","Huesca","H",2,1,0.4,0.4,1.4,1.4,0,1,1.8,2,1.4,1.4,11.8,18.2,5.4,8.6,3.6,3.4,11,12,1,2.3,3.1,3.3
"20220226-Mirandes-Tenerife",2022-02-26,"21_22","Mirandes","Tenerife","H",2,1,0.2,0.8,0.8,2.6,0,2,0.8,2,1.8,0.2,9.8,12,5.4,3.4,2.6,0.4,18,3,0,3.1,3.2,2.4
"20220226-Oviedo-SociedadB",2022-02-26,"21_22","Oviedo","Sociedad B","A",0,1,0.4,0.2,1.6,1,1,1,1.4,1.2,1.6,1.2,7.2,11.6,3.6,4.8,2.4,2.2,7,21,1,1.75,3.5,5
"20220226-LasPalmas-Lugo",2022-02-26,"21_22","Las Palmas","Lugo","D",2,2,0.2,0.2,0.8,1.2,0,0,1,0.8,1.4,0.8,14.2,11,5.4,3.4,2.4,2.6,9,13,1,1.65,3.75,5.75
"20220227-Leganes-Girona",2022-02-27,"21_22","Leganes","Girona","D",1,1,0.6,0.2,2,1,2,0,1.2,1.2,1.2,1,8.8,9.6,3.2,2.8,3.4,1.6,14,6,1,2.4,3,3.3
"20220227-Eibar-Burgos",2022-02-27,"21_22","Eibar","Burgos","H",2,0,0.8,0.6,2.6,1.8,1,0,1.2,1.8,0.2,0.6,11.2,12.6,3,5,2.8,1,2,11,1,1.66,3.5,6
"20220227-Valladolid-Amorebieta",2022-02-27,"21_22","Valladolid","Amorebieta","H",5,1,0.4,0.2,1.8,1,1,0,1.2,1,0.8,1.4,18.2,11.8,6.8,3.4,2.4,2.6,4,19,1,1.44,4.2,8
"20220227-Alcorcon-Ponferradina",2022-02-27,"21_22","Alcorcon","Ponferradina","D",2,2,0,0.6,0.4,1.8,0,2,0.6,1.8,1.6,2,11.8,10,4.4,4.6,2.6,3,22,5,0,3.3,3,2.37
"20220227-SpGijon-Zaragoza",2022-02-27,"21_22","Sp Gijon","Zaragoza","A",1,2,0.4,0.2,1.2,1.2,0,1,1.4,1.2,1.2,1.2,14.4,13,4,6.4,1.6,2.2,15,16,1,2,3.3,4
"20220228-Malaga-Cartagena",2022-02-28,"21_22","Malaga","Cartagena","D",1,1,0,0.4,0.2,1.2,0,0,0.2,1.6,2.4,1.6,8.6,13,4.6,5.4,2.2,2.2,18,10,1,2.7,3.1,2.8
"20220304-Zaragoza-Almeria",2022-03-04,"21_22","Zaragoza","Almeria","H",2,0,0.4,0.8,1.6,2.4,2,4,1.6,1.6,1.4,0.8,12.8,14.8,6.2,5,2.6,3,15,2,0,2.9,3.1,2.5
"20220305-Fuenlabrada-Burgos",2022-03-05,"21_22","Fuenlabrada","Burgos","A",1,2,0,0.4,0.6,1.2,0,0,0.6,1,1.6,1,10.2,12.2,6.2,5,3,1.4,21,12,1,2.45,3,3.25
"20220305-Huesca-LasPalmas",2022-03-05,"21_22","Huesca","Las Palmas","D",0,0,0.4,0.2,1.4,1,0,0,2,1,1.4,1.2,16.8,14.2,9,5.6,4,2.6,13,10,1,2.45,3.2,3
"20220305-Tenerife-Valladolid",2022-03-05,"21_22","Tenerife","Valladolid","A",1,4,0.6,0.6,2,2.2,0,2,1.4,2.2,0.6,1,11.4,19,4.2,7.4,1,2.6,4,3,0,2.87,3.1,2.62
"20220306-Lugo-Alcorcon",2022-03-06,"21_22","Lugo","Alcorcon","H",1,0,0.2,0,1.2,0.4,0,0,1,1,1,2,10.2,12.6,3.8,4,2.8,2.6,15,22,1,1.95,3.4,4.2
"20220306-Ponferradina-Ibiza",2022-03-06,"21_22","Ponferradina","Ibiza","D",1,1,0.4,0.4,1.4,1.4,0,1,1.8,1.2,2.2,1.6,9.6,11,4.4,6,3,3.4,5,8,1,2.3,3.2,3.3
"20220306-Amorebieta-Malaga",2022-03-06,"21_22","Amorebieta","Malaga","A",1,2,0.2,0,1,0.4,0,0,1,0.4,2,1.6,12.2,8,3.8,4,2,2.6,20,18,1,2.2,3.1,3.6
"20220306-Cartagena-Eibar",2022-03-06,"21_22","Cartagena","Eibar","H",4,1,0.2,0.8,0.8,2.6,0,2,1.4,1.2,1.6,0.2,12.2,12,4.6,3.2,2.2,2.4,11,1,1,2.62,3.2,2.8
"20220306-Leganes-Mirandes",2022-03-06,"21_22","Leganes","Mirandes","H",2,0,0.6,0.4,2.2,1.2,0,1,1.4,1.2,0.6,2,8.8,10.8,4,5.8,2.8,2.8,15,17,1,1.95,3.4,4.2
"20220306-Girona-Oviedo",2022-03-06,"21_22","Girona","Oviedo","H",2,1,0.2,0.4,1,1.6,0,0,1.2,1.4,1,1,9.2,8.2,3.2,3.8,1.4,2.6,6,9,1,2.05,3.1,4.2
"20220311-Zaragoza-Fuenlabrada",2022-03-11,"21_22","Zaragoza","Fuenlabrada","H",2,1,0.6,0,2,0.6,3,0,1.6,0.8,1,1.4,13,11.4,6.8,6,2.4,2.8,14,21,1,2,3.1,4.33
"20220312-Ibiza-Leganes",2022-03-12,"21_22","Ibiza","Leganes","D",1,1,0.4,0.6,1.4,2.2,0,1,1,1.6,1.4,0.6,11.4,9,6,4.2,3,2.6,8,14,1,2.1,3.3,3.6
"20220312-Malaga-Ponferradina",2022-03-12,"21_22","Malaga","Ponferradina","D",0,0,0.2,0.4,1,1.6,1,0,0.8,1.8,1.2,2,7.8,10,3.6,4.2,3.2,2.2,16,6,1,2.45,3,3.2
"20220312-Mirandes-Cartagena",2022-03-12,"21_22","Mirandes","Cartagena","H",2,1,0.2,0.2,0.6,0.8,0,1,0.6,1.6,2.4,1.8,12.6,10.8,5.8,4.6,2.8,2,18,8,1,2.2,3.4,3.4
"20220312-LasPalmas-Girona",2022-03-12,"21_22","Las Palmas","Girona","A",1,3,0.2,0.4,1,1.6,0,1,1,1.6,1.2,1,16,9.8,5.8,3,2.4,1.4,12,6,1,1.95,3.5,3.6
"20220312-Almeria-Lugo",2022-03-12,"21_22","Almeria","Lugo","D",3,3,0.8,0.2,2.4,1.2,0,1,1.6,1,0.8,1,14.8,8,4.2,4.4,2.4,2.8,2,13,1,1.45,4.5,7
"20220313-Burgos-SociedadB",2022-03-13,"21_22","Burgos","Sociedad B","D",0,0,0.6,0.6,1.8,2,1,3,1.4,1.6,1,1,12.2,11.8,6.4,6,2.4,2.4,10,19,1,2.2,3.1,3.6
"20220313-Eibar-Amorebieta",2022-03-13,"21_22","Eibar","Amorebieta","H",1,0,0.6,0,2,0.4,0,0,1,1,0.8,2.4,10.8,14.6,3.6,4,3.4,2.6,2,20,1,1.66,3.5,6
"20220313-SpGijon-Tenerife",2022-03-13,"21_22","Sp Gijon","Tenerife","A",1,2,0.2,0.4,0.6,1.4,0,0,1.4,1.2,1.6,1.2,17,12.6,5,4.8,3,2.4,18,4,1,2.4,3.1,3.25
"20220313-Alcorcon-Huesca",2022-03-13,"21_22","Alcorcon","Huesca","H",1,0,0,0.4,0.4,1.6,0,0,1,1.8,2,1,14.2,16.8,5,8.6,1.8,3.8,22,15,0,3.5,3.1,2.25
"20220313-Oviedo-Valladolid",2022-03-13,"21_22","Oviedo","Valladolid","H",3,0,0.2,0.6,1,2.2,0,3,1.2,2.8,1.4,1.2,10.4,17.2,4.2,6.4,2.6,2.4,12,3,0,3.1,3.2,2.4
"20220318-Huesca-Burgos",2022-03-18,"21_22","Huesca","Burgos","H",1,0,0.2,0.4,1,1.4,0,0,1,0.8,1.2,0.8,16.6,10.4,7.6,5.8,4,2.8,15,10,1,1.72,3.6,5.25
"20220319-SociedadB-Mirandes",2022-03-19,"21_22","Sociedad B","Mirandes","A",1,3,0.6,0.4,2,1.2,0,1,1.4,1,0.8,1.8,10.4,14.2,4.6,5.8,2,3.2,19,17,1,2.2,3.5,3.25
"20220319-Fuenlabrada-Malaga",2022-03-19,"21_22","Fuenlabrada","Malaga","H",1,0,0,0.2,0.4,1,0,0,1,0.6,1.8,1,10.8,9.2,4.6,4.2,2.6,3,21,17,1,2.1,3.2,3.8
"20220319-Cartagena-Zaragoza",2022-03-19,"21_22","Cartagena","Zaragoza","H",3,0,0.2,0.8,0.8,2.4,0,4,1.8,1.8,1.8,1,11.2,12.4,4.2,6,2.6,2.6,10,13,1,2.2,3.2,3.5
"20220319-Girona-Ibiza",2022-03-19,"21_22","Girona","Ibiza","H",5,1,0.4,0.4,1.6,1.6,2,0,1.6,1.2,1.2,1.2,11,12.4,4,6.2,1.8,2,6,9,1,1.9,3.3,4.33
"20220319-Valladolid-LasPalmas",2022-03-19,"21_22","Valladolid","Las Palmas","A",0,1,0.6,0,2,0.4,0,0,2.8,0.8,1.8,1.8,15.8,13.8,5.8,5.2,2.4,3.6,3,15,1,1.6,3.8,6.5
"20220319-Lugo-Oviedo",2022-03-19,"21_22","Lugo","Oviedo","D",1,1,0.2,0.4,1.2,1.4,0,1,1.4,1.6,1.4,1.2,7.2,12.8,5,4.4,2.6,3,14,7,0,2.87,3,2.75
"20220320-Amorebieta-Alcorcon",2022-03-20,"21_22","Amorebieta","Alcorcon","D",0,0,0,0.2,0.2,1,0,1,0.8,1,2.4,1.4,13.8,15.6,4.6,6,2,1.4,21,22,1,1.9,3.1,4.75
"20220320-Ponferradina-Eibar",2022-03-20,"21_22","Ponferradina","Eibar","D",2,2,0.4,0.6,1.8,2,0,1,1.8,1,1.4,0.8,10.6,10.8,4.2,3.2,2.2,3.2,6,1,1,2.62,3.1,2.87
"20220320-Leganes-SpGijon",2022-03-20,"21_22","Leganes","Sp Gijon","D",1,1,0.6,0.2,2.2,0.6,0,0,1.8,1.6,0.8,1.8,9.8,17,4.4,5.2,2.4,2.8,15,18,1,2.2,3.2,3.5
"20220321-Tenerife-Almeria",2022-03-21,"21_22","Tenerife","Almeria","A",0,1,0.6,0.6,1.8,2,1,0,1.6,1.8,1.4,1.4,12.8,15.6,4,4.6,3.2,1.8,4,2,1,2.37,3.25,3.1
"20220325-Zaragoza-Amorebieta",2022-03-25,"21_22","Zaragoza","Amorebieta","D",1,1,0.8,0,2.4,0.2,0,0,1.6,0.6,1.2,2.2,11.2,12.2,4.8,4.6,3,1.6,14,21,1,1.8,3.25,5.25
"20220326-Ibiza-SociedadB",2022-03-26,"21_22","Ibiza","Sociedad B","D",2,2,0.2,0.6,1,2,0,0,1,1.2,2,0.8,11.6,11.6,5,5,2.2,2.6,10,19,1,1.75,3.5,5.25
"20220326-Eibar-Lugo",2022-03-26,"21_22","Eibar","Lugo","H",1,0,0.6,0.2,2,1.2,0,0,1.4,1.4,1.2,1.4,11.2,8.6,3.2,4.2,4,2.2,1,12,1,1.6,3.6,6.5
"20220326-SpGijon-Cartagena",2022-03-26,"21_22","Sp Gijon","Cartagena","H",4,1,0,0.4,0.2,1.4,0,1,1.2,2.2,2,1.4,16.2,12.8,5.4,4,3.2,2.2,18,7,1,2.2,3.3,3.3
"20220326-Oviedo-Fuenlabrada",2022-03-26,"21_22","Oviedo","Fuenlabrada","H",3,0,0.4,0.2,1.4,0.8,0,1,1.2,1.2,0.8,1.8,12.6,11.4,4.6,4.4,2.8,2.6,8,20,1,1.8,3.25,5.5
"20220327-Alcorcon-Valladolid",2022-03-27,"21_22","Alcorcon","Valladolid","A",1,2,0.2,0.6,1.2,1.8,0,0,1,2.4,1,1.6,15.6,13.8,5.6,4.4,1.6,2.6,22,3,0,4.75,3.5,1.83
"20220327-Malaga-Huesca",2022-03-27,"21_22","Malaga","Huesca","A",0,2,0.2,0.4,1,1.4,0,1,0.6,0.6,1,0.6,9,14.6,4.6,6.4,3,4,18,15,1,2.75,3,2.9
"20220327-Mirandes-Ponferradina",2022-03-27,"21_22","Mirandes","Ponferradina","H",3,1,0.6,0.2,1.8,1.4,2,0,1.6,1.6,1.4,1.4,15.4,11.6,5.6,3.8,3.4,2.4,17,6,1,2.2,3.3,3.4
"20220327-Burgos-Tenerife",2022-03-27,"21_22","Burgos","Tenerife","H",1,0,0.2,0.4,0.8,1.2,0,0,0.4,1.2,1,1.6,9.6,13.4,5.8,5.4,2.6,3.6,13,4,0,3.3,3,2.45
"20220327-Almeria-Girona",2022-03-27,"21_22","Almeria","Girona","A",0,1,0.6,0.6,2,2,1,3,1.8,2.2,1.4,1,14.6,10.4,4.4,3.8,1.8,1.8,2,5,1,2.05,3.5,3.6
"20220328-LasPalmas-Leganes",2022-03-28,"21_22","Las Palmas","Leganes","H",4,2,0.2,0.4,1,1.8,1,0,1,1.6,1.4,0.8,13,10.6,5.2,4.6,3.6,2.4,12,15,1,2,3.1,4
"20220401-Girona-Malaga",2022-04-01,"21_22","Girona","Malaga","H",1,0,0.8,0.2,2.6,1,4,0,2.4,0.6,0.8,1,11,9,3.4,4.4,2.8,2.8,4,18,1,1.6,4,5.75
"20220402-SociedadB-Alcorcon",2022-04-02,"21_22","Sociedad B","Alcorcon","A",2,4,0.4,0.2,1.6,1,0,0,1.2,0.8,1.2,1,12.6,15,6.2,5.2,2,1.2,19,22,1,2,3.3,4
"20220402-Valladolid-Lugo",2022-04-02,"21_22","Valladolid","Lugo","H",4,1,0.6,0.2,1.8,1.2,1,0,2.2,1.4,1.4,1.4,12.8,7.6,5,3.6,2.4,2.2,3,14,1,1.36,4.75,9.5
"20220402-Amorebieta-Ibiza",2022-04-02,"21_22","Amorebieta","Ibiza","H",3,1,0,0.2,0.4,1.2,0,0,0.6,1.4,1.8,2,12.6,10.2,4.4,4.4,2.2,2.4,21,12,1,2.55,3.25,2.87
"20220402-Tenerife-Zaragoza",2022-04-02,"21_22","Tenerife","Zaragoza","D",1,1,0.2,0.6,0.6,2,0,0,0.8,1.4,1.8,1.2,13,11.6,5.4,6.4,4,2.2,5,13,1,1.83,3.2,5.25
"20220403-Burgos-SpGijon",2022-04-03,"21_22","Burgos","Sp Gijon","D",0,0,0.4,0.2,1.4,0.8,1,1,0.6,1.6,0.8,1.6,8.6,14,5.2,4.4,2.8,3.2,11,17,1,2.75,3,2.8
"20220403-Eibar-Mirandes",2022-04-03,"21_22","Eibar","Mirandes","D",1,1,0.6,0.8,2,2.4,1,3,1.4,2,1.2,1.2,13.8,15,4.6,5.4,3.4,3.2,1,16,1,1.75,3.4,5.25
"20220403-Cartagena-Oviedo",2022-04-03,"21_22","Cartagena","Oviedo","A",1,2,0.4,0.4,1.4,1.4,0,1,2,1.6,1.6,0.8,11.6,14.2,3.4,4.4,2.2,2.2,9,8,1,2.4,3.2,3.1
"20220403-Huesca-Almeria",2022-04-03,"21_22","Huesca","Almeria","D",1,1,0.4,0.4,1.4,1.4,2,0,0.8,1.4,0.6,1.4,12.6,14,4.8,4.4,4,1.6,11,3,0,2.75,3.1,2.75
"20220403-Ponferradina-LasPalmas",2022-04-03,"21_22","Ponferradina","Las Palmas","A",1,2,0,0.4,0.8,1.6,0,2,1.2,1.6,1.6,1.4,11.2,12.8,4.6,5.6,2.4,3.2,6,8,1,2.7,3.2,2.75
"20220404-Leganes-Fuenlabrada",2022-04-04,"21_22","Leganes","Fuenlabrada","H",3,2,0.2,0.2,1.2,0.6,0,0,1.4,0.8,1.4,2,10.8,10.2,3.8,4.8,3.2,2.4,16,21,1,1.75,3.4,5.25
"20220408-Lugo-Cartagena",2022-04-08,"21_22","Lugo","Cartagena","H",1,0,0.2,0.4,1,1.2,0,0,1.2,2,1.8,1.8,7.6,11.6,3,3.6,2.4,3.4,16,10,1,2.37,3.25,3.1
"20220409-SociedadB-Tenerife",2022-04-09,"21_22","Sociedad B","Tenerife","A",1,2,0.2,0.2,1,0.8,0,0,1.4,0.8,2,1.6,12.8,12.2,5.4,4.8,2.4,3.4,20,5,0,3.2,3.1,2.4
"20220409-Alcorcon-SpGijon",2022-04-09,"21_22","Alcorcon","Sp Gijon","D",1,1,0.4,0.2,1.4,1,1,0,1.2,1.4,1,1.2,15.2,10.8,4.8,3.6,1.4,2.6,22,17,0,2.9,2.9,2.75
"20220409-Malaga-Valladolid",2022-04-09,"21_22","Malaga","Valladolid","D",2,2,0.2,0.6,0.8,1.8,0,2,0.4,2,1,1.4,8.6,11.4,4.6,4,3,2.6,18,2,0,4,3.3,2
"20220409-LasPalmas-Amorebieta",2022-04-09,"21_22","Las Palmas","Amorebieta","H",1,0,0.6,0.2,2,1,3,1,1.6,1,1.2,1,15.2,13,6,5.2,3.4,2.2,8,19,1,1.6,3.6,6.5
"20220410-Ibiza-Eibar",2022-04-10,"21_22","Ibiza","Eibar","H",2,0,0,0.4,0.6,1.6,0,0,1.2,1.2,2.4,1.4,9.6,13.6,4.2,5.2,2.8,3.4,16,1,0,2.75,3.1,2.75
"20220410-Fuenlabrada-Huesca",2022-04-10,"21_22","Fuenlabrada","Huesca","A",2,3,0.2,0.4,0.6,1.6,0,0,1,0.8,2,0.4,11,14,5.2,4.2,2.8,3.2,21,13,0,3.1,3,2.5
"20220410-Mirandes-Burgos",2022-04-10,"21_22","Mirandes","Burgos","H",3,1,0.6,0.4,2,1.6,0,0,1.8,0.6,1.2,0.4,14.6,8.8,6.2,6.8,2.6,2.8,16,9,1,2,3.4,3.8
"20220410-Oviedo-Leganes",2022-04-10,"21_22","Oviedo","Leganes","H",1,0,0.6,0.4,2,1.6,2,1,2,1.8,0.8,1.6,14,11.2,3.6,3.6,2.6,3.4,7,13,1,2.15,3.1,3.8
"20220410-Zaragoza-Girona",2022-04-10,"21_22","Zaragoza","Girona","H",1,0,0.4,1,1.6,3,0,5,1.2,2.4,1.2,0.6,12.6,10.8,7.4,3.2,1.6,3.2,16,5,1,2.45,3.2,3
"20220411-Almeria-Ponferradina",2022-04-11,"21_22","Almeria","Ponferradina","H",3,0,0.2,0,1,0.6,0,0,1,1,1.4,1.6,11.8,10.4,3.4,3.8,1.6,2.8,3,8,1,1.6,4,6
"20220415-Eibar-LasPalmas",2022-04-15,"21_22","Eibar","Las Palmas","D",2,2,0.4,0.8,1.6,2.4,0,4,1,1.8,1,1.2,15,13,5,5.8,2.6,3.8,1,7,1,2.15,3.4,3.5
"20220415-Amorebieta-Mirandes",2022-04-15,"21_22","Amorebieta","Mirandes","H",1,0,0.2,0.8,1,2.6,0,1,0.8,2.4,0.8,1,11.6,14.8,5.4,6.6,2,2.6,19,14,1,2.45,3.2,3
"20220416-SpGijon-Oviedo",2022-04-16,"21_22","Sp Gijon","Oviedo","A",0,1,0.2,0.8,1.2,2.6,0,3,1.4,2,1,0.4,11,12.4,4,3.6,2.2,3,17,6,1,2.62,3,3
"20220416-Cartagena-Alcorcon",2022-04-16,"21_22","Cartagena","Alcorcon","H",3,1,0.2,0.4,0.6,1.6,0,0,1.2,1.4,1.8,1,11.8,13.8,3.4,4.2,3.2,1.6,13,22,1,1.8,3.6,4.75
"20220416-Leganes-Malaga",2022-04-16,"21_22","Leganes","Malaga","A",0,3,0.2,0,1,0.4,0,0,1.4,0.4,1.8,1.2,11,10.8,3.4,5.2,3.4,3.2,16,18,1,1.95,3.25,4.33
"20220416-Valladolid-Almeria",2022-04-16,"21_22","Valladolid","Almeria","D",2,2,0.4,0.4,1.4,1.6,0,1,1.6,1.6,1.6,1,12,12.6,4.6,4.8,2.8,1.6,3,2,1,2.1,3.5,3.4
"20220417-Ponferradina-Lugo",2022-04-17,"21_22","Ponferradina","Lugo","H",3,1,0,0.2,0.4,1,0,1,0.8,1.2,2,1.8,9,9.4,3.4,2.2,2.6,2.4,8,15,1,1.95,3.5,4
"20220417-Burgos-Ibiza",2022-04-17,"21_22","Burgos","Ibiza","H",2,1,0.2,0.2,1,1,0,1,0.4,1.4,0.8,2.2,7.6,9.4,6,3.8,2.2,2.8,13,11,1,2.3,3.1,3.3
"20220417-Huesca-Zaragoza",2022-04-17,"21_22","Huesca","Zaragoza","D",1,1,0.6,0.4,2,1.6,1,1,1.4,1,0.8,1.2,12.8,12.6,5.4,6.6,2.6,1.8,11,13,1,1.9,3.3,4.5
"20220417-Tenerife-Fuenlabrada",2022-04-17,"21_22","Tenerife","Fuenlabrada","H",3,1,0.4,0.2,1.4,0.6,1,0,1,1.2,1,2.2,11,9.8,4.4,6.2,2.2,3,4,21,1,1.61,3.6,6.5
"20220418-Girona-SociedadB",2022-04-18,"21_22","Girona","Sociedad B","H",2,0,0.8,0,2.4,0.4,0,0,2,1.2,0.6,2.2,11,12.6,3.2,4.8,3.2,2,5,20,1,1.61,3.8,6
"20220422-Tenerife-Huesca",2022-04-22,"21_22","Tenerife","Huesca","D",0,0,0.4,0.6,1.4,2.2,2,0,1.2,1.6,1,0.8,11,13,4.8,5.4,1.6,2.2,4,9,1,2.1,3.2,3.8
"20220423-SociedadB-Amorebieta",2022-04-23,"21_22","Sociedad B","Amorebieta","H",2,1,0,0.4,0.2,1.6,0,1,1.2,1,2.6,0.6,11.2,12.8,3.6,5,2.6,3.2,20,19,1,2.3,3.25,3.25
"20220423-Cartagena-Girona",2022-04-23,"21_22","Cartagena","Girona","H",3,0,0.4,0.8,1.2,2.4,1,1,1.6,1.8,1.6,0.4,11.8,11.6,3.6,3,2.4,3,11,5,0,3,3.3,2.4
"20220423-Fuenlabrada-Ponferradina",2022-04-23,"21_22","Fuenlabrada","Ponferradina","A",2,3,0.2,0.2,0.6,0.8,0,1,1.2,1.4,2.4,2.2,9.2,8.6,6.6,3.4,3.4,2.4,21,8,1,2.62,3.1,2.87
"20220423-Malaga-Eibar",2022-04-23,"21_22","Malaga","Eibar","A",1,3,0.2,0.2,0.8,1.2,1,0,1,1.2,1.2,1.4,10.2,15.2,4.6,7,3.6,2.8,18,1,0,3.1,3.2,2.45
"20220424-Alcorcon-Oviedo",2022-04-24,"21_22","Alcorcon","Oviedo","A",1,2,0.2,0.8,1,2.6,0,4,1.4,1.6,1.6,0.4,13.2,10.4,3.6,3.6,1.4,2.8,22,6,0,4.33,3.3,1.9
"20220424-Ibiza-LasPalmas",2022-04-24,"21_22","Ibiza","Las Palmas","D",1,1,0.2,0.8,0.8,2.6,0,0,1.4,2,2.4,1,9.8,14,4.6,6,3.4,2.4,13,8,0,3.25,3.3,2.3
"20220424-Mirandes-Valladolid",2022-04-24,"21_22","Mirandes","Valladolid","A",0,1,0.6,0.4,2,1.6,0,0,2,2,1,1.4,14.2,12.8,6.6,5.2,2.4,2.6,14,3,0,3.75,3.6,1.95
"20220424-Lugo-Leganes",2022-04-24,"21_22","Lugo","Leganes","D",0,0,0.2,0.2,0.8,0.8,0,0,0.8,1.2,1.8,2.2,10.8,10.2,2.4,4.2,2.4,3.6,15,16,0,2.8,2.9,2.8
"20220424-Zaragoza-Burgos",2022-04-24,"21_22","Zaragoza","Burgos","D",0,0,0.2,0.4,1.2,1.4,0,1,0.8,0.8,1.2,1,11.6,8.2,5.8,6.4,2.2,1.6,13,11,1,1.95,3.4,4
"20220425-Almeria-SpGijon",2022-04-25,"21_22","Almeria","Sp Gijon","H",1,0,0.4,0.2,1.6,1.2,0,0,1.4,1.2,0.8,0.8,10.4,11.6,5,4.4,2.8,3,3,17,1,1.57,3.8,6.5
"20220429-LasPalmas-Malaga",2022-04-29,"21_22","Las Palmas","Malaga","H",2,1,0.6,0.2,2.2,0.8,0,0,2,1.2,1.2,1.6,14,10.4,5.6,3.4,2.4,4.6,8,18,1,1.61,3.8,5.75
"20220430-Eibar-Zaragoza",2022-04-30,"21_22","Eibar","Zaragoza","H",2,0,0.4,0.2,1.6,1.4,1,0,1.4,0.8,1.2,0.6,17,12.6,7.2,6,2.4,2,2,12,1,1.9,3.4,4.33
"20220430-Burgos-Almeria",2022-04-30,"21_22","Burgos","Almeria","A",0,2,0.4,0.4,1.6,1.6,0,1,0.8,1.4,0.8,0.8,9.2,13.4,6.8,6.2,2,2.6,11,2,0,4,3.3,2
"20220430-Oviedo-Mirandes",2022-04-30,"21_22","Oviedo","Mirandes","H",3,0,1,0.4,3,1.4,5,0,1.8,1.4,0.4,1,9.8,13,4,7,3.2,1.8,6,16,1,1.7,3.6,5.5
"20220501-Amorebieta-Fuenlabrada",2022-05-01,"21_22","Amorebieta","Fuenlabrada","H",2,1,0.4,0,1.4,0,0,0,1.2,1.4,1,3,13,8.8,5.2,6.4,3.6,4.6,19,21,1,1.83,3.5,4.5
"20220501-Alcorcon-Girona",2022-05-01,"21_22","Alcorcon","Girona","A",0,1,0.2,0.6,0.8,1.8,0,0,1.6,0.8,2,0.8,12.8,13.6,4.2,4,1.8,3.4,22,6,0,3.6,3.5,2.05
"20220501-SpGijon-Ibiza",2022-05-01,"21_22","Sp Gijon","Ibiza","A",0,1,0.2,0.2,1,1,0,0,1,1.4,0.8,1.6,10.8,10.4,4.2,6,2.8,4,17,13,1,2.2,3.2,3.5
"20220501-Lugo-Tenerife",2022-05-01,"21_22","Lugo","Tenerife","A",0,2,0.2,0.4,0.8,1.6,0,0,0.6,1.2,1.6,0.8,9.8,11.6,1.8,4.2,2.4,1.6,14,5,0,3.3,3.2,2.3
"20220501-Ponferradina-Cartagena",2022-05-01,"21_22","Ponferradina","Cartagena","H",4,2,0.4,0.4,1.2,1.2,2,2,1.6,1.6,2.2,1.6,9.4,12,3.4,3.8,2,2,8,9,1,2.1,3.4,3.5
"20220502-Leganes-Huesca",2022-05-02,"21_22","Leganes","Huesca","H",2,1,0.2,0.4,0.8,1.8,0,0,1,1.4,2,0.8,9,11.6,4.6,5.2,3.6,2.4,15,11,1,2.6,3,3
"20220502-Valladolid-SociedadB",2022-05-02,"21_22","Valladolid","Sociedad B","A",1,2,0.6,0.2,2.2,0.8,1,1,2.2,1.4,1.2,2.2,12.4,10.8,5.2,3.2,3.2,2,3,20,1,1.36,4.75,8.5
"20220506-LasPalmas-Mirandes",2022-05-06,"21_22","Las Palmas","Mirandes","H",1,0,0.6,0.2,2.2,0.8,1,0,1.6,0.8,1,1.4,15,12,6.6,7.2,2.2,1.6,8,16,1,1.61,4,5.25
"20220507-Fuenlabrada-SociedadB",2022-05-07,"21_22","Fuenlabrada","Sociedad B","A",1,2,0,0.4,0,1.2,0,2,1.6,1.4,2.8,2,9.4,9,7,1.6,5.4,2.6,21,20,1,2.55,3.2,2.8
"20220507-Huesca-SpGijon",2022-05-07,"21_22","Huesca","Sp Gijon","D",1,1,0.2,0,1.2,0.4,0,0,1.2,0.2,1.2,0.8,11.4,11.6,6,4.2,2.2,3,11,17,1,2.37,3.2,3.2
"20220507-Almeria-Amorebieta",2022-05-07,"21_22","Almeria","Amorebieta","H",3,0,0.6,0.6,2.2,1.8,2,1,1.8,1.4,0.6,1,13,14,6,5.6,2.6,2.8,2,20,1,1.5,4.2,6.5
"20220507-Malaga-Oviedo",2022-05-07,"21_22","Malaga","Oviedo","D",0,0,0.2,1,0.8,3,0,6,1.4,1.8,1.6,0.4,10.6,8.8,3.4,4.2,4.8,3.2,18,6,0,2.87,3.1,2.62
"20220507-Ponferradina-Burgos",2022-05-07,"21_22","Ponferradina","Burgos","H",3,1,0.6,0.2,1.8,1,3,0,2.2,0.6,2,1.2,10.4,9.8,2.2,6.8,2.2,2,8,12,1,1.66,3.8,5
"20220508-Cartagena-Leganes",2022-05-08,"21_22","Cartagena","Leganes","D",0,0,0.4,0.4,1.2,1.4,0,1,1.8,1,1.6,1.4,12.6,9.4,3.6,5.4,2.2,3,9,13,1,2,3.3,4
"20220508-Eibar-Valladolid",2022-05-08,"21_22","Eibar","Valladolid","A",0,2,0.4,0.4,1.6,1.6,2,0,1.6,2,1.2,1.4,16.2,13.8,6.6,6.2,2,3,2,3,1,2.5,3.3,2.87
"20220508-Ibiza-Lugo",2022-05-08,"21_22","Ibiza","Lugo","D",1,1,0.4,0.2,1.4,0.8,1,0,1.2,0.6,1.2,1.8,10.6,11.4,6,2.6,3.4,1.8,11,15,1,2,3.4,3.8
"20220508-Zaragoza-Alcorcon",2022-05-08,"21_22","Zaragoza","Alcorcon","A",0,3,0.2,0.2,1.2,0.8,0,0,0.6,1.4,0.8,1.8,10.8,12.2,4.4,3.8,2,2.4,14,22,1,1.83,3.6,4.33
"20220509-Girona-Tenerife",2022-05-09,"21_22","Girona","Tenerife","A",0,1,0.6,0.6,1.8,2.2,1,1,0.8,1.6,0.8,0.6,14,12.2,4.4,4,2.6,1.2,6,4,1,2.2,3.3,3.4
"20220513-SociedadB-Almeria",2022-05-13,"21_22","Sociedad B","Almeria","A",0,2,0.6,0.8,1.8,2.6,3,3,1.4,2.2,1.4,0.4,10.6,15.2,2.8,6.6,2,1.8,19,1,0,3.6,3.6,2
"20220514-Amorebieta-Huesca",2022-05-14,"21_22","Amorebieta","Huesca","H",1,0,0.4,0.2,1.2,1.2,0,0,0.8,1.2,1.4,1.2,12.4,10.4,4.2,6,3.2,1.8,20,11,1,2,3.6,3.6
"20220514-Burgos-Cartagena",2022-05-14,"21_22","Burgos","Cartagena","D",1,1,0.2,0.4,0.8,1.4,0,0,0.8,1.6,1.8,1.2,9.6,12.8,4.6,4.6,1.6,1,12,9,1,2.6,3.1,2.87
"20220514-Lugo-Fuenlabrada",2022-05-14,"21_22","Lugo","Fuenlabrada","A",1,3,0.2,0,1,0,0,0,0.6,1.4,1.2,2.6,11.8,9.6,2.8,6.6,1.2,6,15,21,1,2.05,3.4,3.75
"20220514-Valladolid-Ponferradina",2022-05-14,"21_22","Valladolid","Ponferradina","H",2,0,0.4,0.8,1.6,2.4,1,4,1.6,2.6,1.2,1.8,14,11.8,6.2,3,2.6,1.8,3,7,1,1.6,4.33,5
"20220514-Leganes-Eibar",2022-05-14,"21_22","Leganes","Eibar","A",2,3,0.2,0.4,1,1.4,0,0,0.4,1.4,1,1.4,9,15.2,5.2,6.6,2.4,2.8,13,3,0,3.8,3.5,2
"20220515-Mirandes-Ibiza",2022-05-15,"21_22","Mirandes","Ibiza","H",4,0,0.2,0.4,0.6,1.6,0,0,0.6,1.2,1.4,0.8,10.8,12,6.4,6,1.6,2.4,16,10,1,2.05,3.5,3.6
"20220515-Alcorcon-LasPalmas",2022-05-15,"21_22","Alcorcon","Las Palmas","A",0,2,0.2,0.6,0.8,2.2,1,2,1.2,1.4,1.4,0.8,11,12.4,4.2,6,2.8,2.8,22,8,0,5.5,3.75,1.66
"20220515-Tenerife-Malaga",2022-05-15,"21_22","Tenerife","Malaga","A",0,2,0.8,0.2,2.6,1,2,0,1.6,1.4,0.4,1.4,11.6,9.8,4.4,4.2,1.8,4,4,18,1,1.7,3.5,5.25
"20220515-SpGijon-Girona",2022-05-15,"21_22","Sp Gijon","Girona","H",2,1,0,0.4,0.4,1.2,0,0,0.4,0.6,1,1,12.4,15.2,4.2,5,2.8,3,18,6,0,2.9,3.1,2.55
"20220516-Oviedo-Zaragoza",2022-05-16,"21_22","Oviedo","Zaragoza","D",3,3,0.8,0.2,2.6,1,0,0,1.4,0.4,0.2,1.2,8.4,11.6,4.8,3.8,2.6,2.4,5,15,1,1.61,3.8,6
"20220520-Zaragoza-Lugo",2022-05-20,"21_22","Zaragoza","Lugo","H",1,0,0,0,0.6,0.4,0,0,0.8,0.6,1.8,1.8,11.4,11.4,4,3.4,2.8,1.4,14,16,1,1.95,3.5,3.8
"20220521-Cartagena-Amorebieta",2022-05-21,"21_22","Cartagena","Amorebieta","H",5,0,0.4,0.6,1.6,1.8,0,1,1.8,1,1.2,1.2,12.6,12.6,4.6,4.6,1.2,3.4,9,19,0,3,3.5,2.3
"20220521-Fuenlabrada-SpGijon",2022-05-21,"21_22","Fuenlabrada","Sp Gijon","D",0,0,0.2,0.2,0.6,0.8,1,1,1.6,0.6,2.2,1,10.2,13,5.2,4.8,5.8,2.4,21,17,0,3.8,3.1,2.1
"20220521-Huesca-SociedadB",2022-05-21,"21_22","Huesca","Sociedad B","H",3,2,0,0.6,0.6,1.8,0,0,0.6,1.2,1,1.4,10.2,10,4.8,2.4,2.2,2.8,12,19,0,2.87,3.5,2.37
"20220521-Malaga-Burgos",2022-05-21,"21_22","Malaga","Burgos","A",0,1,0.4,0.2,1.4,1,1,0,1.4,0.8,1,1.4,7.8,11,3.6,4.4,3.8,1.6,18,13,1,1.72,3.5,5.5
"20220521-Almeria-Alcorcon",2022-05-21,"21_22","Almeria","Alcorcon","D",1,1,0.8,0.2,2.6,0.6,4,0,2,1,0.4,1.6,14,11,5.8,5,2.2,2.8,1,22,1,1.25,6.5,11
"20220521-Eibar-Tenerife",2022-05-21,"21_22","Eibar","Tenerife","H",2,0,0.6,0.6,2,2,1,0,2,1.2,1.4,0.6,14,12.2,6.2,5,3,2.4,2,4,1,1.85,3.4,4.75
"20220521-Girona-Mirandes",2022-05-21,"21_22","Girona","Mirandes","H",2,0,0.4,0.2,1.2,0.6,0,1,0.8,0.8,1.2,1.2,14.6,10.2,5.4,6.4,3,2,6,15,1,1.4,5,7.5
"20220521-Ibiza-Valladolid",2022-05-21,"21_22","Ibiza","Valladolid","A",1,2,0.2,0.6,1,2,0,2,0.8,1.6,1.6,0.8,12.2,12.8,5.8,5.4,2.4,2.4,13,3,0,4.75,4,1.7
"20220521-LasPalmas-Oviedo",2022-05-21,"21_22","Las Palmas","Oviedo","H",2,1,0.6,0.6,2.2,2.2,3,0,1.6,1.8,0.8,0.8,12.6,10.8,6,5.4,2.6,2.2,7,6,1,2.05,3.4,3.75
"20220521-Ponferradina-Leganes",2022-05-21,"21_22","Ponferradina","Leganes","A",0,3,0.8,0.2,2.4,1,0,0,2.6,0.8,1.6,1.4,12.4,10.6,3.4,5.8,2,2.4,8,14,1,1.5,4.2,6.5
"20220527-Mirandes-Fuenlabrada",2022-05-27,"21_22","Mirandes","Fuenlabrada","H",5,1,0.2,0.2,0.6,0.8,0,0,0.8,1.4,1.4,1.6,9.4,11.8,7.4,5.6,2.4,5,15,21,1,1.75,4.2,4
"20220527-SociedadB-Zaragoza",2022-05-27,"21_22","Sociedad B","Zaragoza","A",1,2,0.6,0.2,1.8,1,0,1,1.6,0.8,1.6,1.6,12.4,12.2,3.4,4.4,2.4,2.4,19,13,1,2.37,3.5,2.9
"20220528-Amorebieta-Ponferradina",2022-05-28,"21_22","Amorebieta","Ponferradina","H",1,0,0.4,0.6,1.2,1.8,0,0,0.8,2,2.2,2,14.4,16.2,6,6.6,2.4,2.6,20,8,1,2.1,3.5,3.4
"20220528-Lugo-Malaga",2022-05-28,"21_22","Lugo","Malaga","H",1,0,0,0.2,0.4,0.8,0,0,0.4,0.8,1.4,1.2,11,10,3.4,3.4,1.8,3.4,16,18,1,2.37,3.3,3
"20220529-Alcorcon-Eibar",2022-05-29,"21_22","Alcorcon","Eibar","H",1,0,0.2,0.8,0.8,2.4,0,2,1,2,1.2,1,10,16.4,5,5.4,3.6,2.8,22,2,0,8.5,4.5,1.4
"20220529-Burgos-Girona",2022-05-29,"21_22","Burgos","Girona","D",0,0,0.2,0.4,1,1.2,1,1,0.6,0.8,1.2,1.2,10.2,15.2,4.2,6,2.2,3,12,5,0,4.2,3.25,1.95
"20220529-Leganes-Almeria",2022-05-29,"21_22","Leganes","Almeria","D",2,2,0.4,0.8,1.6,2.6,1,0,1.4,1.8,0.8,0.2,11.6,14.6,5,6,3,1.6,13,1,0,5.25,3.75,1.66
"20220529-Oviedo-Ibiza",2022-05-29,"21_22","Oviedo","Ibiza","H",3,2,0.4,0.2,1.6,1,0,0,1.8,0.8,1.2,1.6,10,12.8,5,5,2.2,2.6,7,15,1,1.6,4,5.75
"20220529-SpGijon-LasPalmas",2022-05-29,"21_22","Sp Gijon","Las Palmas","A",0,1,0.2,0.8,1,2.6,0,4,0.6,1.6,0.8,0.6,11.2,12.4,4.8,6.8,1.4,2,17,7,0,6,3.6,1.65
"20220529-Tenerife-Cartagena",2022-05-29,"21_22","Tenerife","Cartagena","A",1,2,0.4,0.4,1.4,1.6,0,1,0.6,2.2,0.8,1,10.2,13.6,4.2,3.6,2.8,1.2,5,9,1,1.55,4,6.5
"20220529-Valladolid-Huesca",2022-05-29,"21_22","Valladolid","Huesca","H",3,0,0.8,0.2,2.4,1,3,1,1.6,1,0.6,1.2,12.8,10,5,4,2,2.4,3,12,1,1.36,5.5,7
"20220813-LasPalmas-Zaragoza",2022-08-13,"22_23","Las Palmas","Zaragoza","D",0,0,1,0.4,3,1.4,5,2,1.6,1.2,0.4,1.8,12.2,12.8,6.8,4,1.6,2,3,17,1,1.95,3.4,4.2
"20220813-Eibar-Tenerife",2022-08-13,"22_23","Eibar","Tenerife","H",2,1,0.6,0.4,1.8,1.2,0,0,1.4,0.8,1,1.2,15.2,10.6,4.8,3.8,3,3.2,5,19,1,2.05,3.2,4
"20220813-Mirandes-SpGijon",2022-08-13,"22_23","Mirandes","Sp Gijon","D",1,1,0.4,0.2,1.2,1,1,0,1.8,0.6,1.4,0.8,10.2,10.6,6.8,4.6,2.2,1.4,6,16,1,2.6,3.25,2.7
"20220814-Burgos-Malaga",2022-08-14,"22_23","Burgos","Malaga","H",1,0,0.2,0.2,1,0.8,0,0,0.6,0.6,1.2,0.8,10.6,10.6,3.6,4.2,1.6,2,10,18,1,2.55,3.1,3.1
"20220815-Lugo-Albacete",2022-08-15,"22_23","Lugo","Albacete","A",1,2,0.2,0.2,0.8,1,1,0,0.6,1.2,1.4,1.4,12.2,8.2,3.8,2.4,2.2,2.6,14,15,1,2.2,3.2,3.5
"20220815-Cartagena-Ponferradina",2022-08-15,"22_23","Cartagena","Ponferradina","A",2,3,0.4,0.4,1.6,1.2,2,0,2,1.4,1.2,1.8,11.8,15.2,3,6.4,1.4,2.8,12,16,1,2.15,3.4,3.4
"20220819-VillarrealB-Eibar",2022-08-19,"22_23","Villarreal B","Eibar","D",2,2,0.5,0.6,3,1.8,1,1,2,1.4,0,1.2,10,14.6,3,5,2,3.6,1,4,0,3,3.2,2.45
"20220819-Alaves-Mirandes",2022-08-19,"22_23","Alaves","Mirandes","H",1,0,0.5,0.4,3,1.4,1,0,2,2,1,1,9,11.2,3,6,3,2.2,5,9,1,1.66,3.75,5.25
"20220820-SpGijon-Andorra",2022-08-20,"22_23","Sp Gijon","Andorra","H",4,1,0.2,0.5,1.2,3,0,1,0.8,1,0.8,0,9.4,7,4.2,3,1,1,9,8,1,1.72,3.6,5
"20220820-Albacete-Burgos",2022-08-20,"22_23","Albacete","Burgos","D",0,0,0.2,0.4,1,1.6,1,1,1.4,0.8,1.6,0.8,11,9.6,4.2,3.8,2.6,1.6,7,8,1,2.2,3.1,3.6
"20220820-Zaragoza-Levante",2022-08-20,"22_23","Zaragoza","Levante","D",0,0,0.4,0,1.6,1,0,0,1.2,0,1.4,0,13.4,16,4,10,2.4,3,12,10,0,3,3.3,2.45
"20220820-Granada-Santander",2022-08-20,"22_23","Granada","Santander","H",2,0,0.5,0,3,0,1,0,2,0,0,2,10,8,1,1,2,1,7,22,1,1.55,3.8,6.5
"20220821-Oviedo-Leganes",2022-08-21,"22_23","Oviedo","Leganes","H",1,0,0.2,0.2,1,1,0,0,1.4,1.6,1.6,1.4,11.4,13,4.6,3.8,1.8,3.4,19,16,1,2.05,3.1,4.2
"20220821-Huesca-Cartagena",2022-08-21,"22_23","Huesca","Cartagena","A",2,3,0.2,0.4,1,1.6,0,0,0.8,2,1.4,1,9.2,12.8,2.4,4.2,1.4,1.6,14,16,1,2,3.3,4
"20220821-Tenerife-Lugo",2022-08-21,"22_23","Tenerife","Lugo","D",1,1,0.2,0.2,0.6,0.8,0,0,0.6,0.8,1.6,1.4,9.4,11.2,4.2,3,3.6,3,18,17,1,1.61,3.5,6.5
"20220822-Ponferradina-Ibiza",2022-08-22,"22_23","Ponferradina","Ibiza","H",2,1,0.4,0,1.2,0.2,1,0,1.2,0.8,1.8,2.4,13.6,13.2,6.4,4.4,2.2,2.4,8,21,1,2.1,3.3,3.6
"20220822-Malaga-LasPalmas",2022-08-22,"22_23","Malaga","Las Palmas","A",0,4,0.2,0.8,0.8,2.6,0,0,0.4,1.2,0.6,0.2,11.4,11.2,4.2,6,1.4,2.4,19,14,1,2.62,3.1,2.87
"20220826-Albacete-Huesca",2022-08-26,"22_23","Albacete","Huesca","H",2,1,0.2,0.2,1,0.8,0,0,1.2,1,1.4,1.8,12.6,8.6,5.2,2,2,2,8,16,1,2.45,3.1,3.1
"20220826-Cartagena-Zaragoza",2022-08-26,"22_23","Cartagena","Zaragoza","H",1,0,0.6,0.4,2,1.8,1,0,2.6,1.2,1.4,0.8,12.4,11.6,3.6,3.6,2,1.8,10,14,1,2.55,3.1,3
"20220827-Lugo-Leganes",2022-08-27,"22_23","Lugo","Leganes","H",1,0,0.2,0.2,0.8,0.8,0,0,0.8,1.6,1.4,1.6,10.8,12.2,3.2,3.6,3.2,4,16,20,0,3.1,2.9,2.6
"20220827-SpGijon-Burgos",2022-08-27,"22_23","Sp Gijon","Burgos","D",0,0,0.4,0.4,1.6,1.8,1,0,1.4,0.6,0.8,0.2,9.8,8.8,3.8,3.4,0.8,1.8,8,11,1,1.8,3.4,5
"20220827-Levante-Tenerife",2022-08-27,"22_23","Levante","Tenerife","H",2,0,0,0,1,0.2,0,0,0,0.6,0,1.8,11.5,12.4,8.5,3.6,2,3.6,13,16,1,1.9,3.4,4.5
"20220827-Mirandes-Malaga",2022-08-27,"22_23","Mirandes","Malaga","A",1,3,0.4,0.2,1.4,0.6,0,0,2,0.4,1,1.4,12.2,12,6,3.2,2.6,1.6,16,22,1,2.4,3.1,3.2
"20220828-Santander-Oviedo",2022-08-28,"22_23","Santander","Oviedo","A",0,1,0,0.4,0,1.4,0,1,0,1.6,2,1.6,6.5,12,3.5,4.2,1,2.2,22,13,0,2.87,3,2.7
"20220828-Eibar-Ponferradina",2022-08-28,"22_23","Eibar","Ponferradina","H",1,0,0.6,0.4,2,1.2,0,2,1.8,1,1.2,1.8,16,15.2,5,6.4,4.2,2.2,12,3,1,1.65,3.75,5.25
"20220828-Ibiza-Alaves",2022-08-28,"22_23","Ibiza","Alaves","D",1,1,0,0.666666666666667,0,3,0,2,0.8,1.5,2.6,0.5,12.2,12,4,3,3,2.5,21,4,0,3,3.3,2.4
"20220829-Granada-VillarrealB",2022-08-29,"22_23","Granada","Villarreal B","H",3,0,0.666666666666667,0.333333333333333,3,2,2,0,2,2,0,1,10,11.5,3,2.5,2,5,4,12,1,1.6,3.8,6.25
"20220829-LasPalmas-Andorra",2022-08-29,"22_23","Las Palmas","Andorra","H",2,0,0.8,0.333333333333333,2.6,1.5,1,0,1.8,1,0.2,2,12.4,7,5.4,3.5,1.4,0.5,11,14,1,1.7,3.6,5.5
"20220902-Leganes-Eibar",2022-09-02,"22_23","Leganes","Eibar","H",2,1,0.2,0.6,0.8,2,0,1,1.2,1.4,1.2,0.8,12.6,16.4,5.6,6.8,3.6,4.2,21,3,1,2.45,3,3.25
"20220903-Alaves-LasPalmas",2022-09-03,"22_23","Alaves","Las Palmas","D",1,1,0.5,0.8,2.33333333333333,2.6,0,2,1.33333333333333,1.8,0.666666666666667,0.2,11.6666666666667,11.8,3,4.6,2.33333333333333,1.8,3,2,1,2.2,3.2,3.4
"20220903-VillarrealB-Mirandes",2022-09-03,"22_23","Villarreal B","Mirandes","H",3,0,0.25,0.2,1.33333333333333,0.8,0,0,1.33333333333333,1.4,1.66666666666667,1.6,9.66666666666667,13.2,2.33333333333333,5.4,4,2.4,13,19,1,2.2,3.3,3.4
"20220903-Ponferradina-SpGijon",2022-09-03,"22_23","Ponferradina","Sp Gijon","A",1,3,0.4,0.2,1.2,1.2,0,0,1,1,1.6,0.6,15.2,10.2,6.2,2.8,2.6,1,8,10,0,2.7,3.3,2.62
"20220903-Tenerife-Santander",2022-09-03,"22_23","Tenerife","Santander","H",1,0,0,0,0.2,0,0,0,0.6,0,1.8,1.66666666666667,11.2,7.66666666666667,3,4.66666666666667,4.4,1.66666666666667,20,22,1,1.75,3.75,4.75
"20220904-Andorra-Granada",2022-09-04,"22_23","Andorra","Granada","H",1,0,0.25,0.75,1,3,0,3,0.666666666666667,2.33333333333333,2,0,7,8.66666666666667,4,3.33333333333333,0.666666666666667,2,18,1,0,3.4,3.2,2.2
"20220904-Zaragoza-Lugo",2022-09-04,"22_23","Zaragoza","Lugo","A",1,2,0.4,0.4,1.6,1.4,0,1,0.6,0.8,0.4,0.8,12,10,4,2.6,2.4,3.2,19,14,1,1.8,3.5,4.75
"20220904-Malaga-Albacete",2022-09-04,"22_23","Malaga","Albacete","A",1,2,0.2,0.4,0.6,1.4,1,1,0.6,1.4,1.6,1.4,14.2,12.8,3.8,6,1.6,1.8,18,7,1,2.1,3.25,3.75
"20220904-Huesca-Ibiza",2022-09-04,"22_23","Huesca","Ibiza","H",3,0,0.2,0,0.8,0.2,0,0,1.2,1,2,2,9.4,12.8,2.2,5,2,3.4,19,20,1,1.95,3.4,4
"20220904-Burgos-Cartagena",2022-09-04,"22_23","Burgos","Cartagena","H",1,0,0.4,0.8,1.8,2.4,0,2,0.4,2.6,0,1.2,8.2,11.4,3.2,3.6,1.8,2.6,12,8,1,2.7,3.1,2.8
"20220905-Oviedo-Levante",2022-09-05,"22_23","Oviedo","Levante","D",1,1,0.6,0.25,1.8,1.66666666666667,2,1,1.2,0.666666666666667,1,0,10.6,10.6666666666667,3.8,6.66666666666667,2.4,2,10,14,0,2.75,3.1,2.75
"20220909-LasPalmas-Leganes",2022-09-09,"22_23","Las Palmas","Leganes","H",1,0,0.6,0.2,2.2,0.8,0,1,1.6,1,0.2,1.4,10.8,12.4,3.8,5.6,2.2,3.4,3,17,1,1.9,3.4,4.2
"20220910-Lugo-Alaves",2022-09-10,"22_23","Lugo","Alaves","A",1,2,0.6,0.4,2,2,2,0,1.2,1.25,0.8,0.75,10,10.5,2.2,2.5,2.8,1.75,9,5,0,3.3,3.2,2.3
"20220910-Burgos-Oviedo",2022-09-10,"22_23","Burgos","Oviedo","D",0,0,0.4,0.6,1.8,2,1,0,0.4,1.2,0,0.8,9,12,3,3.8,1.4,2.6,6,9,0,2.8,3,2.75
"20220910-Cartagena-Albacete",2022-09-10,"22_23","Cartagena","Albacete","H",2,1,0.6,0.6,1.8,2,0,2,1.6,1.4,1.4,1,11.8,12.6,5.6,6.2,2.6,2.8,12,3,1,2.2,3.25,3.4
"20220910-Levante-VillarrealB",2022-09-10,"22_23","Levante","Villarreal B","H",4,1,0.2,0.4,1.5,1.75,0,1,0.75,1.75,0.25,1.25,9.75,11.5,5.75,3.5,3.75,3.75,12,9,1,1.57,4,5.75
"20220911-SpGijon-Santander",2022-09-11,"22_23","Sp Gijon","Santander","A",0,2,0.4,0,1.6,0,1,0,1.6,0,0.8,1.5,10.2,8.25,2.8,4.5,1,2.5,8,22,1,1.55,4,6.5
"20220911-Ibiza-Tenerife",2022-09-11,"22_23","Ibiza","Tenerife","H",1,0,0,0.2,0.2,0.8,0,1,0.8,0.8,2.2,1.4,11.2,12.4,4.4,3.2,2.8,4.2,22,16,0,2.9,3.2,2.5
"20220911-Mirandes-Andorra",2022-09-11,"22_23","Mirandes","Andorra","D",1,1,0.2,0.4,0.8,1.5,0,1,1.4,0.75,1.8,1.5,13.8,6.75,4.4,3.5,2.6,0.75,22,14,1,2.25,3.3,3.3
"20220911-Ponferradina-Zaragoza",2022-09-11,"22_23","Ponferradina","Zaragoza","A",1,2,0.4,0.2,1.2,1,0,0,1.2,0.6,1.6,0.8,12.2,11.6,3.6,4.8,2.6,2.6,14,21,1,2.45,3.1,3.1
"20220911-Huesca-Malaga",2022-09-11,"22_23","Huesca","Malaga","H",1,0,0.2,0.2,0.8,0.6,1,0,1.2,0.8,1.6,1.8,9.6,13.8,2.2,4.6,2.2,1.8,16,20,1,1.9,3.4,4.2
"20220912-Eibar-Granada",2022-09-12,"22_23","Eibar","Granada","H",4,0,0.4,0.6,1.4,2.25,0,0,1.2,1.75,1.2,0.25,13.8,10.75,6.2,3.5,4.6,2,11,4,1,2.7,3.1,2.8
"20220916-Levante-Cartagena",2022-09-16,"22_23","Levante","Cartagena","A",0,1,0.4,0.6,1.8,1.8,1,1,1.4,1.6,0.4,1.4,10.4,13,5.6,5.8,4,3,5,8,1,1.7,4,4.75
"20220917-VillarrealB-Lugo",2022-09-17,"22_23","Villarreal B","Lugo","H",3,1,0.4,0.4,1.4,1.4,0,0,1.6,1.2,1.8,1.2,11.8,9.8,3.2,2.2,3.6,2.8,15,14,1,1.85,3.4,4.75
"20220917-Zaragoza-SpGijon",2022-09-17,"22_23","Zaragoza","Sp Gijon","H",1,0,0.2,0.4,1,1.6,1,0,0.6,1.6,0.8,1,11,12.4,5.6,3.4,2.6,1.4,16,10,1,2.25,3.1,3.5
"20220917-Oviedo-Ibiza",2022-09-17,"22_23","Oviedo","Ibiza","A",0,1,0.4,0.2,1.6,0.8,0,1,0.6,0.6,0.4,1.6,10.4,9.8,4.6,4.2,2.8,3,12,18,1,1.8,3.4,5.25
"20220917-Granada-Mirandes",2022-09-17,"22_23","Granada","Mirandes","H",2,1,0.6,0,1.8,0.4,0,0,1.4,0.6,1,1.8,10.2,12.4,2.8,4,1.8,2.4,7,22,1,1.5,4,7
"20220917-Andorra-Eibar",2022-09-17,"22_23","Andorra","Eibar","H",2,0,0.4,0.6,1.4,2,0,1,0.8,2,1.4,1,8.2,12.8,3.8,6.8,1,4.2,14,5,0,3.25,3.2,2.3
"20220918-Leganes-Burgos",2022-09-18,"22_23","Leganes","Burgos","D",0,0,0.2,0.4,0.6,1.8,0,0,0.6,0.4,1.2,0,10.8,10,5.4,4.4,3.2,1.6,19,10,1,1.9,3.2,4.5
"20220918-Alaves-Huesca",2022-09-18,"22_23","Alaves","Huesca","H",2,1,0.6,0.4,2.2,1.4,1,2,1.4,1.4,0.8,1,12.4,9.6,4.2,2.8,2.8,2.2,4,14,1,2,3.25,4.2
"20220918-Santander-LasPalmas",2022-09-18,"22_23","Santander","Las Palmas","D",0,0,0.2,0.6,0.6,2.2,1,1,0.4,1.6,1.2,0.2,9,10,4.4,3.4,3,2.8,20,4,0,3.3,3.1,2.37
"20220918-Albacete-Ponferradina",2022-09-18,"22_23","Albacete","Ponferradina","A",0,1,0.6,0.4,2,1.2,0,0,1.4,1.4,1,1.8,13,11.8,6.2,3.2,3,2.6,6,17,1,2.1,3.25,3.75
"20220919-Tenerife-Malaga",2022-09-19,"22_23","Tenerife","Malaga","H",3,1,0.2,0.2,0.8,0.6,0,0,0.6,0.8,1.2,1.8,11,13.4,3,4,3.8,2,19,21,1,2,3.3,4
"20220923-SpGijon-Ibiza",2022-09-23,"22_23","Sp Gijon","Ibiza","H",2,1,0.4,0.4,1.4,1.4,0,2,1.4,0.8,1,1.2,13,9.2,3.8,4.8,1.8,3.8,12,18,1,1.9,3.3,4.33
"20220924-Mirandes-Zaragoza",2022-09-24,"22_23","Mirandes","Zaragoza","H",2,0,0,0.4,0.2,1.4,0,2,0.6,0.8,2,0.8,10,11.4,4,6,2.8,2.4,22,14,0,2.87,3.3,2.5
"20220924-Huesca-Leganes",2022-09-24,"22_23","Huesca","Leganes","H",1,0,0.4,0.2,1.2,0.8,0,0,1.6,0.4,1.4,0.8,10,10.6,3.2,5.6,2.4,2.8,16,19,1,2.45,3.2,3.1
"20220924-Ponferradina-Tenerife",2022-09-24,"22_23","Ponferradina","Tenerife","D",2,2,0.4,0.4,1.2,1.4,1,1,1,1,1.4,1,11.6,13.8,2.8,3,3.6,3.6,12,16,0,2.75,3.3,2.6
"20220924-Malaga-VillarrealB",2022-09-24,"22_23","Malaga","Villarreal B","D",1,1,0.2,0.4,0.6,1.4,0,1,1,1.8,2.2,2,12.8,12.4,3.6,3,3,3.2,21,8,1,2.2,3.4,3.3
"20220925-Burgos-Levante",2022-09-25,"22_23","Burgos","Levante","D",0,0,0.2,0.4,1.4,1.6,0,0,0.2,1.4,0,0.6,10,9.2,3.6,4.2,1.4,3.8,9,13,0,3.5,3.1,2.25
"20220925-Lugo-Oviedo",2022-09-25,"22_23","Lugo","Oviedo","D",0,0,0.4,0.4,1.4,1.6,0,0,1.2,0.6,1.4,0.4,10.2,10.6,2.6,5.4,3.2,3.2,17,14,0,3.3,2.9,2.37
"20220925-Albacete-Andorra",2022-09-25,"22_23","Albacete","Andorra","D",1,1,0.4,0.4,1.4,1.4,0,1,1,1,1,1.4,12.8,9.6,5,5.4,3,1.2,11,13,1,1.9,3.6,4
"20220925-Eibar-Santander",2022-09-25,"22_23","Eibar","Santander","H",2,1,0.4,0.2,1.4,0.8,0,0,1.6,0.4,1.2,0.8,11.8,9.6,5.8,5.2,4,3.6,11,21,1,1.61,3.6,6.5
"20220926-Cartagena-Alaves",2022-09-26,"22_23","Cartagena","Alaves","D",1,1,0.8,0.6,2.4,2.2,2,2,1.4,1.4,0.8,0.8,10,13.2,4.4,4.8,3.2,2.4,5,1,1,2.6,3.3,2.7
"20220926-LasPalmas-Granada",2022-09-26,"22_23","Las Palmas","Granada","H",2,0,0.6,0.6,2.2,1.8,0,1,1.6,1.4,0.2,1.2,12.6,10.8,4,4.6,2.4,2.2,4,5,1,2.25,3.3,3.2
"20220930-Tenerife-SpGijon",2022-09-30,"22_23","Tenerife","Sp Gijon","D",1,1,0.4,0.4,1.4,1.4,0,1,1.2,1,1.2,1,11.2,12,3.2,3.6,3.2,2.2,15,6,1,2.2,3.1,3.6
"20221001-Mirandes-LasPalmas",2022-10-01,"22_23","Mirandes","Las Palmas","D",3,3,0.2,0.6,0.8,2.2,1,1,1,1.2,1.8,0.2,11.2,12,3.6,4.2,2.8,2.8,19,1,0,3.3,3.25,2.2
"20221001-Santander-Malaga",2022-10-01,"22_23","Santander","Malaga","D",0,0,0.2,0.2,0.8,0.8,0,0,0.6,1.2,0.8,1.6,10.2,13.8,4.6,4,4,3.4,21,22,1,2.4,3.2,3.1
"20221001-Andorra-Levante",2022-10-01,"22_23","Andorra","Levante","H",3,1,0.4,0.4,1.6,1.6,0,0,1,1.4,0.8,0.6,9.4,11,5.4,4.6,2,4.2,10,11,0,3.4,3.3,2.15
"20221001-VillarrealB-Burgos",2022-10-01,"22_23","Villarreal B","Burgos","D",0,0,0.4,0.2,1.4,1.4,0,0,1.6,0.2,1.8,0,11.2,10.8,3.4,4,2.2,1.2,8,7,1,2.05,3.3,3.8
"20221002-Alaves-Ponferradina",2022-10-02,"22_23","Alaves","Ponferradina","H",3,1,0.4,0.2,1.8,0.8,0,0,1.4,1,1,1.6,11.4,10.2,4.8,2.2,2.2,4,2,13,1,1.9,3.4,4.2
"20221002-Leganes-Albacete",2022-10-02,"22_23","Leganes","Albacete","A",1,2,0.2,0.4,0.8,1.4,0,0,0.4,1.2,0.8,1.2,13,12.2,6.4,4.8,2.4,2.6,22,10,1,1.9,3.25,4.5
"20221002-Granada-Huesca",2022-10-02,"22_23","Granada","Huesca","D",0,0,0.4,0.6,1.2,1.8,0,1,1,1.4,1.6,0.8,10.6,10,5.2,3.4,2.4,2.4,10,11,1,1.66,3.6,5.75
"20221002-Oviedo-Cartagena",2022-10-02,"22_23","Oviedo","Cartagena","A",1,3,0.2,0.6,1.2,2,0,0,0.4,1,0.4,0.6,10.8,11.8,5.8,5.4,2.6,3.2,14,6,1,2.15,3.25,3.6
"20221002-Ibiza-Lugo",2022-10-02,"22_23","Ibiza","Lugo","H",3,2,0.4,0.4,1.4,1.4,0,0,0.8,1,1.2,1.2,9.8,11.4,4.8,2.8,3.8,3.2,18,16,1,1.9,3.4,4.2
"20221003-Zaragoza-Eibar",2022-10-03,"22_23","Zaragoza","Eibar","D",0,0,0.4,0.6,1.2,1.8,0,1,0.8,1.6,1.2,1,11.6,11.4,6,5,2.6,2.6,17,6,0,2.75,3.1,2.7
"20221007-SpGijon-VillarrealB",2022-10-07,"22_23","Sp Gijon","Villarreal B","H",3,1,0.4,0.4,1.4,1.6,0,0,1.2,1.6,1.2,1.2,10.8,12,4.2,3.8,2.6,2,8,10,1,1.83,3.6,4.33
"20221008-Ponferradina-Granada",2022-10-08,"22_23","Ponferradina","Granada","D",0,0,0.2,0.2,0.8,0.8,0,0,1.2,0.4,2,1.6,10.4,11.4,2,6,4,2.4,13,8,0,3,3.3,2.37
"20221008-Huesca-Lugo",2022-10-08,"22_23","Huesca","Lugo","D",1,1,0.6,0.2,2,0.8,0,0,1.2,1.2,0.4,1.8,9.6,12.8,3,3.8,2.8,3,11,18,1,1.72,3.6,5.25
"20221008-LasPalmas-Ibiza",2022-10-08,"22_23","Las Palmas","Ibiza","D",0,0,0.4,0.6,1.8,1.8,0,1,1.4,1.2,0.8,1.4,11.8,9.6,4,4.2,3,3.6,2,14,1,1.61,4,5.5
"20221008-Burgos-Alaves",2022-10-08,"22_23","Burgos","Alaves","H",3,0,0.2,0.6,1.4,2.2,0,1,0.2,1.8,0,1,11.6,12.4,3.4,5.4,1,2.2,10,1,0,2.9,3.1,2.5
"20221009-Cartagena-Leganes",2022-10-09,"22_23","Cartagena","Leganes","A",1,2,0.6,0.2,2,0.8,1,0,1.4,0.6,0.8,1,13.2,10.8,6,3.2,2.6,3,3,22,1,2.2,3.25,3.4
"20221009-Zaragoza-Oviedo",2022-10-09,"22_23","Zaragoza","Oviedo","D",1,1,0.4,0,1.4,0.6,0,0,0.8,0.4,1,1,11.2,10,5.8,6.2,1.6,2.4,17,16,1,2.2,3.1,3.6
"20221009-Albacete-Tenerife",2022-10-09,"22_23","Albacete","Tenerife","D",1,1,0.4,0.4,1.4,1.6,1,0,1.2,1.4,1.2,1,12.4,13,4.4,4.8,2.2,2,7,17,1,2.25,3.3,3.25
"20221009-Levante-Santander",2022-10-09,"22_23","Levante","Santander","A",0,1,0.2,0.2,1,1,0,0,1.2,0.6,1.2,0.6,11.6,11,4.4,4,4.6,3.8,14,21,1,1.66,3.75,5.25
"20221009-Malaga-Andorra",2022-10-09,"22_23","Malaga","Andorra","D",0,0,0,0.6,0.4,2.2,0,1,0.6,1.6,1.4,0.6,11.6,10.2,3.4,5,3,2.2,22,8,1,2,3.5,3.75
"20221010-Eibar-Mirandes",2022-10-10,"22_23","Eibar","Mirandes","D",0,0,0.4,0.2,1.4,1,0,0,1.4,1.4,1,1.8,9.6,10.4,3.2,3.2,3.8,2.8,8,21,1,1.57,4,6
"20221012-VillarrealB-Ponferradina",2022-10-12,"22_23","Villarreal B","Ponferradina","D",2,2,0.2,0.2,1,1,0,0,1.2,1,1.8,1.4,10.8,10.2,4.4,2.8,1.6,3,11,12,1,2.37,3.3,3
"20221012-Andorra-Burgos",2022-10-12,"22_23","Andorra","Burgos","A",0,1,0.4,0.2,1.8,1.4,0,1,1.4,0.6,0.6,0,10.4,11.6,5.8,3,2.4,1.4,8,5,1,2.45,3,3.1
"20221012-Leganes-Malaga",2022-10-12,"22_23","Leganes","Malaga","H",1,0,0.2,0,0.8,0.6,1,0,0.6,0.4,1,1,10.6,10,2.8,2.2,3,3.6,20,22,1,1.8,3.25,5
"20221012-Alaves-Albacete",2022-10-12,"22_23","Alaves","Albacete","D",0,0,0.6,0.2,2,1,0,0,1.6,1,1.4,1.2,12.6,11.6,6.4,4.6,2.6,1.4,2,7,1,2.1,3.3,3.6
"20221012-Oviedo-Huesca",2022-10-12,"22_23","Oviedo","Huesca","A",0,1,0,0.4,0.6,1.6,0,0,0.4,0.8,1,0.6,9,9.8,6,3.8,2.2,2.6,16,11,1,2.4,3,3.25
"20221012-Tenerife-Cartagena",2022-10-12,"22_23","Tenerife","Cartagena","D",0,0,0.2,0.6,1.2,2,0,0,1.4,1.6,1.2,1,13.4,13.2,7,4.8,1.8,3,15,4,1,2.37,3.25,3.1
"20221012-Lugo-LasPalmas",2022-10-12,"22_23","Lugo","Las Palmas","A",0,1,0,0.4,0.4,1.8,0,0,1,1.2,1.8,0.6,13,15.6,4,6.2,3.6,2.6,19,3,0,3.75,3,2.15
"20221012-Santander-Zaragoza",2022-10-12,"22_23","Santander","Zaragoza","H",1,0,0.4,0.4,1.6,1.6,1,0,0.8,0.8,0.4,0.8,12.6,10.8,3.6,6.6,4.2,1.8,20,16,0,3,3.1,2.45
"20221013-Mirandes-Levante",2022-10-13,"22_23","Mirandes","Levante","A",0,1,0.2,0.2,1.2,0.8,0,0,1.4,1,1.2,1.2,11.2,12.2,3.2,4.8,2,3.4,21,16,0,3.75,3.6,1.95
"20221013-Granada-SpGijon",2022-10-13,"22_23","Granada","Sp Gijon","H",5,0,0.2,0.4,1,1.4,0,1,0.4,1.2,1.4,1.2,10.6,11.4,5.6,4.2,2,2.8,10,6,1,1.8,3.6,4.5
"20221013-Ibiza-Eibar",2022-10-13,"22_23","Ibiza","Eibar","A",1,2,0.6,0.4,2,1.6,0,0,1.2,1.2,0.8,0.6,9,10.2,4.6,2.8,4.6,3.6,15,7,0,3.2,3.3,2.2
"20221015-Andorra-Alaves",2022-10-15,"22_23","Andorra","Alaves","A",0,1,0.4,0.4,1.6,1.6,0,0,1.2,1.2,0.6,1.2,11.6,9.8,7.2,5.4,2.4,2,10,2,0,2.75,3.1,2.7
"20221015-Zaragoza-VillarrealB",2022-10-15,"22_23","Zaragoza","Villarreal B","H",2,1,0.2,0.2,1,1.2,0,0,0.4,1.4,0.8,1.4,9.2,12.8,6,5.6,3.2,1.6,19,12,1,1.7,3.5,5.5
"20221015-Huesca-Santander",2022-10-15,"22_23","Huesca","Santander","D",0,0,0.4,0.4,1.6,1.6,1,2,0.8,0.6,0.6,0.4,9.4,14.8,3.4,4.8,3,3.8,8,16,1,2.3,3.1,3.4
"20221015-Ponferradina-LasPalmas",2022-10-15,"22_23","Ponferradina","Las Palmas","A",0,1,0.2,0.4,1.2,1.8,0,1,1.2,1.2,1.4,0.6,10,17.2,3.2,7.2,3.4,2.2,14,2,0,3.1,3.2,2.3
"20221015-Albacete-Oviedo",2022-10-15,"22_23","Albacete","Oviedo","H",1,0,0.2,0,1.2,0.4,0,0,0.8,0.4,0.8,1.2,11,9.8,4.4,6.4,2,2.4,8,19,1,2.5,3,3.1
"20221016-Malaga-Lugo",2022-10-16,"22_23","Malaga","Lugo","H",3,2,0,0,0.6,0.4,0,0,0.4,0.8,1,1.6,10.2,11.6,2.8,3.8,3.8,3.4,22,20,1,1.9,3.3,4.5
"20221016-Burgos-Mirandes",2022-10-16,"22_23","Burgos","Mirandes","H",2,1,0.4,0.2,1.8,1,2,0,0.8,1.2,0,1.2,10.6,14,2,3.8,1.4,2.6,5,21,1,1.83,3.4,4.75
"20221016-Tenerife-Granada",2022-10-16,"22_23","Tenerife","Granada","H",2,0,0.2,0.4,1.4,1.6,0,1,1.4,1.4,1,0.6,15.2,11.6,8,6,1.6,1.8,16,6,0,2.87,3.2,2.5
"20221016-Cartagena-Ibiza",2022-10-16,"22_23","Cartagena","Ibiza","H",2,0,0.4,0.4,1.6,1.4,0,0,1.2,1.2,0.8,1.2,12.4,8.6,5,4.2,3,4.4,7,17,1,1.75,3.75,4.75
"20221016-Levante-Leganes",2022-10-16,"22_23","Levante","Leganes","H",2,1,0.2,0.4,0.8,1.4,1,2,0.4,0.8,1,0.8,12,10.8,4.8,3,2.8,2.2,12,18,1,1.95,3.2,4.2
"20221017-SpGijon-Eibar",2022-10-17,"22_23","Sp Gijon","Eibar","H",2,0,0.4,0.4,1.4,1.6,0,1,1.2,0.8,1.8,0.8,10.6,10.8,4.2,1.8,2.4,3.6,10,6,0,2.8,3.1,2.55
"20221021-Granada-Zaragoza",2022-10-21,"22_23","Granada","Zaragoza","H",1,0,0.2,0.2,1,1,0,1,1,0.6,0.8,1,10.4,10.4,4,6.8,1.8,3.6,8,14,1,2.05,3.1,4.2
"20221022-VillarrealB-Andorra",2022-10-22,"22_23","Villarreal B","Andorra","H",1,0,0,0.2,0.6,1,0,0,1,0.8,1.6,0.8,11.8,10.6,6.6,6,2,2.2,13,11,1,2.3,3.25,3.2
"20221022-Alaves-SpGijon",2022-10-22,"22_23","Alaves","Sp Gijon","D",0,0,0.4,0.6,1.6,2,1,1,1,1.6,1,1.6,9,10.2,5.2,4,2.2,1.8,2,8,1,2.2,3.1,3.75
"20221022-Mirandes-Huesca",2022-10-22,"22_23","Mirandes","Huesca","D",1,1,0.2,0.4,1,1.8,0,0,1.2,0.6,1.2,0.2,18.6,9.2,4.8,3.2,2,2.8,22,10,1,2.3,3.2,3.3
"20221022-Ibiza-Levante",2022-10-22,"22_23","Ibiza","Levante","A",1,2,0.2,0.4,0.8,1.4,0,2,1,0.8,1.6,1,10,13,3.6,4.6,3.6,3,17,10,0,3.5,3.3,2.15
"20221023-Eibar-Albacete",2022-10-23,"22_23","Eibar","Albacete","D",1,1,0.4,0.4,1.6,1.8,0,1,0.8,1,0.8,0.6,12,9.4,2.4,4,3.2,1.8,9,7,1,1.95,3.3,4.33
"20221023-Leganes-Tenerife",2022-10-23,"22_23","Leganes","Tenerife","H",2,1,0.4,0.2,1.2,1.4,0,1,1,1.2,1.2,0.8,10,13.4,3,8,2.6,2,19,13,1,2.62,3.1,3
"20221023-LasPalmas-Cartagena",2022-10-23,"22_23","Las Palmas","Cartagena","H",1,0,0.6,0.4,2.2,1.6,2,1,1.4,1.4,0.6,0.8,13.6,15,6.6,5.6,2.2,3,1,4,1,1.75,3.25,6
"20221023-Santander-Ponferradina",2022-10-23,"22_23","Santander","Ponferradina","D",1,1,0.4,0,1.6,0.6,0,0,0.6,1,0.4,1.6,14.8,10.6,5.2,4,3,3.2,17,18,1,1.95,3.5,4
"20221023-Lugo-Burgos",2022-10-23,"22_23","Lugo","Burgos","H",2,0,0,0.6,0.4,2.2,0,3,1,1.2,1.6,0.2,13,10.4,4,2.4,2.8,1.8,20,3,1,2.62,3.1,2.87
"20221024-Oviedo-Malaga",2022-10-24,"22_23","Oviedo","Malaga","H",1,0,0,0.2,0.4,1.2,0,1,0.4,0.8,1.2,0.8,9.6,11.2,5.4,3.4,2.4,3.2,20,21,1,2.25,3.1,3.6
"20221028-Tenerife-Zaragoza",2022-10-28,"22_23","Tenerife","Zaragoza","A",0,2,0.2,0.2,1.2,1,0,0,1,0.6,0.8,0.8,12.8,9.2,8.6,6.8,2,3.6,13,15,1,2.2,2.87,4
"20221029-Andorra-Ponferradina",2022-10-29,"22_23","Andorra","Ponferradina","H",3,0,0.2,0,0.8,0.6,0,0,0.6,0.8,0.8,1.4,12.2,10.2,5.8,4.6,1.6,3.8,13,18,1,1.9,3.6,4
"20221029-Alaves-Oviedo",2022-10-29,"22_23","Alaves","Oviedo","H",2,1,0.4,0.2,1.6,0.8,0,1,0.8,0.6,0.8,1.2,10.2,8.4,5.2,4.4,2.4,2.2,3,17,1,2.2,2.9,4
"20221029-Burgos-Ibiza",2022-10-29,"22_23","Burgos","Ibiza","H",2,0,0.6,0.2,2,0.8,0,0,1.2,1,0.6,1.6,10.4,9.4,2.8,3,2.2,3.4,3,20,1,2.15,3.2,3.75
"20221029-Leganes-Santander",2022-10-29,"22_23","Leganes","Santander","D",0,0,0.6,0.4,1.8,1.8,1,0,1.4,0.6,1.2,0.2,8.2,14.4,2.6,6,2.6,2.8,15,16,1,2.1,3.1,4
"20221029-Huesca-LasPalmas",2022-10-29,"22_23","Huesca","Las Palmas","H",1,0,0.2,0.6,1.4,2.2,0,3,0.6,1.2,0.4,0.6,9,15,3.6,7.6,2.4,1.6,10,1,0,3.5,3.25,2.15
"20221030-Lugo-Mirandes",2022-10-30,"22_23","Lugo","Mirandes","D",0,0,0.2,0,0.8,0.6,1,0,1.4,1,1.6,1.4,12.2,17.6,4,5.2,3.2,2.2,19,22,1,2.5,3.3,2.9
"20221030-Malaga-Eibar",2022-10-30,"22_23","Malaga","Eibar","A",0,1,0.2,0.2,1,1.2,0,0,0.6,0.6,0.8,0.8,11.2,14.2,3.8,3.4,3,3.8,22,9,0,3.25,3.2,2.3
"20221030-Cartagena-Granada",2022-10-30,"22_23","Cartagena","Granada","D",0,0,0.4,0.4,1.4,1.6,0,1,1.2,1.2,0.8,0.4,11.4,11.4,4,4,3.2,2.2,6,5,1,2.5,3.25,2.9
"20221030-Albacete-VillarrealB",2022-10-30,"22_23","Albacete","Villarreal B","D",0,0,0.4,0.2,1.8,1,0,1,1,1,0.6,1.4,8.2,12.4,3,5.8,2.2,1.6,8,12,1,1.75,3.5,5
"20221031-Levante-SpGijon",2022-10-31,"22_23","Levante","Sp Gijon","H",1,0,0.6,0.4,1.8,1.6,3,0,1.2,1.2,1.2,1.4,12.2,10.6,4.4,4.2,3.4,2,9,10,1,2.2,3.4,3.25
"20221101-Ponferradina-Huesca",2022-11-01,"22_23","Ponferradina","Huesca","H",1,0,0,0.4,0.6,1.8,0,1,0.6,0.8,1.4,0.4,10.2,7.8,4.8,4.2,4,1.8,19,9,0,2.8,3.2,2.7
"20221101-Zaragoza-Andorra",2022-11-01,"22_23","Zaragoza","Andorra","A",0,2,0.4,0.2,1.4,0.8,1,1,1,0.6,0.8,0.6,8.4,13.6,6.6,6.6,3.8,1.2,13,11,1,2.2,3,3.75
"20221101-LasPalmas-Burgos",2022-11-01,"22_23","Las Palmas","Burgos","A",0,2,0.6,0.8,2,2.4,0,1,0.6,1.6,0.2,0.6,17,10,10.4,3,1.6,3,1,3,1,1.7,3.3,6.5
"20221101-Santander-Alaves",2022-11-01,"22_23","Santander","Alaves","D",1,1,0.4,0.4,1.8,1.6,0,1,0.6,0.6,0.2,0.8,13,9,5.4,5,3,2.2,17,3,1,2.62,3,2.87
"20221101-Ibiza-Leganes",2022-11-01,"22_23","Ibiza","Leganes","A",0,2,0,0.6,0.2,2,0,0,0.4,1.2,1.6,0.8,8.8,8.8,3.4,3.8,3,2.6,20,17,1,2.75,3,2.8
"20221102-Eibar-Lugo",2022-11-02,"22_23","Eibar","Lugo","H",1,0,0.4,0.2,1.6,1,1,0,0.8,1,0.8,1,15.6,11,3.6,3.8,2.2,3.2,5,18,1,1.55,4.1,6
"20221102-VillarrealB-Oviedo",2022-11-02,"22_23","Villarreal B","Oviedo","H",2,1,0.2,0.2,1,0.8,0,0,1,0.6,1.4,1,13,8.8,6.2,3.4,1.8,2.6,12,19,0,2.9,3.1,2.62
"20221102-Mirandes-Tenerife",2022-11-02,"22_23","Mirandes","Tenerife","H",1,0,0,0.2,0.6,1,0,0,0.4,0.8,0.8,1,17.4,12.2,5,7,1.8,2.2,21,17,0,2.7,3.25,2.7
"20221103-SpGijon-Albacete",2022-11-03,"22_23","Sp Gijon","Albacete","D",2,2,0.4,0.2,1.4,1.4,0,0,1,0.6,1.4,0.4,10,8.2,4.2,2.8,1.8,2.4,12,9,1,2.15,3.25,3.6
"20221103-Granada-Levante",2022-11-03,"22_23","Granada","Levante","D",0,0,0.4,0.8,1.6,2.4,0,4,1.2,1.2,0.4,0.6,12.2,11.6,3.4,4.6,1.8,2.8,6,5,1,2.45,3.1,3.1
"20221103-Cartagena-Malaga",2022-11-03,"22_23","Cartagena","Malaga","H",2,1,0.2,0.2,1,0.8,0,0,0.6,0.6,0.6,1,10.4,13,4.2,4.6,3.2,2.8,7,22,1,1.9,3.25,4.75
"20221104-Alaves-Zaragoza",2022-11-04,"22_23","Alaves","Zaragoza","H",1,0,0.4,0.4,1.8,1.2,0,0,0.8,0.8,0.4,1,9.2,8.8,5.4,4.6,2.6,3.6,2,14,1,2.1,3.1,4
"20221105-Burgos-Tenerife",2022-11-05,"22_23","Burgos","Tenerife","A",0,1,0.8,0.2,2.4,0.8,2,0,1.4,0.6,0.6,1,9,11.8,3.2,5,3.4,2.8,2,17,1,2.45,3,3.2
"20221105-Andorra-Santander",2022-11-05,"22_23","Andorra","Santander","A",0,1,0.4,0.2,1.2,1.4,2,0,1,0.6,0.6,0.4,13.2,10.8,5.8,6.4,1.2,2,9,17,1,2.1,3.2,3.8
"20221105-Huesca-VillarrealB",2022-11-05,"22_23","Huesca","Villarreal B","H",1,0,0.4,0.4,1.6,1.6,0,1,0.6,1.2,0.4,1,8.2,13.2,4.4,5.4,1.8,2.2,10,12,1,1.83,3.4,5
"20221105-Leganes-Ponferradina",2022-11-05,"22_23","Leganes","Ponferradina","H",2,1,0.6,0.2,2,1,1,1,1.2,0.8,0.6,1.4,9.2,9.8,4.4,3.8,2.2,4.8,14,17,1,1.7,3.5,5.75
"20221106-Ibiza-Mirandes",2022-11-06,"22_23","Ibiza","Mirandes","D",1,1,0,0.2,0,1,0,1,0.4,0.6,2,0.8,10,16.4,3.8,5.4,2.6,1.8,21,20,1,2.4,3.1,3.1
"20221106-Oviedo-Granada",2022-11-06,"22_23","Oviedo","Granada","H",1,0,0.2,0.4,0.6,1.6,0,0,0.6,1.2,1.2,0.4,9.8,12.8,4.6,4.6,2.6,2,19,8,1,2.37,3.1,3.2
"20221106-LasPalmas-Eibar",2022-11-06,"22_23","Las Palmas","Eibar","D",1,1,0.6,0.6,1.8,2,0,2,0.6,1,0.6,0.8,15.6,16.2,9.8,5.4,1.8,2.6,3,4,1,2.1,3.4,3.6
"20221106-Malaga-SpGijon",2022-11-06,"22_23","Malaga","Sp Gijon","D",1,1,0.2,0.2,0.6,1,0,0,0.8,0.8,1.4,1.6,12,11.2,4.8,4.2,2,2.2,22,11,1,2.75,2.9,2.87
"20221106-Albacete-Levante",2022-11-06,"22_23","Albacete","Levante","A",2,3,0.2,0.8,1.4,2.6,0,0,0.8,1.2,0.6,0.4,9.4,10.4,2.2,3.8,2.8,3.4,9,6,1,2.45,3.2,3
"20221107-Lugo-Cartagena",2022-11-07,"22_23","Lugo","Cartagena","D",1,1,0.2,0.4,0.8,1.6,0,1,0.8,0.8,1,0.4,10.8,10.8,3.8,4.8,3,3.2,19,6,1,2.62,2.87,3.1
"20221118-Granada-Albacete",2022-11-18,"22_23","Granada","Albacete","H",4,0,0.2,0.2,1,1.2,0,0,0.2,1.2,0.6,1.2,13.4,10.2,5.6,2.8,2.4,2.8,8,9,1,2.05,3.3,3.8
"20221119-Ponferradina-Oviedo",2022-11-19,"22_23","Ponferradina","Oviedo","D",1,1,0.2,0.4,0.8,1.2,0,1,0.6,0.8,1.4,1,11.2,8.2,4.6,3.2,4.6,3,18,17,1,2.62,3.1,2.9
"20221119-SpGijon-Leganes",2022-11-19,"22_23","Sp Gijon","Leganes","D",2,2,0.2,0.6,1.2,2,0,2,1,1.4,0.8,0.8,11.6,10,4.4,5.4,2.6,2.8,11,13,1,2.4,3.1,3.2
"20221119-Tenerife-Huesca",2022-11-19,"22_23","Tenerife","Huesca","H",2,0,0.4,0.4,1.2,1.6,1,1,0.8,0.6,1,0.4,10,8.4,3.8,3.8,3.4,1.8,15,8,1,2.1,3,4.2
"20221119-Zaragoza-Malaga",2022-11-19,"22_23","Zaragoza","Malaga","D",1,1,0.4,0.2,1.2,0.8,0,0,0.8,1,1,1.4,10.6,12.4,5.2,4.2,2.6,2,17,22,1,2.05,3.1,4.2
"20221120-VillarrealB-Ibiza",2022-11-20,"22_23","Villarreal B","Ibiza","H",1,0,0.4,0,1.4,0.2,0,0,0.8,0.4,0.8,1.8,10.6,10,5.2,4.2,2.2,2,14,21,1,2,3.4,3.8
"20221120-Andorra-Lugo",2022-11-20,"22_23","Andorra","Lugo","H",4,0,0.4,0.2,1.2,1,0,0,1,1,0.6,1,12,11.8,4.2,4.2,1,3,12,19,1,1.8,3.4,5
"20221120-Eibar-Alaves",2022-11-20,"22_23","Eibar","Alaves","D",0,0,0.4,0.6,1.6,2.2,0,1,0.8,1,0.8,0.4,14.8,9.8,5.4,5.4,2.4,2.6,5,1,1,2,3.25,4
"20221120-Santander-Burgos",2022-11-20,"22_23","Santander","Burgos","A",0,1,0.2,0.6,1.4,1.8,1,0,0.6,1.2,0.4,0.8,8.4,8.4,5.4,2.8,1.4,3.8,15,3,1,2.4,2.87,3.5
"20221120-Levante-LasPalmas",2022-11-20,"22_23","Levante","Las Palmas","D",1,1,0.8,0.4,2.6,1.4,1,0,1.6,0.6,0.8,0.8,10.6,15.4,3,10.4,3.8,2,5,3,1,2.45,3.1,3.1
"20221121-Mirandes-Cartagena",2022-11-21,"22_23","Mirandes","Cartagena","H",2,1,0.2,0.4,1.2,1.6,0,0,0.8,1,0.8,0.6,12.4,12,4.6,6.2,1.4,3.2,20,7,0,2.9,3,2.62
"20221125-Huesca-SpGijon",2022-11-25,"22_23","Huesca","Sp Gijon","D",0,0,0.4,0,1.4,0.8,0,0,0.6,1,0.8,1.2,7.4,12.6,4.2,4.4,2.2,2.8,9,11,0,2.87,3,2.7
"20221126-Alaves-VillarrealB",2022-11-26,"22_23","Alaves","Villarreal B","H",2,0,0.4,0.6,1.8,2,0,1,0.8,0.8,0.4,0.4,9.4,11.8,5.2,5.2,2.4,2.4,1,11,1,1.66,3.8,5.25
"20221126-Malaga-Ponferradina",2022-11-26,"22_23","Malaga","Ponferradina","H",1,0,0,0.2,0.4,1,0,0,0.6,0.8,1.2,1.4,11,11.2,3.4,4.6,2,4.2,22,18,1,2.2,3.3,3.3
"20221126-Albacete-Santander",2022-11-26,"22_23","Albacete","Santander","H",2,1,0,0.2,0.6,1.2,0,0,1,0.6,2,0.6,8.6,8.6,2.4,5,3.2,2,12,15,1,2.25,3.1,3.5
"20221126-Oviedo-Mirandes",2022-11-26,"22_23","Oviedo","Mirandes","H",1,0,0.4,0.4,1.4,1.8,0,1,1,1,1,0.6,8.2,9.2,2.6,3.6,2.8,1.8,16,19,1,2.05,3,4.2
"20221126-LasPalmas-Tenerife",2022-11-26,"22_23","Las Palmas","Tenerife","H",3,1,0.2,0.4,1,1.2,0,2,0.6,0.8,1,1,17.4,11.2,11.2,5,2,3.4,3,14,1,1.85,3.2,5
"20221127-Burgos-Zaragoza",2022-11-27,"22_23","Burgos","Zaragoza","D",2,2,0.6,0.2,1.8,0.8,1,0,1,0.6,0.6,1,9,12.2,3,6.6,3.8,2.2,3,17,1,2.6,3,3
"20221127-Leganes-Granada",2022-11-27,"22_23","Leganes","Granada","H",1,0,0.6,0.4,2.2,1.6,0,1,1.6,1,0.8,0.2,9.8,16.6,5.2,7,2.6,2.2,13,6,1,2.55,3,3
"20221127-Lugo-Levante",2022-11-27,"22_23","Lugo","Levante","D",1,1,0.2,0.6,1,2.2,0,0,0.6,1.4,1.2,0.8,10.2,9,3.6,3.2,2.4,3.8,20,4,0,3.6,3.2,2.15
"20221127-Cartagena-Eibar",2022-11-27,"22_23","Cartagena","Eibar","H",2,1,0.2,0.4,1,1.8,0,0,0.8,0.8,1,0.4,11.2,14.4,6.4,5.4,2.8,2.2,7,5,1,2.62,3,2.9
"20221128-Ibiza-Andorra",2022-11-28,"22_23","Ibiza","Andorra","A",0,1,0,0.6,0.2,1.8,0,1,0.4,1.8,1.6,0.4,9,14.6,4.4,5.2,2.8,0.8,22,9,1,2.7,3,2.8
"20221130-Tenerife-Oviedo",2022-11-30,"22_23","Tenerife","Oviedo","A",0,1,0.4,0.4,1.2,1.4,0,1,0.8,1,1.2,1,10.4,8.8,3.8,3.2,3.4,3,14,15,1,2.15,2.8,4.2
"20221202-Granada-Alaves",2022-12-02,"22_23","Granada","Alaves","H",3,1,0.2,0.6,1,2.2,0,1,0.8,1.2,0.4,0.4,14.4,9.6,6.2,6,1.8,2.4,8,1,1,2.3,3,3.5
"20221203-Zaragoza-Ibiza",2022-12-03,"22_23","Zaragoza","Ibiza","H",2,1,0.2,0,1,0.2,0,0,1,0.2,1.2,1.4,13.2,10,6.6,5.8,2.4,3.4,16,22,1,1.72,3.4,5.75
"20221203-Mirandes-Albacete",2022-12-03,"22_23","Mirandes","Albacete","H",4,2,0.4,0.2,1.6,1,0,1,0.8,1.2,0.6,2,8.4,8.8,3,3,1.2,3.6,19,9,1,2.75,2.9,2.8
"20221203-SpGijon-LasPalmas",2022-12-03,"22_23","Sp Gijon","Las Palmas","A",0,1,0,0.2,0.8,1,0,1,1,1,1.2,1.2,13.2,15.2,5,10.4,2.6,2.8,12,2,0,2.75,3,2.75
"20221203-VillarrealB-Leganes",2022-12-03,"22_23","Villarreal B","Leganes","D",0,0,0.4,0.6,1.4,2.2,0,1,0.6,1.4,0.8,0.6,11.2,10.6,5.4,5.6,3.6,3.4,13,11,1,2.6,2.9,3.1
"20221204-Andorra-Cartagena",2022-12-04,"22_23","Andorra","Cartagena","A",0,1,0.8,0.4,2.4,1.6,2,1,2,1.2,0.2,1,13.6,14.2,5.4,7,1.6,2.4,7,6,1,2.2,3.1,3.6
"20221204-Santander-Lugo",2022-12-04,"22_23","Santander","Lugo","A",0,1,0.2,0,1,0.6,0,0,0.6,0.4,0.8,1.4,9.4,10.6,3.8,4,2.8,2.2,18,20,1,1.75,3.4,5
"20221204-Eibar-Huesca",2022-12-04,"22_23","Eibar","Huesca","H",2,1,0.4,0.4,1.6,1.4,0,0,0.8,0.4,0.6,0.6,12.4,7.2,5.4,4.2,2.2,3,8,11,1,1.75,3.2,5.5
"20221204-Levante-Malaga",2022-12-04,"22_23","Levante","Malaga","H",1,0,0.4,0.2,1.8,1,0,1,1.2,0.8,0.8,1,9.2,10,3.8,3.4,3.4,1.8,7,21,1,1.61,3.75,5.75
"20221205-Ponferradina-Burgos",2022-12-05,"22_23","Ponferradina","Burgos","A",1,2,0.2,0.6,0.8,2,0,0,0.6,1.4,1.4,0.6,11.4,8.8,4.8,3,3.8,3.8,20,3,0,2.75,3,2.75
"20221206-Leganes-Mirandes",2022-12-06,"22_23","Leganes","Mirandes","D",2,2,0.6,0.6,2.2,2,0,1,1.4,1.6,0.6,1,10.6,9.6,6,4,3.4,1.8,9,17,1,2,3.1,4.5
"20221206-Oviedo-LasPalmas",2022-12-06,"22_23","Oviedo","Las Palmas","D",0,0,0.6,0.4,2,1.6,2,2,1,1.2,0.6,1,8.2,13,3.6,8,2.8,2,14,1,0,3,2.9,2.55
"20221206-Albacete-Zaragoza",2022-12-06,"22_23","Albacete","Zaragoza","D",0,0,0.2,0.2,0.8,1,0,1,1.6,1,2.8,1.4,8.6,14,3,7.6,3.8,2,10,15,1,2.5,3,3.2
"20221207-Cartagena-VillarrealB",2022-12-07,"22_23","Cartagena","Villarreal B","A",0,1,0.6,0.4,2,1.4,2,0,1.4,0.6,1,0.8,12.8,9.6,5.4,4.8,2.2,3.8,5,12,1,1.72,3.6,5.25
"20221207-Huesca-Andorra",2022-12-07,"22_23","Huesca","Andorra","H",1,0,0.2,0.6,0.8,1.8,0,0,0.4,1.4,1,0.4,8,15,4.4,5.2,3.6,1.8,11,8,1,2.62,3,3.1
"20221207-Tenerife-Alaves",2022-12-07,"22_23","Tenerife","Alaves","H",2,1,0.4,0.4,1.2,1.6,0,0,0.8,1,1,0.8,13,8.2,6.2,5.4,3,3.4,16,3,1,2.37,2.9,3.5
"20221208-Burgos-Eibar",2022-12-08,"22_23","Burgos","Eibar","A",1,2,0.6,0.4,2,1.6,1,1,1.4,1,0.8,0.8,8.6,13,2.6,6.8,2.8,2.8,2,6,0,3.1,3,2.5
"20221208-Lugo-SpGijon",2022-12-08,"22_23","Lugo","Sp Gijon","A",0,1,0.2,0,1,0.8,1,0,0.6,1,1.4,1.2,11.4,13,3.2,4.4,2.6,3.2,19,14,0,3.4,3.1,2.3
"20221208-Ibiza-Santander",2022-12-08,"22_23","Ibiza","Santander","H",1,0,0,0.2,0.2,0.8,0,0,0.4,0.6,1.4,1,9,10.6,5.8,5.8,4,2.2,22,18,1,2.7,3.1,2.75
"20221208-Levante-Ponferradina",2022-12-08,"22_23","Levante","Ponferradina","D",0,0,0.4,0.2,1.8,0.8,1,0,1.2,0.8,0.8,1.2,10.4,11.4,4.4,5.2,3.2,3.2,5,20,1,1.5,4.2,7
"20221208-Malaga-Granada",2022-12-08,"22_23","Malaga","Granada","D",1,1,0.2,0.4,1,1.4,0,1,0.8,1.4,1,0.6,9.6,14,3.2,6,2.2,2.4,22,7,0,3.1,3.25,2.37
"20221210-Andorra-Leganes",2022-12-10,"22_23","Andorra","Leganes","D",1,1,0.4,0.4,1.2,1.8,0,0,1,1.4,0.6,1,15.2,11,5,5.4,2.2,3.6,8,12,1,2.1,3.1,3.8
"20221210-VillarrealB-Tenerife",2022-12-10,"22_23","Villarreal B","Tenerife","D",2,2,0.4,0.6,1.4,1.8,1,1,0.4,1.2,0.6,1,10,12.2,4.2,6.4,3.8,2.8,11,15,0,3,3,2.55
"20221210-Zaragoza-Huesca",2022-12-10,"22_23","Zaragoza","Huesca","H",3,0,0.2,0.4,1.2,1.4,0,1,1,0.6,1,0.8,13.6,6.6,7.8,3.8,1.8,3.8,16,10,1,1.95,3.1,4.75
"20221211-Ibiza-Malaga",2022-12-11,"22_23","Ibiza","Malaga","D",1,1,0.2,0.2,0.8,1.2,1,0,0.6,0.8,1,0.8,8.4,10.8,5.4,3.8,3.2,2.8,22,21,1,2.3,3,3.4
"20221211-Ponferradina-Lugo",2022-12-11,"22_23","Ponferradina","Lugo","H",1,0,0,0.2,0.4,1,0,0,0.6,0.6,1.2,1.4,10,12,5.6,4,2.8,2.4,20,19,1,2.25,3.3,3.25
"20221211-SpGijon-Cartagena",2022-12-11,"22_23","Sp Gijon","Cartagena","D",0,0,0.2,0.4,1.2,1.4,1,0,0.8,1,0.8,1,11.4,11.8,3.6,5,3.6,1.8,12,6,1,2.2,3.1,3.5
"20221211-Eibar-Oviedo",2022-12-11,"22_23","Eibar","Oviedo","H",1,0,0.4,0.6,1.6,2.2,2,0,1.2,0.8,1,0.2,12.8,7.8,5.8,2.6,2.4,2.8,4,16,1,1.75,3.4,4.75
"20221211-Granada-Burgos",2022-12-11,"22_23","Granada","Burgos","H",1,0,0.4,0.4,1.4,1.4,0,0,1.6,1.2,0.8,1.2,14,8.8,5.2,2.4,2.6,2.6,7,3,1,1.8,3.3,5
"20221211-LasPalmas-Albacete",2022-12-11,"22_23","Las Palmas","Albacete","A",1,2,0.4,0.2,1.8,0.8,0,0,1.2,1.2,0.6,2.4,10.4,8.6,6.6,4,2.6,3,2,13,1,1.8,3.3,5
"20221211-Santander-Mirandes",2022-12-11,"22_23","Santander","Mirandes","A",1,2,0.2,0.4,0.6,1.6,0,0,0.4,1.8,1,1.4,10.6,10,5.6,3.4,2.8,2.2,19,18,1,2.1,3.1,4
"20221212-Alaves-Levante",2022-12-12,"22_23","Alaves","Levante","A",0,2,0.4,0.4,1.4,1.8,0,0,1,1.2,1,0.8,7.6,13.4,5,5.6,3,2.8,4,6,1,2.38,3,3.25
"20221216-Tenerife-Andorra",2022-12-16,"22_23","Tenerife","Andorra","D",1,1,0.4,0.4,1.4,1.4,0,0,1.4,1.2,1.4,0.6,12.6,15.2,6.4,4.8,2.4,2.4,15,9,1,2.05,3,4.2
"20221217-Lugo-Granada",2022-12-17,"22_23","Lugo","Granada","H",1,0,0.2,0.6,0.8,2,0,1,0.4,1.8,1.4,0.6,10.4,13.6,4,4.6,2.4,3.4,20,6,0,4,3.25,2.05
"20221217-Oviedo-SpGijon",2022-12-17,"22_23","Oviedo","Sp Gijon","H",1,0,0.4,0.2,1.6,1.2,0,0,0.6,0.6,0.4,0.6,9,12.6,3.2,3.2,2,3.4,16,11,1,2.8,2.88,2.9
"20221217-Mirandes-Ponferradina",2022-12-17,"22_23","Mirandes","Ponferradina","H",2,1,0.6,0.2,2,1,1,1,2,0.6,1.4,0.8,10.4,8.8,3.4,4.4,2,2.8,17,19,1,2.1,3.4,3.6
"20221217-Cartagena-Santander",2022-12-17,"22_23","Cartagena","Santander","A",0,3,0.4,0,1.4,0,0,0,0.8,0.4,0.8,1.4,10.4,10.8,3.8,6.2,1.6,2.8,7,19,1,1.95,3.25,4.33
"20221217-VillarrealB-LasPalmas",2022-12-17,"22_23","Villarreal B","Las Palmas","A",0,1,0.4,0.4,1.6,1.6,0,0,0.8,1.2,0.8,0.8,9.6,12.6,3.4,6,3.6,2.8,10,2,0,3.6,3.1,2.2
"20221218-Albacete-Ibiza",2022-12-18,"22_23","Albacete","Ibiza","H",4,0,0.4,0.2,1.4,0.8,1,0,1.2,0.6,2,1,8.6,8.4,4.2,5.2,2.8,3.6,9,22,1,1.83,3.5,4.5
"20221218-Levante-Eibar",2022-12-18,"22_23","Levante","Eibar","D",0,0,0.4,0.6,1.8,2,1,3,1,1.2,0.4,0.8,12.2,12.6,5.8,6.6,2.6,2.6,3,2,1,2.1,3.2,3.8
"20221218-Burgos-Huesca",2022-12-18,"22_23","Burgos","Huesca","D",1,1,0.4,0.2,1.4,0.8,0,0,1.2,0.4,1.2,1.4,9.4,6.6,3.2,6.4,2.8,3.8,4,13,1,2.3,3,3.5
"20221218-Malaga-Alaves",2022-12-18,"22_23","Malaga","Alaves","H",1,0,0.2,0.2,1.2,0.8,0,0,0.8,0.8,0.8,1.4,9.6,8,4.8,5,2.6,3,21,5,0,3,3,2.63
"20221219-Leganes-Zaragoza",2022-12-19,"22_23","Leganes","Zaragoza","H",2,1,0.2,0.4,1.4,1.8,0,1,1.2,1.6,1,0.8,10.4,12.2,4.4,7.8,3.6,1.6,12,16,1,2.45,3,3.3
"20230106-Ponferradina-VillarrealB",2023-01-06,"22_23","Ponferradina","Villarreal B","H",2,1,0.2,0.2,0.8,1,0,0,0.6,0.6,1,1,10.2,10,3.8,3.2,3,4,20,12,1,2.3,3.25,3.25
"20230106-SpGijon-Levante",2023-01-06,"22_23","Sp Gijon","Levante","D",1,1,0.2,0.4,1,1.8,0,0,0.2,0.8,0.4,0.2,12.2,13.4,3,7.4,3.6,2,13,3,0,2.75,3,2.75
"20230106-Leganes-Lugo",2023-01-06,"22_23","Leganes","Lugo","H",1,0,0.4,0.4,1.8,1.4,1,1,1.2,0.6,0.8,0.6,9.8,10.4,5,3.8,3.8,3.2,9,20,1,1.67,3.5,5.75
"20230107-Andorra-Oviedo",2023-01-07,"22_23","Andorra","Oviedo","H",3,1,0.2,0.6,1,2,0,1,0.6,0.6,0.8,0.2,12.2,7.8,3.6,4,2.8,1.8,10,14,1,2.05,3.1,4
"20230107-Malaga-Tenerife",2023-01-07,"22_23","Malaga","Tenerife","D",1,1,0.4,0.2,1.6,1,1,0,0.8,1.2,0.6,1.6,9.8,11,4.6,5.6,2.6,2.2,21,17,1,2.7,3,2.88
"20230107-Alaves-Burgos",2023-01-07,"22_23","Alaves","Burgos","H",1,0,0.2,0.2,0.6,1,0,0,0.8,1.2,1.6,1.4,8.6,10.6,4.8,3.6,3.6,2.6,5,4,1,1.83,3.2,4.75
"20230108-Granada-Cartagena",2023-01-08,"22_23","Granada","Cartagena","H",1,0,0.4,0.4,1.4,1.4,0,0,1,0.6,0.8,1,10.6,10.2,4.8,3.6,4,2.2,7,10,1,1.67,3.6,5.5
"20230108-Zaragoza-Mirandes",2023-01-08,"22_23","Zaragoza","Mirandes","D",0,0,0.4,0.6,1.6,2,0,2,1.6,2,1,1.4,9,10,5.2,4,2.2,2.4,17,15,1,1.75,3.3,5.25
"20230108-LasPalmas-Santander",2023-01-08,"22_23","Las Palmas","Santander","D",1,1,0.6,0.2,2,0.6,1,1,1.2,1,0.6,1.2,11.8,10.2,5.8,6.2,3,2.6,1,19,1,1.75,3.3,5.5
"20230108-Eibar-Ibiza",2023-01-08,"22_23","Eibar","Ibiza","H",1,0,0.6,0.2,2,0.8,0,0,1.2,0.6,0.8,1.6,11.4,8.6,6.6,4.8,3,3.4,3,22,1,1.53,4,6.5
"20230109-Huesca-Albacete",2023-01-09,"22_23","Huesca","Albacete","D",1,1,0.2,0.6,1,2,0,2,0.6,2,1.2,1.2,7.6,10.2,7.6,5,4,2.2,12,9,1,2.25,3.2,3.4
"20230113-Oviedo-Alaves",2023-01-13,"22_23","Oviedo","Alaves","H",1,0,0.4,0.2,1.4,0.6,0,1,0.6,0.6,0.8,1.6,7.6,10.4,3.8,6,2,4.2,15,4,1,2.7,2.75,3.2
"20230114-Cartagena-Huesca",2023-01-14,"22_23","Cartagena","Huesca","D",0,0,0.2,0.2,0.8,1,0,0,0.2,0.8,1,1.4,8.6,8.8,3.8,7.8,2.6,3.2,10,12,1,2.05,3.2,4
"20230114-Ibiza-LasPalmas",2023-01-14,"22_23","Ibiza","Las Palmas","A",1,2,0.2,0.4,0.8,1.6,0,0,0.6,0.8,1.6,0.6,7.6,13.4,3.6,6.4,3.2,2.6,22,2,0,4.33,3.1,2
"20230114-VillarrealB-Zaragoza",2023-01-14,"22_23","Villarreal B","Zaragoza","A",2,3,0.2,0.4,1,1.6,0,0,0.8,1.2,1,0.6,9.6,10,3.6,4.8,3.2,2.2,14,16,1,2.63,3,2.9
"20230114-Santander-SpGijon",2023-01-14,"22_23","Santander","Sp Gijon","H",2,0,0.2,0.2,0.8,1,0,0,1,0.4,1,0.6,9.8,11,6.4,2.6,2.4,4,19,14,1,2.55,2.9,3.1
"20230114-Tenerife-Ponferradina",2023-01-14,"22_23","Tenerife","Ponferradina","D",0,0,0.2,0.4,1.2,1.4,0,1,1.2,1,1.2,1,11.2,10.6,5.8,3.8,2.8,2.6,17,19,1,1.65,3.5,6
"20230114-Levante-Granada",2023-01-14,"22_23","Levante","Granada","H",3,1,0.4,0.6,1.8,2,0,1,0.8,1.2,0.2,0.6,13.6,13,6.6,5.8,2,4,3,5,1,2.1,3.1,4
"20230115-Mirandes-Lugo",2023-01-15,"22_23","Mirandes","Lugo","H",2,0,0.6,0.4,2.2,1.2,0,0,2,0.4,1.2,0.6,10.6,9.6,4.4,3,2.4,3.2,16,20,1,2.05,3,4.33
"20230115-Eibar-Malaga",2023-01-15,"22_23","Eibar","Malaga","H",2,1,0.8,0.2,2.6,1.2,1,0,1.2,0.8,0.4,0.8,10.8,11.2,6,4.2,2.6,2.8,3,21,1,1.65,3.5,6
"20230115-Burgos-Andorra",2023-01-15,"22_23","Burgos","Andorra","H",2,1,0.2,0.2,0.8,1,0,1,0.8,1,1.2,1,9,12.6,3,3.4,3,2,6,10,0,3,2.9,2.7
"20230116-Albacete-Leganes",2023-01-16,"22_23","Albacete","Leganes","H",1,0,0.4,0.4,1.6,1.8,0,2,1.8,1.2,1.2,0.8,12.2,9.6,5.6,5.6,1.4,3.2,8,7,1,2.55,3.1,3
"20230120-LasPalmas-Mirandes",2023-01-20,"22_23","Las Palmas","Mirandes","H",2,1,0.4,0.6,1.6,2.2,1,1,1,1.6,0.8,0.8,15,10,6.4,4.4,3.2,2,2,11,1,1.65,3.8,5.25
"20230121-Malaga-Burgos",2023-01-21,"22_23","Malaga","Burgos","D",1,1,0.2,0.2,1.2,0.8,0,1,1,0.8,1,1.2,10,9.4,3.6,3.6,2.8,3.4,21,4,1,2.05,3,4.2
"20230121-Ponferradina-Eibar",2023-01-21,"22_23","Ponferradina","Eibar","A",0,1,0.4,0.8,1.6,2.6,0,2,0.8,1.2,0.6,0.4,8.8,11.6,2.8,5,3.6,2,19,2,0,3.75,3.2,2.15
"20230121-Granada-Ibiza",2023-01-21,"22_23","Granada","Ibiza","H",2,0,0.4,0.2,1.4,0.8,0,0,0.8,0.6,1,1.6,12.2,8.8,5.2,3.2,3.4,3.4,7,22,1,1.44,4.2,9
"20230121-Alaves-Santander",2023-01-21,"22_23","Alaves","Santander","H",3,0,0.2,0.4,0.6,1.4,0,1,0.4,1.4,1.2,0.8,11.8,10.2,6.6,4.4,4,2.8,6,18,1,2,3.1,4.33
"20230122-Leganes-Levante",2023-01-22,"22_23","Leganes","Levante","D",2,2,0.4,0.4,1.6,1.8,0,1,1.2,1.2,1,0.4,8.4,13.2,4.2,6.8,3.4,2,8,3,0,2.88,3.1,2.63
"20230122-Huesca-Oviedo",2023-01-22,"22_23","Huesca","Oviedo","D",1,1,0.2,0.4,1.2,1.4,0,1,0.6,0.6,1,0.8,8.2,8.6,7.4,4.2,2.6,1.8,14,15,1,2.4,2.8,3.6
"20230122-Cartagena-Tenerife",2023-01-22,"22_23","Cartagena","Tenerife","A",0,1,0,0.2,0.4,1.4,0,0,0,1.2,1,1,11,9.2,5.2,4.4,2.8,2.8,9,17,1,2.55,3.1,3
"20230122-SpGijon-Zaragoza",2023-01-22,"22_23","Sp Gijon","Zaragoza","H",1,0,0.2,0.4,1,1.6,0,1,0.4,1.4,0.8,0.8,13,9.4,4.6,4,3.8,2.4,16,15,1,2.55,2.88,3
"20230122-Lugo-VillarrealB",2023-01-22,"22_23","Lugo","Villarreal B","A",1,2,0.2,0.2,0.6,0.8,0,0,0.2,1.2,1,1.6,8.2,10.6,3,3.4,2.6,3.2,21,16,1,2.5,3,3.25
"20230123-Andorra-Albacete",2023-01-23,"22_23","Andorra","Albacete","A",0,1,0.2,0.6,1,2.2,0,1,1.2,1.6,1.2,0.4,10.6,12.6,4.4,5.6,2,1.6,10,7,1,2,3.1,4.2
"20230127-Santander-Tenerife",2023-01-27,"22_23","Santander","Tenerife","D",1,1,0.4,0.2,1.4,1.4,0,1,1.4,1,1.2,0.8,10.2,9.6,4,4.2,2.2,3.6,18,16,0,2.9,2.8,2.8
"20230128-Granada-Andorra",2023-01-28,"22_23","Granada","Andorra","H",2,0,0.6,0.2,1.8,1,1,0,1,1.2,0.8,1.2,11,10.6,4.8,5.4,3.6,2.2,7,10,1,1.8,3.4,5
"20230128-Eibar-Leganes",2023-01-28,"22_23","Eibar","Leganes","D",0,0,0.8,0.4,2.6,1.6,3,0,1,1.2,0.2,1,9.4,7.8,4.8,4.6,2.2,3.4,1,8,1,1.95,3.1,4.5
"20230128-Oviedo-VillarrealB",2023-01-28,"22_23","Oviedo","Villarreal B","A",0,1,0.4,0.2,1.4,0.8,0,1,0.8,1.4,1,1.8,7.8,11.2,4.6,4.6,2.2,3,15,14,1,1.91,3.2,4.75
"20230128-LasPalmas-Huesca",2023-01-28,"22_23","Las Palmas","Huesca","H",1,0,0.6,0,2,0.8,2,0,1.4,0.6,1,1.2,18,9.4,6.8,7.2,3.2,2.8,2,14,1,1.65,3.4,6.5
"20230129-Albacete-Lugo",2023-01-29,"22_23","Albacete","Lugo","H",2,0,0.8,0.2,2.6,0.6,2,0,1.8,0.4,0.4,1.2,11.8,7.4,4.6,1.8,2.2,3.4,7,21,1,1.75,3.3,5.5
"20230129-Levante-Burgos",2023-01-29,"22_23","Levante","Burgos","H",1,0,0.4,0.2,1.8,1,0,0,1.6,0.8,0.8,1,12.8,9.6,6.4,4.2,1.8,2.8,5,6,1,1.57,3.6,6.5
"20230129-Ibiza-Cartagena",2023-01-29,"22_23","Ibiza","Cartagena","D",2,2,0,0,0.2,0.4,0,0,0.4,0,2,1,10.8,9.6,3,5.4,3.2,3.4,22,10,1,2.75,2.9,2.9
"20230129-SpGijon-Malaga",2023-01-29,"22_23","Sp Gijon","Malaga","D",0,0,0.2,0.2,1,1.2,1,0,0.4,1,0.8,1,13.4,9.4,5.2,4,3.2,2.4,13,20,1,1.91,3.4,4.5
"20230129-Mirandes-Alaves",2023-01-29,"22_23","Mirandes","Alaves","A",1,3,0.6,0.4,2,1.2,0,1,1.4,0.8,0.8,0.8,8.8,14.4,4,5.8,2.4,4,16,5,0,3.1,3,2.55
"20230130-Zaragoza-Ponferradina",2023-01-30,"22_23","Zaragoza","Ponferradina","D",0,0,0.4,0.4,1.4,1.4,0,0,1.4,0.8,1,0.8,8.8,10.6,4,2.2,3.4,4.2,17,19,1,1.91,3.25,4.5
"20230203-Malaga-Oviedo",2023-02-03,"22_23","Malaga","Oviedo","A",0,1,0.2,0.4,1.2,1.4,0,0,0.8,0.8,0.8,1,10,8.6,3.4,6,2.4,2.6,20,15,1,2.55,2.88,3.2
"20230204-Leganes-SpGijon",2023-02-04,"22_23","Leganes","Sp Gijon","H",1,0,0.4,0.2,1.6,1,0,0,1,0.4,0.8,0.8,8.2,11.2,5,5,3.4,3,8,15,1,2.15,3,4
"20230204-Huesca-Mirandes",2023-02-04,"22_23","Huesca","Mirandes","H",1,0,0,0.4,0.8,1.4,0,0,0.6,1.2,0.8,1.2,9.4,9,4.8,4.2,3.2,2.6,15,17,1,2,3.3,4
"20230204-Alaves-Eibar",2023-02-04,"22_23","Alaves","Eibar","H",2,0,0.6,0.6,1.8,2.2,2,0,1.4,0.8,0.6,0.2,14.6,10.6,6,4.8,3.4,2.6,4,2,1,2.38,3.1,3.3
"20230204-Tenerife-Albacete",2023-02-04,"22_23","Tenerife","Albacete","H",1,0,0.2,0.8,1.4,2.6,0,3,0.8,1.8,0.6,0.2,9.6,11.8,4.4,5,4,1.8,14,5,1,2.05,3.1,4.2
"20230205-VillarrealB-Granada",2023-02-05,"22_23","Villarreal B","Granada","A",0,2,0.4,0.6,1.2,1.8,2,2,1.2,1.2,1.4,0.8,10.2,10.4,4.2,4.6,3.2,2.8,12,6,0,3.25,3.1,2.2
"20230205-Andorra-Zaragoza",2023-02-05,"22_23","Andorra","Zaragoza","A",0,1,0.2,0.2,0.8,1,0,0,1,0.8,1.4,1,10.2,9.4,6.2,3.8,2.4,3.6,14,16,1,2.1,3,3.8
"20230205-Cartagena-Levante",2023-02-05,"22_23","Cartagena","Levante","A",1,2,0,0.4,0.4,1.8,0,1,0.4,1.4,1.4,0.8,9.6,14.2,5.6,6.6,3.6,1.8,10,5,0,3.6,3.1,2.05
"20230205-Ponferradina-Santander",2023-02-05,"22_23","Ponferradina","Santander","D",1,1,0.2,0.4,1,1.6,0,0,0.6,1.4,0.8,1,10.4,9.8,2.4,3.8,3.8,3,19,18,1,3.1,1.91,4.33
"20230205-Lugo-Ibiza",2023-02-05,"22_23","Lugo","Ibiza","D",0,0,0.2,0,0.6,0.2,0,0,0.4,0.6,1.4,2.2,8.4,12.4,2.4,4.6,2.8,3,21,22,1,2.45,3,3.1
"20230206-Burgos-LasPalmas",2023-02-06,"22_23","Burgos","Las Palmas","D",0,0,0.2,0.8,1,2.6,0,3,0.8,1.4,1,0.6,9.2,16,3.2,6.4,2.8,2.6,7,1,0,3.75,3.1,2.15
"20230210-Granada-Tenerife",2023-02-10,"22_23","Granada","Tenerife","H",2,0,0.8,0.4,2.4,1.8,3,1,1.6,0.8,0.6,0.4,10.2,9.8,3.2,4.4,1.8,4.8,5,9,1,2.1,3.1,4
"20230211-Zaragoza-Alaves",2023-02-11,"22_23","Zaragoza","Alaves","A",1,4,0.4,0.8,1.6,2.4,1,3,0.8,1.8,0.6,0.4,9.6,15.8,5.2,6.8,2.8,3.4,14,5,1,2.7,3,2.8
"20230211-Levante-Andorra",2023-02-11,"22_23","Levante","Andorra","H",1,0,0.6,0.2,2.2,0.6,2,0,1.8,0.8,1,1.4,13.6,12.4,4.6,7.4,2.8,2.2,4,15,1,1.73,3.6,5.5
"20230211-Mirandes-VillarrealB",2023-02-11,"22_23","Mirandes","Villarreal B","H",2,1,0.2,0.4,0.8,1.2,0,0,0.8,1.2,1.2,1.6,9.4,10.8,3.6,4.6,2.2,2.6,17,13,1,2.2,3.2,3.5
"20230211-LasPalmas-Lugo",2023-02-11,"22_23","Las Palmas","Lugo","H",3,0,0.6,0,2.2,0.2,0,0,1.2,0.2,0.6,1.4,15.8,10,5,3.4,2.4,2.4,2,21,1,1.4,4.5,8
"20230212-Albacete-Malaga",2023-02-12,"22_23","Albacete","Malaga","H",3,2,0.6,0,2,0.6,0,0,1,0.6,0.4,1,11.6,9.8,6.2,4.4,2.2,2.6,6,20,1,1.91,3.3,4.5
"20230212-Ibiza-Ponferradina",2023-02-12,"22_23","Ibiza","Ponferradina","D",1,1,0,0.2,0.4,1.2,0,0,0.6,0.6,1.4,0.6,11.6,9.4,5.4,2.8,2.6,4,22,19,1,2.4,3,3.2
"20230212-Oviedo-Burgos",2023-02-12,"22_23","Oviedo","Burgos","A",0,1,0.4,0.2,1.4,1,1,0,0.8,0.6,1,0.8,10.2,6.8,6,2.6,2.6,3.2,12,7,1,2.1,3,4.2
"20230212-SpGijon-Huesca",2023-02-12,"22_23","Sp Gijon","Huesca","D",1,1,0.2,0.2,1,1.2,0,1,0.4,0.6,0.8,0.6,10.8,8.8,5.6,4,3.2,2.6,17,10,1,1.95,3.1,4.5
"20230212-Eibar-Cartagena",2023-02-12,"22_23","Eibar","Cartagena","A",0,3,0.6,0,2,0.4,0,0,0.8,0.6,0.6,1.2,12,9.8,4.6,5.4,3.2,3.2,5,10,1,1.7,3.75,5.5
"20230213-Santander-Leganes",2023-02-13,"22_23","Santander","Leganes","H",2,1,0.2,0.4,1.2,1.6,0,1,1,0.8,1.2,0.6,11.2,8.4,3.8,4.4,3,4.2,19,8,1,2.8,2.9,2.9
"20230217-Cartagena-Oviedo",2023-02-17,"22_23","Cartagena","Oviedo","H",2,1,0.2,0.4,1,1.4,1,0,1.2,0.6,1,0.6,10.6,10,5,6,2.8,3.2,9,12,1,2.3,2.8,3.75
"20230218-Lugo-Eibar",2023-02-18,"22_23","Lugo","Eibar","A",0,2,0,0.4,0.2,1.4,0,0,0.2,0.6,1.8,1.2,9.6,13.2,3.6,4.8,2.2,3.4,21,5,0,4.2,3.1,2.05
"20230218-Leganes-LasPalmas",2023-02-18,"22_23","Leganes","Las Palmas","D",0,0,0.2,0.8,1,2.6,0,1,0.8,1.6,1,0.4,8.6,16.8,3.2,5.2,4.8,2.4,9,1,1,2.5,3,3.2
"20230218-Ponferradina-Levante",2023-02-18,"22_23","Ponferradina","Levante","D",0,0,0,0.8,0.8,2.6,0,3,0.4,1.8,0.6,0.8,8.8,12.6,3,4.2,4.2,2.6,19,2,0,4.33,3.2,1.95
"20230218-Tenerife-Mirandes",2023-02-18,"22_23","Tenerife","Mirandes","H",1,0,0.4,0.4,1.6,1.2,0,1,0.6,1.2,0.6,1.4,10.8,11.6,5.4,4.4,4.4,2.2,11,15,1,1.8,3.4,5
"20230219-Huesca-Granada",2023-02-19,"22_23","Huesca","Granada","D",1,1,0.2,0.8,1.2,2.4,0,4,0.6,1.8,0.6,0.6,7,8.6,2.8,1.8,3.6,1.6,13,5,0,3.25,3,2.4
"20230219-VillarrealB-Santander",2023-02-19,"22_23","Villarreal B","Santander","H",2,1,0.4,0.4,1.2,1.6,0,1,1.2,1.2,1.6,1.2,12,11.8,4.2,4.8,2.4,2.4,13,18,1,2.45,2.9,3.2
"20230219-Alaves-Ibiza",2023-02-19,"22_23","Alaves","Ibiza","H",4,2,0.8,0,2.4,0.6,4,0,2.4,0.8,0.6,1.4,13.4,12.6,5.2,6.4,3,2.4,4,22,1,1.5,3.8,7.5
"20230219-Burgos-Albacete",2023-02-19,"22_23","Burgos","Albacete","D",1,1,0.4,0.8,1.6,2.4,1,1,0.8,1.4,0.6,0.6,8.2,12.2,3,5.8,2.2,2.2,7,6,0,2.9,2.88,2.7
"20230219-Andorra-SpGijon",2023-02-19,"22_23","Andorra","Sp Gijon","H",1,0,0,0.2,0,1,0,0,0.2,0.4,1.4,0.8,12.6,12.6,7.2,6.8,2.2,2.4,17,14,1,2.1,3,3.8
"20230220-Malaga-Zaragoza",2023-02-20,"22_23","Malaga","Zaragoza","H",3,0,0,0.4,0.4,1.4,0,0,0.8,1,1.4,1.4,7.6,9.4,4.8,5.6,3.4,3,20,16,1,2.6,3,2.88
"20230224-Eibar-VillarrealB",2023-02-24,"22_23","Eibar","Villarreal B","H",2,0,0.4,0.6,1.4,1.8,1,1,0.6,1.2,1,1.2,12.8,12.8,5.2,4.2,3.6,1.8,4,11,1,1.8,3.4,5
"20230225-Alaves-Cartagena",2023-02-25,"22_23","Alaves","Cartagena","D",0,0,1,0.4,3,1.4,5,2,3.2,1.6,0.8,1.2,14,11,4.8,4.2,2.4,2.8,3,8,1,1.73,3.2,6
"20230225-Santander-Andorra",2023-02-25,"22_23","Santander","Andorra","H",2,1,0.2,0.2,1,0.6,0,1,1,0.2,1.6,1,9.8,12,4.6,6.4,2.6,2,18,13,1,2.7,3,2.88
"20230225-Mirandes-Leganes",2023-02-25,"22_23","Mirandes","Leganes","D",0,0,0.2,0.2,0.6,1.2,0,0,0.8,0.8,1.6,0.8,10,8.4,3.8,3.2,2.2,4.2,16,9,0,3.1,3,2.55
"20230225-SpGijon-Tenerife",2023-02-25,"22_23","Sp Gijon","Tenerife","H",1,0,0.2,0.6,1,2,0,1,0.4,0.8,0.6,0.6,11.4,10.4,4.8,5,2.4,5,16,10,1,2.4,3.1,3.1
"20230226-Zaragoza-Burgos",2023-02-26,"22_23","Zaragoza","Burgos","D",0,0,0.2,0.2,0.8,1.2,0,0,0.4,0.6,1.6,0.6,10,8,4.8,3.2,3,2.2,18,7,1,1.91,3,5.25
"20230226-Ibiza-Huesca",2023-02-26,"22_23","Ibiza","Huesca","D",2,2,0,0.2,0.6,1.2,0,0,1,0.8,1.8,0.8,11.4,7.6,5.8,3,2.4,3.8,22,12,1,2.3,3,3.4
"20230226-LasPalmas-Ponferradina",2023-02-26,"22_23","Las Palmas","Ponferradina","H",2,0,0.6,0,2.2,0.8,0,0,1.2,0.4,0.2,0.6,16,10.8,5.2,3.4,2.6,4,1,19,1,1.45,4,7.5
"20230226-Oviedo-Albacete",2023-02-26,"22_23","Oviedo","Albacete","D",1,1,0.2,0.6,0.8,2,0,0,0.6,1.4,1,0.8,9,10.8,5.4,5,3.2,2.4,16,6,1,2.55,2.88,3.2
"20230226-Levante-Lugo",2023-02-26,"22_23","Levante","Lugo","H",3,1,0.6,0,2.2,0.2,0,0,1.2,0.2,0.6,1.8,11.6,9.6,3.8,5,3.4,2.6,4,21,1,1.33,4.5,11
"20230227-Granada-Malaga",2023-02-27,"22_23","Granada","Malaga","H",1,0,0.8,0.2,2.6,1,0,1,1.8,1.2,0.2,1,8.6,8.2,2.4,5.6,2,2.8,5,20,1,1.57,3.8,6.5
"20230303-Andorra-LasPalmas",2023-03-03,"22_23","Andorra","Las Palmas","D",0,0,0.2,0.6,0.6,2.2,0,1,0.4,1.2,1.2,0,15.6,16.2,6.6,5.6,1.2,2,14,1,1,2.75,2.9,2.88
"20230304-Burgos-Granada",2023-03-04,"22_23","Burgos","Granada","A",1,3,0.2,0.8,1.2,2.6,0,1,0.4,1.6,0.4,0.2,9,8.4,2.6,2.6,2.2,2.2,7,5,0,3.5,2.9,2.3
"20230304-Huesca-Levante",2023-03-04,"22_23","Huesca","Levante","H",3,0,0.2,0.8,1.2,2.6,0,1,1,1.4,1,0.4,6.4,11.6,3.6,6.2,3.4,3,10,3,0,3.75,3,2.15
"20230304-Tenerife-Eibar",2023-03-04,"22_23","Tenerife","Eibar","A",0,1,0.4,0.4,1.4,1.4,0,2,0.6,0.8,0.8,1,11,14.2,5.2,5,4,3.8,11,5,1,2.5,2.8,3.25
"20230304-Mirandes-Oviedo",2023-03-04,"22_23","Mirandes","Oviedo","H",1,0,0.2,0.2,0.8,0.8,0,0,0.6,0.6,1.2,1,10.2,9.6,4.4,5.4,1.6,2.8,16,15,1,2.63,2.9,3
"20230305-Leganes-Ibiza",2023-03-05,"22_23","Leganes","Ibiza","A",0,1,0.2,0,1.2,0.8,0,0,0.4,1.4,0.4,1.8,8.4,12,3.6,6.8,3.8,2.8,9,22,1,1.73,3.1,6.5
"20230305-Albacete-SpGijon",2023-03-05,"22_23","Albacete","Sp Gijon","H",2,1,0.4,0.2,1.6,1,0,1,1.4,0.4,1,0.6,11.4,11.2,5.2,5.2,2.4,2.6,6,15,1,2.15,2.9,4
"20230305-Lugo-Zaragoza",2023-03-05,"22_23","Lugo","Zaragoza","D",0,0,0,0.2,0.2,1,0,0,0.2,0.4,2,1.4,9.2,11.6,5.4,5.2,1.4,2.2,22,17,0,3.5,3.1,2.25
"20230305-Malaga-Santander",2023-03-05,"22_23","Malaga","Santander","A",0,1,0.2,0.4,0.8,1.6,0,1,1,1.4,1,1.2,8,9.8,5.4,4.4,2.6,3,20,18,1,2.25,3,3.5
"20230305-Ponferradina-Cartagena",2023-03-05,"22_23","Ponferradina","Cartagena","A",0,3,0,0.4,0.8,1.6,0,0,0.4,1.6,0.8,1,8.6,10.8,3.2,3.4,3.8,2.4,19,8,1,2.6,3.1,2.9
"20230306-VillarrealB-Alaves",2023-03-06,"22_23","Villarreal B","Alaves","H",1,0,0.4,0.8,1.2,2.6,0,0,0.8,2.6,1.4,0.8,10.8,13,3.4,5.8,1.6,2.4,13,5,0,3.8,3.3,2.05
"20230310-Oviedo-Tenerife",2023-03-10,"22_23","Oviedo","Tenerife","D",0,0,0.2,0.4,0.8,1.2,0,0,0.6,0.4,1,0.8,8.4,11.8,3.6,6.4,3.2,3.4,18,13,0,3,2.6,3
"20230311-Eibar-Burgos",2023-03-11,"22_23","Eibar","Burgos","H",1,0,0.6,0.2,1.8,1.2,3,0,1,0.6,1,0.8,11.6,8.8,4,4,3.4,2,2,7,1,1.75,3.25,5.5
"20230311-Alaves-Lugo",2023-03-11,"22_23","Alaves","Lugo","D",0,0,0.6,0,2,0.4,0,0,2,0.2,0.8,1.6,12.6,9,6,4.8,3,1.8,5,22,1,1.44,4.2,8.5
"20230311-Ibiza-VillarrealB",2023-03-11,"22_23","Ibiza","Villarreal B","D",0,0,0.2,0.4,1.2,1.2,1,1,1.2,0.8,1.4,1.4,11.2,12.2,5.2,3.8,3.4,1.4,22,11,1,2.55,3.1,2.9
"20230311-LasPalmas-Malaga",2023-03-11,"22_23","Las Palmas","Malaga","D",2,2,0.4,0.2,1.8,0.6,0,0,1,1,0,1.2,16,9.8,6,5.4,2.6,2.6,1,20,1,1.57,3.75,7
"20230312-Zaragoza-Leganes",2023-03-12,"22_23","Zaragoza","Leganes","H",3,0,0.2,0.2,1,1,0,0,0.4,0.4,1.4,0.6,11.4,10,4.6,3.6,2,3.4,18,11,1,2.4,3,3.4
"20230312-SpGijon-Mirandes",2023-03-12,"22_23","Sp Gijon","Mirandes","A",3,4,0.2,0.4,0.8,1.4,0,1,0.6,0.6,1,0.6,12.2,11,5.4,4.2,2.6,1.6,16,14,1,1.8,3.5,4.75
"20230312-Cartagena-Andorra",2023-03-12,"22_23","Cartagena","Andorra","A",0,3,0.6,0.2,2,0.8,1,0,1.8,0.4,0.6,0.8,10.6,14,3.2,5.6,2.2,1.4,8,15,1,2.55,3,3.2
"20230312-Levante-Albacete",2023-03-12,"22_23","Levante","Albacete","D",0,0,0.6,0.4,2,1.6,0,1,1.2,1.4,1,1.2,13,11.8,7,5,3.2,2.6,5,6,1,1.75,3.6,5
"20230312-Granada-Ponferradina",2023-03-12,"22_23","Granada","Ponferradina","D",2,2,0.8,0,2.6,0.6,2,0,1.8,0.4,0.4,1.4,7.4,9.6,2.4,4,2.4,3.8,4,19,1,1.57,4,6
"20230313-Santander-Huesca",2023-03-13,"22_23","Santander","Huesca","D",1,1,0.6,0.4,2,1.8,2,1,1.4,1.6,1,0.8,10.6,6.4,4.2,4,3,2.8,16,10,1,2.5,3,3.25
"20230317-Malaga-Levante",2023-03-17,"22_23","Malaga","Levante","D",0,0,0.2,0.4,0.8,1.6,0,0,1.4,0.8,1.4,0.8,10.6,16,4.6,7.8,2,2.4,20,4,0,4,3.25,2
"20230318-Andorra-Ibiza",2023-03-18,"22_23","Andorra","Ibiza","D",2,2,0.4,0.2,1.4,1.2,1,0,1,1.2,0.6,1.4,13,11,4.6,4.8,1.8,3.8,13,22,1,1.7,3.5,5.75
"20230318-Albacete-Granada",2023-03-18,"22_23","Albacete","Granada","A",1,2,0.4,0.6,1.8,2.2,0,0,1.4,1.8,1,0.8,12.2,10.6,3.8,4,3,2.4,6,4,1,2.63,3.1,2.88
"20230318-Leganes-Oviedo",2023-03-18,"22_23","Leganes","Oviedo","A",0,1,0,0,0.4,0.4,0,0,0.2,0.4,1.2,1,10.4,7.8,3.8,4.2,2,3.4,13,18,1,2.15,2.9,4.2
"20230318-Tenerife-LasPalmas",2023-03-18,"22_23","Tenerife","Las Palmas","H",4,1,0.2,0.4,0.8,1.8,0,0,0.2,1.4,0.8,0.4,11.2,16.4,5.8,6.8,3,2.6,15,3,1,2.6,2.88,3.1
"20230318-Ponferradina-Alaves",2023-03-18,"22_23","Ponferradina","Alaves","H",1,0,0,0.4,0.6,1.6,0,0,0.6,1.6,1.6,0.8,9.4,13,3.8,5.8,3.8,2.8,19,5,0,4.2,3.1,2.05
"20230319-Burgos-SpGijon",2023-03-19,"22_23","Burgos","Sp Gijon","D",0,0,0.2,0.2,1,0.8,0,0,0.6,1.2,1,1.6,9.8,12.8,4,5.4,1.6,2.2,7,18,1,2.5,2.9,3.25
"20230319-Huesca-Zaragoza",2023-03-19,"22_23","Huesca","Zaragoza","D",1,1,0.2,0.2,1.4,1,0,1,1.6,0.8,1,1.4,7.2,11.6,2.8,4,2.8,2.4,9,16,0,2.9,2.9,2.8
"20230319-Lugo-Santander",2023-03-19,"22_23","Lugo","Santander","D",1,1,0,0.6,0.4,2,0,0,0.2,1.4,1.6,1,7.6,9,4.6,3.4,2.2,2.8,22,17,0,3,3,2.63
"20230319-VillarrealB-Cartagena",2023-03-19,"22_23","Villarreal B","Cartagena","H",5,2,0.4,0.6,1.4,2,0,0,0.8,1.6,1,0.8,11,11.8,3.8,3.6,1.2,2,11,8,1,2.45,3,3.2
"20230320-Mirandes-Eibar",2023-03-20,"22_23","Mirandes","Eibar","A",2,3,0.6,0.8,2,2.4,2,4,1.4,1.2,1,0.6,11.6,11.8,4.6,5.4,1.2,2.8,13,1,0,3.4,3.1,2.3
"20230324-Cartagena-Lugo",2023-03-24,"22_23","Cartagena","Lugo","H",2,0,0.4,0,1.4,0.6,0,0,1.4,0.4,1.8,1.2,11.8,9,4,4.6,2.8,2.6,8,21,1,1.7,3.5,5.25
"20230325-Ibiza-Burgos",2023-03-25,"22_23","Ibiza","Burgos","H",2,0,0.2,0,1.2,0.6,0,0,1.4,0.4,1.6,1,9.8,9.6,4,4.8,4.2,2.6,21,8,1,2.3,2.88,3.3
"20230325-Santander-Levante",2023-03-25,"22_23","Santander","Levante","A",0,1,0.4,0.2,1.6,1.2,0,0,1.2,0.6,1,0.8,11.4,17,4.6,8.2,3.2,3,17,4,0,3.4,3.1,2.25
"20230325-Alaves-Tenerife",2023-03-25,"22_23","Alaves","Tenerife","H",1,0,0.2,0.4,1,1.4,0,1,0.8,1,0.8,0.6,15.2,11.8,6.8,5.2,3,3.2,5,11,1,1.91,3.1,4.5
"20230326-Eibar-Andorra",2023-03-26,"22_23","Eibar","Andorra","D",0,0,1,0.4,3,1.6,5,0,1.8,1.4,0.4,0.8,11,15.2,5.4,6.2,2.4,2,1,12,1,1.91,3.3,4.33
"20230326-Ponferradina-Mirandes",2023-03-26,"22_23","Ponferradina","Mirandes","D",0,0,0.2,0.4,1,1.4,1,0,0.6,1.4,1.4,1.4,9.4,9,4,3.2,3.2,1.4,19,13,1,2,3.2,4
"20230326-Zaragoza-Albacete",2023-03-26,"22_23","Zaragoza","Albacete","D",1,1,0.2,0.2,1.2,1.2,0,0,0.8,1,0.8,1,9.4,10.4,3.8,4,2.4,3.2,15,6,1,2.15,3,3.6
"20230326-Granada-Oviedo",2023-03-26,"22_23","Granada","Oviedo","H",1,0,0.6,0.2,2.2,1,1,1,1.8,0.6,1,0.8,11,7.6,4,5.4,3,2.6,3,16,1,1.8,3.3,5
"20230326-VillarrealB-Huesca",2023-03-26,"22_23","Villarreal B","Huesca","D",0,0,0.6,0.2,2,1.4,1,0,1.6,1.6,1,1,12.8,10,5.2,4.2,1.2,1.8,9,10,1,2.45,3.1,2.9
"20230326-LasPalmas-SpGijon",2023-03-26,"22_23","Las Palmas","Sp Gijon","D",1,1,0.2,0.2,1.2,0.8,0,0,1,1,1.2,1.4,13,11.6,5.8,5.6,3,2.8,4,18,1,1.7,3.5,5.5
"20230327-Malaga-Leganes",2023-03-27,"22_23","Malaga","Leganes","H",2,0,0.2,0,1,0.4,0,0,1,0,0.8,1,11.6,9.6,4.8,4,1.8,1.4,21,15,0,2.9,2.9,2.4
"20230331-Levante-Zaragoza",2023-03-31,"22_23","Levante","Zaragoza","D",1,1,0.4,0.2,1.6,1.4,1,0,0.8,1,0.8,0.4,17.4,9.4,8,4.6,2.6,2.2,4,14,1,1.8,3.4,5
"20230401-Burgos-Santander",2023-04-01,"22_23","Burgos","Santander","H",2,1,0,0.4,0.4,1.6,0,0,0.2,1,1.2,0.8,10.4,12.8,4.6,5,2.8,3.2,8,18,1,2.4,2.88,3.4
"20230401-Leganes-Cartagena",2023-04-01,"22_23","Leganes","Cartagena","A",1,3,0,0.4,0.2,1.4,0,1,0,1.4,1.4,1.6,9.2,11.6,4.6,4,1.8,3,15,8,1,2.1,3,4
"20230401-Tenerife-VillarrealB",2023-04-01,"22_23","Tenerife","Villarreal B","D",1,1,0.2,0.4,0.8,1.6,0,0,0.8,1.2,0.8,0.8,9.8,13,5,5.2,3.6,1.4,12,9,1,1.75,3.3,5.5
"20230401-Oviedo-Eibar",2023-04-01,"22_23","Oviedo","Eibar","D",1,1,0.2,0.8,1,2.6,0,0,0.4,1.4,0.6,0.4,7.2,10.4,4.8,4.8,2.6,2.6,16,1,0,3.25,2.7,2.7
"20230402-Huesca-Alaves",2023-04-02,"22_23","Huesca","Alaves","A",0,1,0.2,0.2,1.4,1,0,1,1.4,0.2,0.8,0.4,10,14.6,3.8,7.2,1.6,3.4,11,5,0,3.2,2.8,2.25
"20230402-Lugo-Ponferradina",2023-04-02,"22_23","Lugo","Ponferradina","D",0,0,0,0.2,0.6,1,0,0,0.4,0.6,1.2,1.4,8.8,8.6,3.6,4,2.4,3,22,19,0,2.7,2.75,2.63
"20230402-Mirandes-Ibiza",2023-04-02,"22_23","Mirandes","Ibiza","D",2,2,0.4,0.4,1.6,1.8,0,1,1.4,1.4,1.2,0.8,9,11.2,3.6,4.4,1.4,4,13,21,1,2.15,3.1,3.5
"20230403-Albacete-LasPalmas",2023-04-03,"22_23","Albacete","Las Palmas","A",1,2,0.2,0.2,1.2,1.2,0,0,1,1.2,1,1.4,11,15,5.6,5.6,2.6,2.8,6,5,1,2.3,2.8,3.1
"20230407-Lugo-Tenerife",2023-04-07,"22_23","Lugo","Tenerife","D",0,0,0,0.2,0.8,1,0,0,0.2,1,0.6,0.8,9.6,11,3.4,5.6,3,3.4,22,12,0,4.5,3.1,1.91
"20230407-VillarrealB-Malaga",2023-04-07,"22_23","Villarreal B","Malaga","A",1,2,0.4,0.2,1.8,1,0,0,1.4,0.8,0.6,0.8,13,11.4,4.4,4.4,2.2,2.4,9,20,1,2.1,3.25,3.75
"20230408-Zaragoza-Granada",2023-04-08,"22_23","Zaragoza","Granada","H",1,0,0.2,0.6,1.4,2,0,0,1.2,1.6,0.6,1,9.4,11.6,3.8,4.6,2.2,2.4,15,3,0,2.8,3,2.75
"20230408-Ibiza-SpGijon",2023-04-08,"22_23","Ibiza","Sp Gijon","A",1,3,0.4,0.2,1.8,1,0,1,1.4,1.2,0.8,1.4,9.6,10,3.4,5.6,4.2,2.8,21,15,1,2.7,3,2.9
"20230408-Santander-Albacete",2023-04-08,"22_23","Santander","Albacete","H",4,1,0.2,0.2,1,1,0,0,0.8,1,1,1.2,14,13,5.4,5.2,3,2.6,18,6,1,2.5,2.9,3.1
"20230409-Cartagena-Mirandes",2023-04-09,"22_23","Cartagena","Mirandes","H",1,0,0.6,0.4,1.8,1.6,2,0,2,1.8,1.8,1.6,11.6,12.8,4,4.4,3.6,1,7,17,1,1.85,3.4,4.5
"20230409-Eibar-Levante",2023-04-09,"22_23","Eibar","Levante","D",1,1,0.6,0.2,2.2,1.2,0,0,1.2,0.4,0.6,0.8,10.2,16.2,4.2,5.4,2.4,3,1,5,1,2.5,2.9,3.2
"20230409-LasPalmas-Oviedo",2023-04-09,"22_23","Las Palmas","Oviedo","A",0,1,0.2,0.2,1.2,1,1,0,1.2,0.4,1.6,0.6,13.2,7.4,5.4,6,3.8,2.8,2,17,1,1.75,3.1,6.5
"20230409-Ponferradina-Leganes",2023-04-09,"22_23","Ponferradina","Leganes","A",0,1,0.2,0,1.2,0,0,0,0.6,0.2,1,2,11,9,4.8,3.8,3,2,19,18,1,2.75,2.9,2.88
"20230409-Huesca-Burgos",2023-04-09,"22_23","Huesca","Burgos","H",2,1,0.2,0.2,1.2,0.8,0,1,1,0.6,0.6,1.4,10.2,10,3.6,5,1.4,3,13,8,1,2.38,3,3.4
"20230410-Alaves-Andorra",2023-04-10,"22_23","Alaves","Andorra","D",0,0,0.4,0.4,1.4,1.8,2,1,0.4,1.2,0.4,0.4,12.8,12.4,6.8,4.8,3.6,2.6,5,11,1,1.73,3.3,6
"20230414-Albacete-Eibar",2023-04-14,"22_23","Albacete","Eibar","H",3,1,0,0.4,0.4,1.8,0,0,0.8,1.2,1.8,0.8,13.4,12.2,5.2,4.4,3,2.4,7,1,1,2.7,3,2.8
"20230415-Oviedo-Lugo",2023-04-15,"22_23","Oviedo","Lugo","H",2,1,0.4,0,1.6,0.8,1,0,0.6,0.2,0.4,0.6,7.6,9.8,6.4,3.8,2.4,2.8,15,22,1,1.65,3.4,6.5
"20230415-Granada-LasPalmas",2023-04-15,"22_23","Granada","Las Palmas","H",2,1,0.4,0.2,1.4,1,0,0,1,1.2,1,1.8,12.2,13.4,5,4.4,1.8,3.2,3,2,1,2.3,3,3.4
"20230415-Burgos-Ponferradina",2023-04-15,"22_23","Burgos","Ponferradina","D",2,2,0.2,0.2,0.8,1.2,0,0,0.6,0.6,1.2,0.6,10.8,10.8,4,5.6,3,3,8,19,1,2.3,2.9,3.6
"20230415-Zaragoza-Santander",2023-04-15,"22_23","Zaragoza","Santander","H",4,1,0.4,0.2,1.8,1,1,1,1.4,1.4,0.6,1.2,10.4,15,4.2,4.8,2.2,2.8,13,18,1,2.1,3,4.2
"20230416-Andorra-Huesca",2023-04-16,"22_23","Andorra","Huesca","H",1,0,0.4,0.2,1.8,1.2,0,1,1.2,0.8,0.4,0.8,13.4,12.8,4.8,3.8,2.2,2,13,10,1,1.75,3.3,5.5
"20230416-SpGijon-Alaves",2023-04-16,"22_23","Sp Gijon","Alaves","D",0,0,0.4,0.4,1.6,1.6,2,0,1.6,0.4,1.2,0.2,9.2,12.4,5.6,6.4,2.8,3.4,14,4,0,3.3,3,2.4
"20230416-Malaga-Cartagena",2023-04-16,"22_23","Malaga","Cartagena","H",1,0,0.4,0.6,1.6,1.8,1,3,1.2,1.6,0.8,1.8,9.2,12.4,4.6,3.6,2.6,3.8,20,7,1,2.45,3.2,3
"20230416-Tenerife-Ibiza",2023-04-16,"22_23","Tenerife","Ibiza","H",4,0,0.2,0.2,1.2,1.2,0,0,1,1.4,0.6,1.4,11.4,10.2,4.4,4.4,3.6,4,15,21,1,1.75,3.25,6
"20230416-Leganes-VillarrealB",2023-04-16,"22_23","Leganes","Villarreal B","H",1,0,0.2,0.2,0.6,1.2,1,0,0.4,1.4,1.8,1,8.4,13.6,3.6,4.2,2.2,2.2,16,13,1,1.91,3.25,4.75
"20230417-Levante-Mirandes",2023-04-17,"22_23","Levante","Mirandes","A",1,2,0.2,0.2,1.4,1,0,0,0.6,1.6,0.4,1.8,13,12.2,4.8,5.2,2.6,1.2,5,17,1,1.57,4,6
"20230421-Eibar-Zaragoza",2023-04-21,"22_23","Eibar","Zaragoza","D",1,1,0.2,0.4,1.2,1.8,0,2,1.2,1.6,1.4,0.8,11.8,13.8,3.6,4.4,3.2,2.2,1,10,1,2,2.9,4.75
"20230422-LasPalmas-Levante",2023-04-22,"22_23","Las Palmas","Levante","D",0,0,0.2,0.2,0.8,1.2,0,0,1,0.8,1.8,0.8,12.6,12,5,5.6,3.4,2.6,3,5,1,2.38,3,3.3
"20230422-Ibiza-Oviedo",2023-04-22,"22_23","Ibiza","Oviedo","A",1,2,0.2,0.6,1,2,0,2,1.4,1,2.2,0.6,9.8,8.4,4,5.8,3.6,2,21,14,0,3,2.8,2.75
"20230422-VillarrealB-Albacete",2023-04-22,"22_23","Villarreal B","Albacete","A",1,2,0.2,0.2,1,0.8,0,1,1.4,1.4,1.2,2,12.4,14.4,3.4,5,2.2,2.4,14,6,0,2.8,3.25,2.6
"20230422-Cartagena-SpGijon",2023-04-22,"22_23","Cartagena","Sp Gijon","H",2,1,0.6,0.4,1.8,1.8,0,0,1.6,1,1.4,0.4,11,7.4,3.2,5.4,3.6,2.6,7,16,1,2.1,3.2,3.8
"20230422-Ponferradina-Andorra",2023-04-22,"22_23","Ponferradina","Andorra","A",1,4,0.2,0.4,1.2,1.8,0,1,0.6,0.8,0.6,0.4,12.4,13.2,6,4.4,2.4,1.8,20,10,0,2.8,3,2.75
"20230423-Lugo-Malaga",2023-04-23,"22_23","Lugo","Malaga","A",0,2,0,0.6,0.6,2,0,2,0.4,1,1,0.4,9.6,8.8,4.2,4.8,2.8,3.4,22,19,0,3.4,3.1,2.3
"20230423-Mirandes-Burgos",2023-04-23,"22_23","Mirandes","Burgos","H",2,1,0.2,0.2,1,1,1,0,1.2,1,1.4,1.4,10.2,11.2,4.4,4.6,2,3,17,9,1,2.45,2.88,3.5
"20230423-Santander-Granada",2023-04-23,"22_23","Santander","Granada","H",1,0,0.2,0.6,0.8,1.8,0,1,1.4,1,1.8,0.8,14.8,9.8,4.8,3.8,3,2,18,2,0,3.8,3.2,2.1
"20230423-Alaves-Leganes",2023-04-23,"22_23","Alaves","Leganes","H",2,1,0.4,0.4,1.6,1.2,0,2,0.4,0.6,0.2,1.2,10.2,9.4,6.2,3.6,3.4,2.2,4,15,1,1.73,3.4,5.5
"20230424-Huesca-Tenerife",2023-04-24,"22_23","Huesca","Tenerife","D",1,1,0.2,0.4,1,1.6,0,1,0.6,1.8,0.8,0.6,11.8,13.4,4.2,4.6,3,2.8,14,13,0,3.1,3,2.6
"20230428-Santander-Ibiza",2023-04-28,"22_23","Santander","Ibiza","H",1,0,0.4,0.2,1.2,0.8,1,0,1.4,1.2,1.6,2.2,12.2,10.8,3.8,4,2.6,3.6,18,21,1,1.67,3.5,5.75
"20230429-Levante-Alaves",2023-04-29,"22_23","Levante","Alaves","H",2,0,0.2,0.6,1.2,2.2,0,1,0.8,0.8,0.8,0.2,11,8.8,4.8,5.4,2.2,3.2,5,2,1,2.25,3.1,3.5
"20230429-Albacete-Cartagena",2023-04-29,"22_23","Albacete","Cartagena","D",1,1,0.4,0.8,1.4,2.4,2,1,1.6,1.6,1.8,0.6,17,11.2,4.4,2.6,2.2,2.8,6,7,1,2.05,3.3,3.75
"20230429-Tenerife-Leganes",2023-04-29,"22_23","Tenerife","Leganes","H",1,0,0.2,0.4,1.2,1.2,0,0,1.2,0.8,0.6,1.4,13.8,8.6,5.2,2.8,2.4,2.4,13,17,1,2.05,2.88,4.5
"20230430-Andorra-Mirandes",2023-04-30,"22_23","Andorra","Mirandes","A",0,1,0.6,0.4,2.2,1.6,2,2,1.2,1.2,0.2,1,11.6,9.8,3,4.4,1.4,2.4,8,13,1,1.8,3.4,4.75
"20230430-Oviedo-Ponferradina",2023-04-30,"22_23","Oviedo","Ponferradina","H",3,2,0.6,0,2,0.6,3,0,1.2,0.6,0.8,1.4,7.8,11.4,4.8,4.8,2.2,3.8,12,20,1,2.1,3,4
"20230430-Granada-Eibar",2023-04-30,"22_23","Granada","Eibar","D",1,1,0.4,0,1.2,0.8,0,0,0.6,0.8,0.8,1.2,9,12.8,4.2,4.4,1.6,3.8,4,1,1,2.1,3.1,4
"20230430-Zaragoza-LasPalmas",2023-04-30,"22_23","Zaragoza","Las Palmas","D",1,1,0.4,0.2,1.8,1,0,0,1.6,0.8,0.8,1,16.2,13,5.4,5.4,2.2,3.4,13,5,1,2.63,3,3
"20230501-SpGijon-Lugo",2023-05-01,"22_23","Sp Gijon","Lugo","H",3,1,0.4,0,1.6,0.4,0,0,1.2,0.2,0.8,1.2,6.6,9.4,3.6,4.6,3.2,2.6,18,22,1,1.55,3.8,7
"20230501-Burgos-VillarrealB",2023-05-01,"22_23","Burgos","Villarreal B","H",1,0,0.2,0,0.8,0.4,0,0,1.2,0.6,1.8,1.2,10.6,11.2,3.2,2.6,2.8,2.2,12,16,1,2.2,3.1,3.6
"20230505-Alaves-Granada",2023-05-05,"22_23","Alaves","Granada","D",1,1,0.4,0.2,1.6,0.8,0,0,0.6,0.6,0.6,1,8.4,9.6,6,3,2.8,1.4,4,2,1,2.15,3,3.8
"20230506-Mirandes-Santander",2023-05-06,"22_23","Mirandes","Santander","D",1,1,0.6,0.6,2,1.8,3,2,1.4,1.6,1,1.4,10.6,11.8,4,4.6,2.6,2.6,11,16,1,2.38,3.1,3.2
"20230506-Leganes-Huesca",2023-05-06,"22_23","Leganes","Huesca","H",2,1,0.4,0.2,1.2,1,0,0,0.8,0.6,1.2,0.8,10,9.6,2.2,3.2,1.8,3.6,18,14,1,2.1,3,4
"20230506-Tenerife-Levante",2023-05-06,"22_23","Tenerife","Levante","H",1,0,0.4,0.2,1.8,1.2,1,1,1.4,1,0.4,0.8,15.2,12,5.4,6.2,1.6,3,12,4,0,3.1,3.1,2.45
"20230507-VillarrealB-SpGijon",2023-05-07,"22_23","Villarreal B","Sp Gijon","H",2,0,0,0.6,0.2,2,0,1,0.6,1.6,1.4,0.8,11.4,8.2,3.6,4.8,2.4,2.6,18,15,1,2.3,3,3.5
"20230507-Ibiza-Albacete",2023-05-07,"22_23","Ibiza","Albacete","A",0,5,0,0.4,0.2,1.4,0,0,0.8,1.6,2.4,1.8,8.8,16.8,3.8,3,3.6,2.6,21,6,0,4.75,3.4,1.8
"20230507-Ponferradina-Malaga",2023-05-07,"22_23","Ponferradina","Malaga","H",2,0,0,0.6,0.4,2,0,0,1,1,2,0.4,11.4,8.6,4.6,4.6,3.6,2.8,20,19,0,3,2.9,2.7
"20230507-Lugo-Andorra",2023-05-07,"22_23","Lugo","Andorra","D",2,2,0,0.6,0.4,2,0,0,0.4,1.2,1.4,0.4,8.6,11.8,5,4,2.2,1.2,22,12,0,5.25,3.5,1.75
"20230507-Oviedo-Zaragoza",2023-05-07,"22_23","Oviedo","Zaragoza","H",2,1,0.8,0.4,2.6,1.8,4,0,1.8,1.6,1,0.8,10,16.6,6.2,5.2,2.2,3.4,11,13,1,2.38,2.88,3.5
"20230507-Cartagena-Burgos",2023-05-07,"22_23","Cartagena","Burgos","D",0,0,0.6,0.4,2,1.4,0,1,1.4,1.4,0.8,1.4,10.2,10.6,3.4,4.2,3.2,2.4,7,9,1,1.75,3.25,5.25
"20230508-Eibar-LasPalmas",2023-05-08,"22_23","Eibar","Las Palmas","A",0,1,0,0.2,0.8,1,0,0,1,0.8,1.4,1,11.6,12.4,4.6,6,3.4,3,1,5,1,2.15,3.1,3.75
"20230512-Burgos-Leganes",2023-05-12,"22_23","Burgos","Leganes","A",0,3,0.2,0.6,1,1.8,0,1,1,1,1.2,0.8,11.6,12.8,3.8,3.6,2.6,2,9,15,1,2.6,2.8,3.2
"20230513-SpGijon-Oviedo",2023-05-13,"22_23","Sp Gijon","Oviedo","D",1,1,0.4,1,1.4,3,0,5,1.4,2,1.2,1,8.2,8.6,3.8,4.8,2.6,2.2,17,8,1,2.4,3,3.2
"20230513-Granada-Lugo",2023-05-13,"22_23","Granada","Lugo","H",2,0,0.2,0,1,0.4,0,0,0.8,0.8,1,1.8,8.4,8.6,3.4,5.6,2.8,2.4,3,22,1,1.25,5.25,15
"20230513-Zaragoza-Cartagena",2023-05-13,"22_23","Zaragoza","Cartagena","H",2,0,0.4,0.4,1.6,1.6,0,0,1.6,0.8,1,0.6,16,10.6,5.8,3.6,3,2.4,14,7,1,2.5,3.25,2.8
"20230513-Malaga-Mirandes",2023-05-13,"22_23","Malaga","Mirandes","H",2,0,0.6,0.6,2,2,0,0,1,1.2,0.6,0.8,10.6,9.2,5.4,5.2,3,3,19,13,1,2.2,3.2,3.4
"20230514-Santander-Eibar",2023-05-14,"22_23","Santander","Eibar","H",1,0,0.6,0,2,0.6,0,0,1.6,0.8,1.2,1.4,11.2,12.8,3.8,5.6,2.4,3.4,18,3,0,4,3.1,2.1
"20230514-Andorra-Tenerife",2023-05-14,"22_23","Andorra","Tenerife","H",1,0,0.4,0.6,1.6,2.2,0,2,1.4,1.4,0.8,0.2,11,15,3.4,4.8,1.8,1.8,11,10,1,2.4,3.25,3
"20230514-Albacete-Alaves",2023-05-14,"22_23","Albacete","Alaves","D",1,1,0.6,0.2,2,1.2,1,0,2.4,0.6,1.4,0.8,16.8,10.6,4.2,6.2,2.2,3.6,6,4,1,2.45,3.2,3
"20230514-Huesca-Ponferradina",2023-05-14,"22_23","Huesca","Ponferradina","D",1,1,0.2,0.2,1,0.8,0,1,0.8,1.4,1,2,9,11.4,2.8,4.6,4.8,3.6,18,20,1,2.15,3.2,3.6
"20230514-LasPalmas-VillarrealB",2023-05-14,"22_23","Las Palmas","Villarreal B","D",1,1,0.2,0.2,1,0.6,1,1,0.6,0.8,0.8,1.2,11.4,12.6,4.8,4.4,2.6,1.4,2,18,1,1.5,4,7
"20230515-Levante-Ibiza",2023-05-15,"22_23","Levante","Ibiza","D",0,0,0.2,0,1,0,0,0,0.8,0.4,0.8,3,12,7.8,5.6,4,2.6,3.8,5,21,1,1.33,5,9.5
"20230520-Cartagena-LasPalmas",2023-05-20,"22_23","Cartagena","Las Palmas","A",1,4,0.2,0.2,1,1.2,0,0,0.6,0.8,1,0.8,10.6,11,4.4,4.4,1.8,3,7,4,0,2.88,3.2,2.55
"20230520-Alaves-Malaga",2023-05-20,"22_23","Alaves","Malaga","H",2,1,0.2,0.6,1.2,2,0,1,0.8,1,1,0.4,11.6,11.4,6.6,5.2,4.2,2.6,4,19,1,1.67,3.5,6
"20230520-Eibar-SpGijon",2023-05-20,"22_23","Eibar","Sp Gijon","D",2,2,0,0.2,0.4,1,0,0,0.6,1,1.4,1.2,14.2,9,6.6,4.6,3.2,2.8,5,18,1,1.75,3.3,5.75
"20230520-Lugo-Huesca",2023-05-20,"22_23","Lugo","Huesca","A",1,2,0,0,0.2,0.6,0,0,0.8,0.6,2.2,1,8.2,7.6,5.4,3.4,2.2,4.2,22,18,0,4.2,3.1,2
"20230520-Ibiza-Zaragoza",2023-05-20,"22_23","Ibiza","Zaragoza","H",1,0,0,0.4,0.2,1.6,0,1,0.2,1.8,2.4,1,5.8,15.2,2.6,6,4.4,3,21,12,0,3.8,3.3,2.05
"20230520-VillarrealB-Levante",2023-05-20,"22_23","Villarreal B","Levante","A",2,3,0.2,0.2,0.8,1,0,0,0.8,0.6,1,0.6,13.2,15,5.2,6.8,1.2,2.2,16,5,0,4.33,3.5,1.85
"20230520-Tenerife-Burgos",2023-05-20,"22_23","Tenerife","Burgos","H",2,1,0.6,0.2,2,1,0,0,1.4,0.8,0.4,1.4,13.2,11.4,5,4.2,2.4,2,11,10,1,1.8,3.1,5.5
"20230520-Ponferradina-Albacete",2023-05-20,"22_23","Ponferradina","Albacete","D",1,1,0.2,0.6,1,2.2,0,0,1.6,2.4,2,0.8,10.2,15.8,3,3.8,3.4,2.2,20,6,0,4.2,3.4,1.91
"20230520-Mirandes-Granada",2023-05-20,"22_23","Mirandes","Granada","A",1,3,0.6,0.4,2,1.6,0,1,1.2,1.2,1,0.8,9,10,4,3.6,3,3.4,13,2,0,5,3.7,1.7
"20230521-Oviedo-Santander",2023-05-21,"22_23","Oviedo","Santander","H",1,0,0.8,0.6,2.6,2,0,1,2,1,1.2,1,9,8.6,4.2,3.4,2.2,2,9,16,1,2.15,3.1,3.8
"20230521-Leganes-Andorra",2023-05-21,"22_23","Leganes","Andorra","D",1,1,0.6,0.6,1.8,2,2,1,1.4,1.6,0.8,0.8,13.2,11.6,3.8,3.8,1.6,1.6,14,10,1,2,3,4.5
"20230526-Zaragoza-Tenerife",2023-05-26,"22_23","Zaragoza","Tenerife","D",1,1,0.2,0.6,1,2,0,1,1,1,1,0.6,12.2,14.6,6.4,6.6,2.8,3.4,13,10,1,2.3,3.2,3.1
"20230527-Andorra-VillarrealB",2023-05-27,"22_23","Andorra","Villarreal B","H",4,3,0.4,0.2,1.6,0.8,0,0,1.6,1.2,1,1.4,12.2,13.4,4.4,5.2,1.4,2.2,10,18,1,1.85,3.25,4.5
"20230527-Burgos-Lugo",2023-05-27,"22_23","Burgos","Lugo","A",0,1,0.2,0,0.8,0.2,0,0,0.6,0.8,1.4,2.2,10.6,8.2,3.8,4.8,1.8,1.6,11,22,1,1.65,3.4,6.5
"20230527-Albacete-Mirandes",2023-05-27,"22_23","Albacete","Mirandes","H",2,1,0.4,0.4,1.8,1.4,0,0,2,1,0.8,1.4,15.2,9.6,4,4.4,2.2,2.8,6,15,1,1.75,3.6,4.75
"20230527-Malaga-Ibiza",2023-05-27,"22_23","Malaga","Ibiza","D",1,1,0.4,0.2,1.4,0.8,0,1,1,0.4,0.8,1.6,12.8,5.8,5.2,3,2.2,4.2,19,21,1,1.6,3.75,6
"20230527-Granada-Leganes",2023-05-27,"22_23","Granada","Leganes","H",2,0,0.4,0.4,1.6,1.4,2,0,1.4,1.4,0.8,1,10.4,12.8,3,3.4,3.4,1.8,1,13,1,1.5,4.33,6.5
"20230527-Huesca-Eibar",2023-05-27,"22_23","Huesca","Eibar","A",0,1,0.2,0,1.2,0.6,1,0,1,0.8,1,1.2,8.8,15.6,3.6,8,3.2,2.6,14,5,0,2.88,3.4,2.4
"20230527-LasPalmas-Alaves",2023-05-27,"22_23","Las Palmas","Alaves","D",0,0,0.4,0.4,1.8,1.6,1,1,1.4,1.2,0.6,1.2,12.2,13.2,3.8,6.8,2.4,4.2,2,4,1,2.05,3.25,3.75
"20230527-Levante-Oviedo",2023-05-27,"22_23","Levante","Oviedo","H",2,1,0.4,0.8,1.6,2.6,1,1,1,1.8,0.6,1,15,9,6.4,4,2.4,2,5,8,1,1.55,4,6
"20230528-Santander-Cartagena",2023-05-28,"22_23","Santander","Cartagena","H",3,1,0.6,0.2,2,1,0,0,0.8,0.8,0.4,1.6,10.4,10.4,3.8,4.6,2,2,16,9,0,2.63,3.25,2.63
"20230528-SpGijon-Ponferradina",2023-05-28,"22_23","Sp Gijon","Ponferradina","A",1,4,0.2,0.2,1,1,0,0,1.4,1.4,1.6,1.8,9.8,8,3.8,3.6,3.4,3.6,17,20,1,1.85,3.4,4.33
"20230811-Amorebieta-Levante",2023-08-11,"23_24","Amorebieta","Levante","D",1,1,0.6,0.6,1.8,2,1,2,0.8,1.4,1.8,0.8,14.6,17.8,5.6,6.8,2,2.6,1,13,0,3.1,3.25,2.3
"20230811-Valladolid-SpGijon",2023-08-11,"23_24","Valladolid","Sp Gijon","H",2,0,0.8,0.2,2.4,1,4,0,2,1.4,0.6,2,14.2,12.6,6.4,4.4,0.8,2.4,3,18,1,1.91,3.4,4.2
"20230812-Santander-Eibar",2023-08-12,"23_24","Santander","Eibar","H",4,0,0.6,0.2,2,1,1,1,1.2,0.8,0.6,1,11.8,15.2,3.2,7.4,1.8,2.6,4,15,0,2.9,3.1,2.6
"20230812-Zaragoza-VillarrealB",2023-08-12,"23_24","Zaragoza","Villarreal B","H",2,0,0.2,0.2,1,0.8,0,0,1,1.6,1,1.8,11.8,12.6,5.8,4.8,2.4,2.8,5,17,1,1.73,3.5,5.5
"20230813-Burgos-Huesca",2023-08-13,"23_24","Burgos","Huesca","D",1,1,0.2,0.2,0.8,1,0,0,0.4,0.8,1.2,1,12,11,4.8,4.6,1.8,2.4,7,17,1,2.25,3.1,3.5
"20230813-Albacete-Espanol",2023-08-13,"23_24","Albacete","Espanol","D",1,1,0.4,0.2,1.8,1,1,0,2,1,0.8,1,13.4,12,4.2,5.2,2.2,2,9,16,0,3.3,3.3,2.25
"20230813-Leganes-Andorra",2023-08-13,"23_24","Leganes","Andorra","A",0,1,0.4,0.4,1.4,1.6,0,1,1.2,1.6,1,1.4,13.2,12.2,3.8,4.6,1.4,1.8,12,15,1,2.3,3.1,3.5
"20230814-Mirandes-Alcorcon",2023-08-14,"23_24","Mirandes","Alcorcon","H",4,0,0.2,0.4,0.8,1.4,0,1,0.8,1,1.6,0.8,11,8.8,4.8,4,2.6,3.4,13,15,1,2.5,3.1,3
"20230814-Tenerife-Oviedo",2023-08-14,"23_24","Tenerife","Oviedo","H",1,0,0.6,0.6,2,2,0,0,1,1.6,0.6,1.2,13.4,9.6,6,3.8,3.8,1.6,14,15,1,2.05,3.2,4
"20230818-Andorra-Cartagena",2023-08-18,"23_24","Andorra","Cartagena","H",3,2,0.6,0,2.2,0.2,2,0,1.8,0.4,1.2,2,13,10.4,3.8,5,1.6,1.6,6,16,1,1.91,3.5,4
"20230818-Zaragoza-Valladolid",2023-08-18,"23_24","Zaragoza","Valladolid","H",1,0,0.4,1,1.4,3,1,5,1.2,2.2,0.8,0.2,12.6,14.4,5.8,6,1.4,1.6,5,4,1,2.38,3.1,3.2
"20230819-Eibar-Elche",2023-08-19,"23_24","Eibar","Elche","H",2,1,0.2,0,0.8,0,0,0,0.6,0,1.6,1,16.8,14,7.8,4,2.8,0,21,16,1,2.2,3.1,3.6
"20230819-Espanol-Santander",2023-08-19,"23_24","Espanol","Santander","H",2,0,0.2,0.6,1,2,0,2,1.2,1.8,1.2,0.6,12,12,5.2,2.8,2.4,1.6,14,4,1,1.8,3.5,4.75
"20230819-Levante-Burgos",2023-08-19,"23_24","Levante","Burgos","H",3,2,0.4,0,1.6,0.4,0,0,1.2,0.4,1,1.4,16.2,13.2,5,4.4,2,2,12,10,1,1.67,3.5,6
"20230819-Alcorcon-Leganes",2023-08-19,"23_24","Alcorcon","Leganes","A",0,2,0.4,0.4,1.4,1.4,0,0,1,1.2,1.4,1,11.4,13.4,4.6,3.8,2.8,2.2,21,16,1,2.55,2.88,3.2
"20230820-Oviedo-Ferrol",2023-08-20,"23_24","Oviedo","Ferrol","D",1,1,0.4,0.5,1.4,3,0,1,1,1,1,0,8.2,10,3.2,4,1.2,2,17,10,1,2.05,3,4.33
"20230820-SpGijon-Mirandes",2023-08-20,"23_24","Sp Gijon","Mirandes","H",3,0,0,0.2,0.4,0.8,0,1,0.8,1.4,2.2,1.6,12,12.2,3.4,4.4,3.4,2.2,20,6,1,1.83,3.3,4.75
"20230820-Albacete-Amorebieta",2023-08-20,"23_24","Albacete","Amorebieta","D",2,2,0.4,0.4,1.8,1.4,0,0,2,0.6,0.8,1.8,14.6,13.4,5.2,6,2.2,1.8,15,14,1,1.62,3.6,6.5
"20230821-VillarrealB-Eldense",2023-08-21,"23_24","Villarreal B","Eldense","H",3,1,0.2,0.5,0.8,3,0,1,1.6,1,2,0,11.6,8,3.4,6,3.2,1,21,12,1,2.25,3.3,3.3
"20230821-Huesca-Tenerife",2023-08-21,"23_24","Huesca","Tenerife","A",0,2,0.2,0.6,1,2,0,1,1,1,1.2,0.6,10.4,13.2,5.4,6,2.8,4.6,17,11,0,2.88,2.8,2.88
"20230825-Cartagena-Levante",2023-08-25,"23_24","Cartagena","Levante","A",0,1,0,0.6,0,2.2,0,1,0.8,1.8,2.6,1.2,9.8,17.6,4.4,5.6,2.2,2.6,20,5,0,2.9,3,2.6
"20230826-Elche-VillarrealB",2023-08-26,"23_24","Elche","Villarreal B","H",1,0,0,0.2,0,0.8,0,1,0.5,1.8,1.5,2.2,13.5,11.6,4,2.8,1,3.6,20,12,1,1.62,3.6,6.5
"20230826-Valladolid-Alcorcon",2023-08-26,"23_24","Valladolid","Alcorcon","A",0,2,0.8,0.2,2.4,0.8,0,0,1.8,0.4,0.4,1.8,14.4,12,5.2,5.4,1.6,2.4,10,22,1,1.75,3.4,5.5
"20230826-Burgos-Oviedo",2023-08-26,"23_24","Burgos","Oviedo","H",1,0,0,0.2,0.2,1,0,0,0.8,0.8,2,1,13.2,10.4,4.8,3.6,2,1,19,20,1,2.55,2.88,3.2
"20230826-Tenerife-Zaragoza",2023-08-26,"23_24","Tenerife","Zaragoza","A",0,1,0.6,0.6,2,2,2,2,1.2,1.2,0.6,0.4,12,12.6,5.6,5.8,5,1.8,3,2,1,2.1,3.1,4
"20230827-Mirandes-Espanol",2023-08-27,"23_24","Mirandes","Espanol","A",0,1,0.2,0.4,0.6,1.6,0,1,1.2,1.6,2,0.8,13.4,14.6,4,5.8,2.2,2.2,11,8,0,3.6,3.1,2.25
"20230827-Leganes-Albacete",2023-08-27,"23_24","Leganes","Albacete","H",2,0,0.4,0.2,1.4,1.4,1,0,1.2,1.4,0.8,1.2,10.2,14.4,3,4.6,2.4,2.6,11,19,1,2.4,3,3.3
"20230827-Ferrol-SpGijon",2023-08-27,"23_24","Ferrol","Sp Gijon","H",2,0,0.333333333333333,0.2,2,1,0,1,1,1.4,0.5,1.8,7.5,12.8,3.5,4,2,3,7,11,1,2.45,3,3.2
"20230827-Amorebieta-Andorra",2023-08-27,"23_24","Amorebieta","Andorra","H",3,0,0.4,0.8,1.6,2.6,0,3,1,2,1.6,1.2,14.6,14.4,7.4,4.4,1.2,1.2,18,5,0,3.3,3,2.4
"20230828-Eldense-Eibar",2023-08-28,"23_24","Eldense","Eibar","H",2,1,0.333333333333333,0.4,1.5,1.4,0,1,1,1,1.5,1.6,9.5,15.4,5.5,7.6,1,2.4,16,17,0,2.9,3,2.7
"20230828-Santander-Huesca",2023-08-28,"23_24","Santander","Huesca","D",0,0,0.6,0.2,1.8,1,0,0,1.6,0.8,0.8,1.2,12.4,11.6,4,5.6,1.6,1.4,10,21,1,2.1,3.25,3.75
"20230901-Alcorcon-Ferrol",2023-09-01,"23_24","Alcorcon","Ferrol","D",1,1,0.4,0.5,1.4,2.33333333333333,1,1,0.8,1.33333333333333,1.4,0.333333333333333,12,9.33333333333333,4.6,3.66666666666667,3,1.33333333333333,18,3,1,2.25,3.1,3.6
"20230901-Albacete-Valladolid",2023-09-01,"23_24","Albacete","Valladolid","H",2,0,0.2,0.6,1.2,1.8,0,0,1.2,1.4,1.4,0.8,14.6,17.4,4.8,6.6,2.2,1.6,19,16,1,2.05,3.4,3.6
"20230902-SpGijon-Burgos",2023-09-02,"23_24","Sp Gijon","Burgos","H",2,1,0.2,0.2,0.8,0.8,0,1,1.2,1,2,1.4,11.4,14.2,3.4,4.6,2.8,2.8,15,12,1,2.05,3.2,4
"20230902-Levante-Oviedo",2023-09-02,"23_24","Levante","Oviedo","D",1,1,0.8,0.2,2.6,0.8,2,0,2,0.6,1.2,1,16.2,10.2,6,4,3.8,1.6,4,21,1,1.8,3.4,5.25
"20230902-Elche-Santander",2023-09-02,"23_24","Elche","Santander","D",1,1,0.25,0.4,1,1.4,1,0,0.666666666666667,1.4,1,0.8,15.3333333333333,13.2,4,6.2,1.33333333333333,2.4,17,12,1,1.83,3.4,4.75
"20230902-VillarrealB-Cartagena",2023-09-02,"23_24","Villarreal B","Cartagena","A",1,2,0.2,0,0.6,0,0,0,1.6,0.8,2.2,2.4,10.8,9.6,2.4,3.6,3.4,3,17,22,1,2.25,3.25,3.3
"20230903-Andorra-Tenerife",2023-09-03,"23_24","Andorra","Tenerife","A",0,1,0.6,0.6,2,2,0,0,1.8,1.2,1.8,0.6,15,13.4,5,7,1.2,4.6,9,6,1,2.2,3.1,3.5
"20230903-Eibar-Leganes",2023-09-03,"23_24","Eibar","Leganes","A",0,1,0.4,0.4,1.4,1.4,0,2,1.2,1,1.8,0.8,14,9.6,7,2.6,3,3,20,6,1,2,3.2,4.2
"20230903-Espanol-Amorebieta",2023-09-03,"23_24","Espanol","Amorebieta","H",3,2,0.4,0.4,1.6,1.6,2,1,1,1.4,0.6,1.6,14,14.2,5.6,7,2.4,0.8,6,10,1,1.62,3.75,6
"20230903-Zaragoza-Eldense",2023-09-03,"23_24","Zaragoza","Eldense","H",2,0,0.6,0.5,2,2,3,1,1,1.33333333333333,0.4,1.33333333333333,12.2,8.66666666666667,5.4,5.66666666666667,2.2,1,3,8,1,1.8,3.4,5
"20230903-Huesca-Mirandes",2023-09-03,"23_24","Huesca","Mirandes","D",1,1,0.2,0.2,1,0.6,0,0,0.6,1.2,1,1.8,11.8,13,5.4,4.8,2,2.6,22,16,1,2.05,3.4,3.75
"20230908-Levante-Espanol",2023-09-08,"23_24","Levante","Espanol","A",1,4,0.6,0.6,2.2,2,0,3,1.6,1.4,1,0.8,15.6,15.2,5.4,4.8,4,2,6,2,1,2.55,3.25,2.88
"20230909-Burgos-Eibar",2023-09-09,"23_24","Burgos","Eibar","H",1,0,0.2,0.4,0.8,1.2,0,0,1,0.8,1.4,1.6,13.8,14.4,4.4,6,2.8,2.8,14,21,0,3,3,2.63
"20230909-Oviedo-SpGijon",2023-09-09,"23_24","Oviedo","Sp Gijon","D",0,0,0,0.4,0.4,1.2,0,1,0.6,1.2,1.2,1.8,9.8,13.2,3.6,5.4,2.4,2.2,22,8,1,2.25,3,3.6
"20230909-Leganes-Huesca",2023-09-09,"23_24","Leganes","Huesca","H",2,0,0.6,0,1.8,0.6,3,0,1,0.4,0.6,1,7.6,12.4,2.4,6.4,3.4,3,3,20,1,1.95,3.2,4.33
"20230909-Tenerife-Albacete",2023-09-09,"23_24","Tenerife","Albacete","H",2,0,0.6,0.4,2,1.6,1,1,1,1.4,0.4,1.2,10.6,13.8,5.4,4.8,4.2,2,4,13,1,2.1,3.2,3.75
"20230910-Cartagena-Zaragoza",2023-09-10,"23_24","Cartagena","Zaragoza","A",1,3,0.2,0.8,0.6,2.6,1,4,1,1.4,1.8,0.2,9.6,12.4,4,3.8,3.2,2.2,19,3,0,3,3,2.55
"20230910-Ferrol-VillarrealB",2023-09-10,"23_24","Ferrol","Villarreal B","D",2,2,0.4,0.2,2,0.6,0,0,1.25,1.4,0.5,2,8.75,12.6,3,2.2,1.25,2.6,6,19,1,1.91,3.4,4.2
"20230910-Mirandes-Andorra",2023-09-10,"23_24","Mirandes","Andorra","H",4,3,0.2,0.6,0.8,1.8,0,0,1.2,1.6,1.4,1.8,14.4,15.2,5.2,5.4,3,1.2,15,9,0,3.25,3.1,2.38
"20230910-Valladolid-Elche",2023-09-10,"23_24","Valladolid","Elche","D",1,1,0.4,0.2,1.2,1,0,0,1,0.75,1,1,16.2,17,6.6,5,2.6,1.25,20,15,1,2.2,3.3,3.4
"20230910-Santander-Amorebieta",2023-09-10,"23_24","Santander","Amorebieta","H",1,0,0.4,0.4,1.6,1.6,0,0,1.6,1.8,0.8,1.2,12.4,11,5.8,5.2,2.6,0.8,13,12,1,1.85,3.4,4.5
"20230911-Eldense-Alcorcon",2023-09-11,"23_24","Eldense","Alcorcon","D",2,2,0.4,0.4,1.5,1.4,0,0,1,0.8,1.5,1.4,8.5,12.4,5,4.4,1,2.8,11,18,1,2.25,3.1,3.5
"20230915-Zaragoza-Santander",2023-09-15,"23_24","Zaragoza","Santander","D",1,1,1,0.4,3,1.6,5,1,1.8,1.2,0.2,0.6,11.4,10.4,3.4,5.6,2.4,3.2,1,6,1,2,3.2,4.2
"20230916-Huesca-VillarrealB",2023-09-16,"23_24","Huesca","Villarreal B","D",2,2,0,0.2,0.6,0.8,0,0,0.4,1.2,1.2,1.6,10.6,11.8,5.4,1.8,3.4,2,21,17,1,2.05,3.3,3.75
"20230916-Alcorcon-Levante",2023-09-16,"23_24","Alcorcon","Levante","A",0,2,0.2,0.4,1,1.6,0,0,1,1.4,1.8,1.6,14,14,4.2,5.4,3,3.4,17,7,0,3,3,2.6
"20230916-Valladolid-Cartagena",2023-09-16,"23_24","Valladolid","Cartagena","H",1,0,0.2,0.2,0.8,0.6,0,0,0.6,1,1.2,1.8,15.4,11.4,5.8,4.2,4,2.8,18,21,1,1.83,3.6,4.33
"20230916-Albacete-Burgos",2023-09-16,"23_24","Albacete","Burgos","H",2,1,0.2,0.4,1,1.4,0,1,1,1.2,1.4,1.2,14,12.4,5.6,4.2,2,2.4,17,9,1,1.8,3.4,5
"20230917-Amorebieta-Mirandes",2023-09-17,"23_24","Amorebieta","Mirandes","H",2,0,0.2,0.4,1,1.4,0,1,1.6,1.8,1.4,1.6,9.4,14.8,5,5,1,2.6,15,9,1,2.25,3.25,3.3
"20230917-Eibar-Ferrol",2023-09-17,"23_24","Eibar","Ferrol","H",2,0,0.2,0.4,0.6,1.8,0,0,0.6,1.4,1.8,0.8,14.2,11.8,6.8,5,3,1.6,22,7,1,1.8,3.25,5.25
"20230917-Elche-Leganes",2023-09-17,"23_24","Elche","Leganes","H",1,0,0.2,0.8,1,2.4,0,4,0.8,1.4,1,0.2,15.2,8.6,5.2,2.4,1.6,3,17,3,1,1.85,3.25,4.75
"20230917-Espanol-Eldense",2023-09-17,"23_24","Espanol","Eldense","D",3,3,0.8,0.4,2.6,1.4,4,0,2.2,1.2,0.8,1.6,16.6,10.2,4.8,5,1.8,0.8,2,14,1,1.45,3.8,8.5
"20230917-SpGijon-Tenerife",2023-09-17,"23_24","Sp Gijon","Tenerife","H",2,1,0.4,0.8,1.4,2.4,0,2,1,1.2,1,0.2,10.6,11,4.8,4.8,2.6,3.8,12,4,1,2.6,3,3
"20230918-Andorra-Oviedo",2023-09-18,"23_24","Andorra","Oviedo","H",1,0,0.4,0,1.2,0.6,0,0,1.4,0.4,2,0.8,17.2,9.8,5.2,4.4,1.4,2.6,16,21,1,2.2,3,3.75
"20230922-Cartagena-Eibar",2023-09-22,"23_24","Cartagena","Eibar","A",1,2,0.2,0.4,0.6,1.2,0,1,1,1,1.8,1,10.8,14,3.6,6.4,2.8,2.4,22,17,0,3.4,3,2.25
"20230923-Andorra-SpGijon",2023-09-23,"23_24","Andorra","Sp Gijon","D",0,0,0.4,0.6,1.2,2,1,1,1.4,1.4,2,0.8,15.6,10.4,5.6,5.6,1.6,2,10,8,1,2.15,3.1,3.8
"20230923-Santander-Albacete",2023-09-23,"23_24","Santander","Albacete","H",2,1,0.2,0.4,1.2,1.4,0,1,0.6,1.2,0.8,1.4,10.6,14.4,6,4.8,3.8,1.6,8,13,1,2.3,3,3.5
"20230923-Levante-Eldense",2023-09-23,"23_24","Levante","Eldense","H",2,0,0.6,0.2,2,1,1,0,1.6,1.6,1.4,2.2,16.8,9.8,6.2,3.8,3.4,1.6,6,13,1,1.8,3.4,5
"20230923-Alcorcon-Huesca",2023-09-23,"23_24","Alcorcon","Huesca","A",0,2,0.2,0,1,0.6,0,0,1,0.6,1.4,1.4,12.4,11.4,3.8,5.8,4.2,3.6,19,20,1,2.2,3,3.75
"20230923-Burgos-Elche",2023-09-23,"23_24","Burgos","Elche","H",4,0,0.4,0.4,1.2,1.6,0,1,1.2,1,1.4,0.8,11,16,4.2,6,2.4,2.6,16,12,0,3.2,3.1,2.4
"20230924-VillarrealB-Amorebieta",2023-09-24,"23_24","Villarreal B","Amorebieta","H",3,1,0.2,0.4,1,1.4,0,1,1.6,1.8,1.6,1.2,11,8.6,1.8,5.2,1.8,1.6,19,12,1,1.95,3.4,4
"20230924-Oviedo-Valladolid",2023-09-24,"23_24","Oviedo","Valladolid","A",0,1,0,0.2,0.6,0.8,0,1,0.4,0.4,0.8,1.2,9.6,16.4,4.2,6,3.6,3.6,21,19,1,2.55,2.9,3.2
"20230924-Mirandes-Leganes",2023-09-24,"23_24","Mirandes","Leganes","A",1,3,0.2,0.8,0.8,2.4,0,0,1,1.4,2,0.2,13.4,8,5.4,2.8,2.8,2.6,18,4,1,2.6,3,3
"20230925-Ferrol-Zaragoza",2023-09-25,"23_24","Ferrol","Zaragoza","H",1,0,0.2,0.8,1.2,2.6,0,0,1.2,1.6,1.2,0.4,11.4,9.4,5.4,3.8,1.6,2.4,11,1,0,2.8,2.9,2.8
"20230929-Leganes-Santander",2023-09-29,"23_24","Leganes","Santander","H",2,1,0.8,0.4,2.4,1.8,1,1,1.6,1,0.4,0.6,8.6,9.8,2.6,4.6,2,3.8,2,6,1,2.38,3,3.4
"20230930-Eibar-Tenerife",2023-09-30,"23_24","Eibar","Tenerife","H",3,0,0.4,0.6,1.2,1.8,2,1,1,1,1,0.6,14,11.2,6.4,5.2,3.2,3.4,14,3,1,2.05,3.2,4
"20230930-Elche-Levante",2023-09-30,"23_24","Elche","Levante","D",0,0,0.4,0.6,1.6,2,0,2,0.8,1.4,1.2,1,15.8,16.6,5.4,6.4,2.4,2.8,17,5,1,2.4,3.2,3
"20230930-Albacete-Andorra",2023-09-30,"23_24","Albacete","Andorra","H",3,1,0.4,0.2,1.2,0.8,0,0,1,0.8,1.4,1.6,14.4,14.8,5.2,5.2,1.6,1.2,15,11,1,2.15,3.3,3.5
"20230930-VillarrealB-Alcorcon",2023-09-30,"23_24","Villarreal B","Alcorcon","D",2,2,0.2,0.2,1,1,1,0,1.6,1,1.6,1.4,12.2,13.2,2,3,1.8,4,14,20,1,2.45,3.2,3
"20231001-Eldense-Oviedo",2023-10-01,"23_24","Eldense","Oviedo","A",1,3,0.2,0,1,0.4,0,0,1.4,0.2,2,0.8,9.6,8.4,3.2,4.2,1.8,3.4,17,21,1,2.75,3,2.8
"20231001-Amorebieta-Cartagena",2023-10-01,"23_24","Amorebieta","Cartagena","D",0,0,0.4,0.2,1.2,0.6,0,0,1.6,0.8,1.4,1.6,8.8,11.2,5,4.6,2.4,2.6,16,22,1,2.3,3.3,3.2
"20231001-Valladolid-Burgos",2023-10-01,"23_24","Valladolid","Burgos","H",3,0,0.4,0.6,1.4,1.8,2,1,0.6,1.6,1,0.8,17.4,11,7.2,4.2,3.8,2.4,12,11,1,1.75,3.5,5
"20231001-Zaragoza-Mirandes",2023-10-01,"23_24","Zaragoza","Mirandes","A",0,1,0.6,0.2,2,0.8,0,0,1.4,1.2,0.6,2,8.2,11.4,3.6,3.2,1.8,2.6,2,19,1,1.75,3.6,4.75
"20231001-Huesca-SpGijon",2023-10-01,"23_24","Huesca","Sp Gijon","A",0,1,0.2,0.4,1.2,1.6,1,0,1,0.8,1,0.8,10.2,9.2,5.4,4.6,3.8,1.8,19,10,1,2.2,3,3.75
"20231002-Espanol-Ferrol",2023-10-02,"23_24","Espanol","Ferrol","H",3,0,0.6,0.4,2,1.6,0,1,2.2,1.2,1.4,1,19.2,11.8,7.2,5.6,2.2,1.4,5,9,1,1.6,3.75,5.25
"20231003-Levante-VillarrealB",2023-10-03,"23_24","Levante","Villarreal B","D",1,1,0.4,0.2,1.6,1.2,0,0,1.2,2,1,1.8,16,14.8,5.4,2.6,1.8,2.2,5,16,1,1.7,3.75,5
"20231003-Tenerife-Santander",2023-10-03,"23_24","Tenerife","Santander","H",2,0,0.6,0.4,1.8,1.6,0,0,1,1.2,1,1,10,11,3.6,4.4,2.8,3.4,5,8,1,1.85,3.3,4.75
"20231003-Alcorcon-Albacete",2023-10-03,"23_24","Alcorcon","Albacete","A",1,2,0,0.6,0.6,1.8,0,1,1,1.6,1.8,1.2,12.8,14.4,3.4,5,3.8,1.6,21,11,0,3.1,3.1,2.3
"20231004-Eldense-Valladolid",2023-10-04,"23_24","Eldense","Valladolid","A",0,1,0,0.6,0.4,2,0,3,1.2,1.2,2.4,0.6,10.2,14,3.2,5.8,1.8,4,18,8,0,3,3.2,2.4
"20231004-Oviedo-Huesca",2023-10-04,"23_24","Oviedo","Huesca","H",1,0,0.2,0.2,1,1,1,0,0.8,1,0.8,1.2,8.6,8.6,4.4,6,2.4,4,20,19,1,1.95,3.1,4.5
"20231004-Burgos-Leganes",2023-10-04,"23_24","Burgos","Leganes","H",1,0,0.4,0.8,1.2,2.4,0,2,1.4,1.6,1.4,0.6,10,8.2,4.6,3,2,2.2,13,1,1,2.3,3,3.5
"20231004-SpGijon-Elche",2023-10-04,"23_24","Sp Gijon","Elche","H",2,0,0.6,0.2,2.2,1.2,1,0,1,0.6,0.4,1.2,10.6,17.6,5.4,6.2,2.4,2.2,7,18,1,2.4,3.25,3
"20231005-Andorra-Zaragoza",2023-10-05,"23_24","Andorra","Zaragoza","A",0,1,0.2,0.4,0.8,1.4,0,0,1,1.2,1.6,0.8,14,8.4,4.4,4.2,1.4,1.8,15,5,1,2.25,3.2,3.4
"20231005-Mirandes-Eibar",2023-10-05,"23_24","Mirandes","Eibar","A",1,3,0.4,0.6,1.4,1.8,1,3,1.4,1.4,1.8,0.6,12,14.4,2.8,6.4,2.6,3,14,11,0,3.4,3.1,2.25
"20231005-Cartagena-Espanol",2023-10-05,"23_24","Cartagena","Espanol","A",0,2,0.2,0.6,0.8,2,0,1,0.8,2.6,1.4,1.4,11,17.8,4.6,7,2.2,2.2,22,4,0,3.75,3.6,1.95
"20231005-Ferrol-Amorebieta",2023-10-05,"23_24","Ferrol","Amorebieta","H",1,0,0.2,0.2,1,0.8,0,0,0.8,1,1.6,1.4,10.4,8,4.8,5,2,2.4,12,16,1,1.83,3.25,5
"20231006-Albacete-Levante",2023-10-06,"23_24","Albacete","Levante","A",0,2,0.6,0.4,1.8,1.6,2,0,1.6,1.2,1.4,1,14.4,15.6,4.2,6.2,2.6,1.6,10,6,1,2.1,3.1,3.7
"20231007-Huesca-Eldense",2023-10-07,"23_24","Huesca","Eldense","A",0,1,0.2,0,0.8,0.4,0,0,0.8,1.2,1.2,2.2,7.4,9.4,5,3.2,3.2,1.8,20,19,1,2.25,3,3.6
"20231007-Santander-SpGijon",2023-10-07,"23_24","Santander","Sp Gijon","H",3,2,0.4,0.6,1.4,2.2,0,2,1,1,1.2,0.2,10.4,11.2,5,4.6,3.6,2.2,12,6,1,2.25,3.1,3.6
"20231007-Leganes-Oviedo",2023-10-07,"23_24","Leganes","Oviedo","D",0,0,0.6,0.4,1.8,1.4,0,2,1.4,0.8,0.8,0.6,10.2,8.2,4.4,5,2.4,2,4,18,1,2.3,3,3.5
"20231008-Valladolid-Mirandes",2023-10-08,"23_24","Valladolid","Mirandes","H",3,2,0.8,0.4,2.6,1.2,4,0,1.4,1.4,0.2,2.2,14.2,10.8,5.4,1.8,3.8,2,7,16,1,1.65,3.6,6
"20231008-Amorebieta-Eibar",2023-10-08,"23_24","Amorebieta","Eibar","A",1,2,0.2,0.8,0.8,2.4,0,4,0.6,2,1,0.6,7.4,13,5,6,2.4,3,18,10,0,4,3.1,2.05
"20231008-Ferrol-Cartagena",2023-10-08,"23_24","Ferrol","Cartagena","D",1,1,0.4,0,1.4,0.2,1,0,0.8,0.4,1.4,1.6,11.2,10.6,5.6,4.4,2,2.4,10,22,1,1.91,3.5,4.33
"20231008-Zaragoza-Alcorcon",2023-10-08,"23_24","Zaragoza","Alcorcon","A",0,2,0.4,0,1.4,0.4,1,0,1,1,0.8,2,6.8,15,4,4,2.2,3.2,4,21,1,1.83,3.3,5
"20231008-Tenerife-Burgos",2023-10-08,"23_24","Tenerife","Burgos","H",2,1,0.6,0.6,1.8,1.8,1,1,1.2,1.4,1,1,12.2,10,4.2,4.2,2.4,2.8,5,12,1,1.8,3.25,5.25
"20231009-Elche-Andorra",2023-10-09,"23_24","Elche","Andorra","H",2,1,0.2,0.2,1,0.8,0,0,0.4,1,1.4,1.6,15.2,11.8,5.2,3.6,2,2,19,17,1,1.91,3.4,4.2
"20231009-VillarrealB-Espanol",2023-10-09,"23_24","Villarreal B","Espanol","H",3,1,0.2,0.6,1.4,2,0,2,2,2.4,1.6,1,12.8,15.2,2.4,6.6,2.2,2.2,15,2,0,4.33,3.5,1.85
"20231013-Oviedo-Albacete",2023-10-13,"23_24","Oviedo","Albacete","H",3,0,0.4,0.6,1.4,1.8,0,0,0.8,1.6,0.6,1.4,8.2,14.4,4.4,4,1.8,2.4,16,11,1,2.4,3,3.3
"20231014-Mirandes-Tenerife",2023-10-14,"23_24","Mirandes","Tenerife","D",1,1,0.2,0.6,0.6,1.8,0,2,1,1.2,2.2,1.2,8.6,11.8,1.4,4.8,2.4,2.8,17,1,0,3.3,2.9,2.5
"20231014-Cartagena-Santander",2023-10-14,"23_24","Cartagena","Santander","A",2,3,0,0.4,0.4,1.4,0,1,0.4,1.4,1.2,1.6,9,13,4.4,5.2,3,3.6,22,10,1,2.38,3,3.4
"20231014-SpGijon-Zaragoza",2023-10-14,"23_24","Sp Gijon","Zaragoza","D",2,2,0.6,0.2,2,0.8,0,0,1.4,0.4,0.8,1,14,8,5.8,4.6,2.4,2.8,9,5,1,2.25,2.88,4
"20231014-Espanol-Valladolid",2023-10-14,"23_24","Espanol","Valladolid","H",2,0,0.4,1,1.4,3,0,5,1.8,1.8,1.4,0.4,15,16,7.8,5.4,3,2.8,2,6,1,1.95,3.4,4.2
"20231015-Burgos-VillarrealB",2023-10-15,"23_24","Burgos","Villarreal B","H",3,2,0.4,0.4,1.2,1.8,0,1,1.4,2.2,1.4,1.4,11.6,15,4.4,3.8,3.2,2,14,12,1,2,3.4,3.8
"20231015-Andorra-Alcorcon",2023-10-15,"23_24","Andorra","Alcorcon","H",2,0,0.2,0.2,0.8,0.8,0,1,0.6,1,1.2,1.6,7.6,14.6,3.8,3.8,1.4,3.2,18,20,1,2.1,3,4
"20231015-Eldense-Elche",2023-10-15,"23_24","Eldense","Elche","D",1,1,0.2,0.4,0.8,1.4,1,1,1,0.6,1.8,1.4,9,18.4,3.8,6,3,1.4,18,16,0,3.4,3,2.3
"20231015-Eibar-Huesca",2023-10-15,"23_24","Eibar","Huesca","D",1,1,1,0.2,3,0.8,5,0,2.4,0.8,0.6,1,12.6,9.2,5,5.2,2.2,3.2,8,21,1,1.57,3.6,7
"20231015-Leganes-Amorebieta",2023-10-15,"23_24","Leganes","Amorebieta","H",6,0,0.4,0.2,1.4,0.8,0,0,1,0.8,0.8,1.2,9.8,8,4.2,5.2,3,2.6,4,19,1,1.91,3.1,4.75
"20231016-Levante-Ferrol",2023-10-16,"23_24","Levante","Ferrol","H",1,0,0.6,0.4,2.2,1.4,1,0,1.4,0.6,0.2,1.2,14.6,8.8,5.8,3.8,1.6,1.4,5,11,1,1.8,3.4,4.75
"20231020-Espanol-Leganes",2023-10-20,"23_24","Espanol","Leganes","A",0,1,0.6,0.6,1.8,2,1,1,1.6,2.2,0.8,0.6,11.4,11.4,5.4,3.8,3,2.6,1,2,1,1.67,3.75,5.5
"20231021-Amorebieta-Oviedo",2023-10-21,"23_24","Amorebieta","Oviedo","D",0,0,0,0.6,0.2,2,0,1,0.4,1.4,2.4,0.4,8.2,8.8,4.4,5,2.4,1,19,14,0,3.2,3.1,2.4
"20231021-VillarrealB-Mirandes",2023-10-21,"23_24","Villarreal B","Mirandes","A",0,3,0.4,0.2,1.6,0.8,0,0,2.2,1.2,1.6,2,16,8.4,4.2,1.6,2.2,2.6,14,18,1,2.1,3.3,3.6
"20231021-Tenerife-Levante",2023-10-21,"23_24","Tenerife","Levante","D",0,0,0.6,0.6,2,2.2,0,2,1.2,1.2,1,0.2,12,12.2,4.4,5.2,2.4,1.8,4,3,1,2.1,3.1,4
"20231021-Zaragoza-Eibar",2023-10-21,"23_24","Zaragoza","Eibar","A",2,3,0.2,0.8,0.8,2.6,0,0,0.6,2.2,1.2,0.8,9.4,12.8,4,5.4,2.8,2.4,5,6,1,2.8,2.88,2.88
"20231022-Ferrol-Eldense",2023-10-22,"23_24","Ferrol","Eldense","D",1,1,0.4,0.2,1.4,0.8,0,0,0.6,0.6,1,1.4,9.8,9.6,3.2,5,1.2,2.8,11,18,1,1.95,3.25,4.33
"20231022-Huesca-Elche",2023-10-22,"23_24","Huesca","Elche","A",0,1,0.2,0.2,0.8,1,0,0,0.6,0.6,0.8,1.6,8.6,16,4,5.4,2.8,1,21,17,0,3.3,3,2.45
"20231022-Albacete-SpGijon",2023-10-22,"23_24","Albacete","Sp Gijon","A",1,3,0.4,0.4,1.2,1.6,0,0,1.2,1.4,1.8,1,13,14.6,3.8,5.6,3.2,2.6,15,9,1,2.2,3.1,3.6
"20231022-Santander-Burgos",2023-10-22,"23_24","Santander","Burgos","H",3,0,0.6,0.6,1.8,1.8,2,1,1.8,1.8,1.8,1.4,14.6,11.4,4.8,5,3.4,2.8,9,11,1,2.25,3.1,3.5
"20231022-Valladolid-Andorra",2023-10-22,"23_24","Valladolid","Andorra","H",2,0,0.8,0.2,2.4,0.8,0,1,1.6,0.8,0.8,1.2,13.8,9,4.6,3.6,2.8,1,9,17,1,1.75,3.4,5.5
"20231023-Alcorcon-Cartagena",2023-10-23,"23_24","Alcorcon","Cartagena","D",1,1,0.2,0,0.8,0.4,0,0,1,0.8,1.6,1.6,15,11.6,3.6,5,2,3.2,20,22,1,2.2,3.25,3.5
"20231027-Eibar-Valladolid",2023-10-27,"23_24","Eibar","Valladolid","H",5,1,0.8,0.8,2.6,2.4,1,1,2.4,1.8,1,0.8,12.6,12.6,5.2,4.6,2,3.2,5,6,1,2,3.2,4.2
"20231028-Andorra-Levante",2023-10-28,"23_24","Andorra","Levante","H",2,0,0.2,0.4,0.6,1.8,0,0,0.8,0.8,1.6,0.2,9.6,10.4,4,4.8,1.4,2,18,5,1,2.7,3.1,2.8
"20231028-Eldense-Amorebieta",2023-10-28,"23_24","Eldense","Amorebieta","H",2,0,0.2,0,1,0.4,0,0,0.8,0.2,1.2,1.8,9.8,7.2,5.4,3.6,2.8,2.4,17,19,1,1.95,3.3,4.2
"20231028-Elche-Tenerife",2023-10-28,"23_24","Elche","Tenerife","H",2,1,0.4,0.4,1.6,1.6,1,0,0.8,1,0.8,1,14.4,12.6,5.4,3.8,1.4,2.4,12,5,1,2.2,3,3.75
"20231028-SpGijon-Espanol",2023-10-28,"23_24","Sp Gijon","Espanol","H",2,0,0.6,0.6,2,1.8,1,0,2,1.6,1.2,0.8,15,10.2,5.2,4.2,3,2.8,8,3,1,2.6,3.1,2.88
"20231029-Leganes-VillarrealB",2023-10-29,"23_24","Leganes","Villarreal B","H",1,0,0.6,0.2,2,1,2,0,1.8,1.6,0.4,2,12,15.2,3.2,5.2,3.2,2,1,18,1,1.7,3.8,4.75
"20231029-Oviedo-Alcorcon",2023-10-29,"23_24","Oviedo","Alcorcon","H",2,0,0.6,0.2,2.2,1,0,0,1.4,1.2,0.2,1.4,9.8,14.8,5,4,1.6,1.8,15,20,1,1.91,3.3,4.5
"20231029-Mirandes-Cartagena",2023-10-29,"23_24","Mirandes","Cartagena","H",2,1,0.4,0,1.4,0.6,1,0,1.6,0.8,1.4,1.4,7.4,13.4,1.8,5.4,2.6,3.2,16,22,1,2.38,3.3,3.1
"20231029-Huesca-Albacete",2023-10-29,"23_24","Huesca","Albacete","D",0,0,0,0.4,0.2,1.2,0,0,0.2,1.2,1,2,8.8,14.4,4.4,4.8,3.2,3.2,21,17,0,2.88,3,2.75
"20231029-Santander-Ferrol",2023-10-29,"23_24","Santander","Ferrol","A",1,3,0.6,0.2,1.8,1,3,0,2,0.6,1.6,1.2,16.4,11.2,5.6,4,3.2,1,8,13,1,2.25,3.25,3.5
"20231030-Burgos-Zaragoza",2023-10-30,"23_24","Burgos","Zaragoza","D",1,1,0.4,0.2,1.2,0.8,0,0,1,1,2,1.6,10.6,10.8,5,3.8,2.8,3.6,14,9,1,2.5,2.88,3.2
"20231103-Espanol-Eibar",2023-11-03,"23_24","Espanol","Eibar","D",2,2,0.4,0.8,1.2,2.6,0,2,1,2.8,1.2,1.2,11.6,14.4,4.4,4.8,3,1.6,4,2,1,2.4,3.2,3.1
"20231104-VillarrealB-SpGijon",2023-11-04,"23_24","Villarreal B","Sp Gijon","A",0,3,0.2,0.6,0.8,2,0,2,1.2,2.2,1.8,1.2,11.8,14.2,3.8,4.4,2.2,3.2,18,4,0,2.7,3.3,2.63
"20231104-Levante-Mirandes",2023-11-04,"23_24","Levante","Mirandes","D",2,2,0.4,0.4,1.6,1.4,0,2,0.8,1.8,0.6,1.6,9.8,8.4,4.6,2.2,2.4,1.8,5,13,1,1.73,3.6,5
"20231104-Valladolid-Tenerife",2023-11-04,"23_24","Valladolid","Tenerife","H",2,0,0.6,0.4,1.8,1.6,0,0,1.4,1.2,1.8,0.8,12.4,12.6,4.2,4,2.8,3.4,7,6,1,1.91,3.4,4.2
"20231104-Albacete-Elche",2023-11-04,"23_24","Albacete","Elche","D",1,1,0.2,0.6,0.8,2,0,2,0.6,1.2,1.8,1,13.6,10.6,4.2,4.6,3,1.2,17,11,1,2.25,3.2,3.4
"20231105-Amorebieta-Huesca",2023-11-05,"23_24","Amorebieta","Huesca","A",0,1,0,0,0.2,0.4,0,0,0.2,0.2,2.2,0.8,8.4,9.2,4.4,3.8,2.4,2.2,20,21,1,2.4,3.1,3.2
"20231105-Cartagena-Leganes",2023-11-05,"23_24","Cartagena","Leganes","A",0,3,0,0.6,0.4,2,0,3,1,1.6,1.8,0.2,14.6,12.2,6,3.8,3.4,2.8,22,1,1,2.75,3.1,2.8
"20231105-Ferrol-Andorra",2023-11-05,"23_24","Ferrol","Andorra","H",1,0,0.4,0.4,1.6,1.2,1,1,1.2,1,0.8,1,13.4,11.6,4.8,4.8,1.4,1.4,10,16,1,2.38,3.1,3.25
"20231105-Eldense-Burgos",2023-11-05,"23_24","Eldense","Burgos","H",2,0,0.4,0.4,1.6,1.4,1,0,1,1.2,0.6,1.6,10.2,10.4,4.6,4.6,2.8,2.8,15,14,1,2.38,3.1,3.2
"20231105-Alcorcon-Santander",2023-11-05,"23_24","Alcorcon","Santander","H",3,1,0.2,0.6,0.8,1.8,0,0,0.8,2,1.4,1.8,14,15.4,3.4,4.4,2.2,2.8,20,8,1,2.2,3.3,3.4
"20231106-Zaragoza-Oviedo",2023-11-06,"23_24","Zaragoza","Oviedo","D",0,0,0.2,0.6,1,2.2,0,1,1.2,1.2,1.6,0,10.8,10.2,2.8,5.4,3.4,1.8,9,14,1,2.4,3.1,3.2
"20231110-Leganes-Levante",2023-11-10,"23_24","Leganes","Levante","H",2,1,0.8,0.4,2.6,1.6,4,0,2.2,1,0,0.8,11.4,8.8,3.2,3.4,2.4,3.2,1,6,1,1.95,3.2,4.5
"20231111-Santander-Valladolid",2023-11-11,"23_24","Santander","Valladolid","A",2,3,0.6,0.6,1.8,1.8,0,1,2.2,1.6,2,1.8,15.6,14,4.2,5.6,2.2,2.2,10,4,1,2.55,3.25,2.8
"20231111-Elche-Zaragoza",2023-11-11,"23_24","Elche","Zaragoza","H",2,0,0.6,0,2.2,0.6,0,0,1.4,1,0.8,1.6,9.6,13.6,4.6,4.2,2.6,2.8,11,9,1,1.91,3.4,4.33
"20231111-Mirandes-Ferrol",2023-11-11,"23_24","Mirandes","Ferrol","A",1,2,0.4,0.4,1.6,1.6,0,2,2,1.2,1.4,0.8,9,13.4,3.4,4.4,2,2,14,7,1,2.5,3.1,3
"20231111-SpGijon-Amorebieta",2023-11-11,"23_24","Sp Gijon","Amorebieta","D",1,1,0.6,0,2,0.2,3,0,2.4,0.2,1.2,2.2,12.2,9,4,4.2,3.2,3,3,21,1,1.4,4.5,8.5
"20231112-Huesca-Espanol",2023-11-12,"23_24","Huesca","Espanol","D",1,1,0.2,0.2,1,0.8,1,0,0.4,1,0.6,1.6,9,12.6,3.8,4.8,2.2,2.6,20,6,0,3.8,3.2,2.1
"20231112-Andorra-Eldense",2023-11-12,"23_24","Andorra","Eldense","A",1,3,0.4,0.6,1.2,2.2,0,2,1,1.4,1,0.4,13,12.4,4.6,5.4,1.4,3,18,13,1,1.85,3.4,4.33
"20231112-Eibar-Albacete",2023-11-12,"23_24","Eibar","Albacete","D",1,1,0.6,0,2.2,0.4,0,0,2.6,0.4,1.4,1.8,14.4,14.6,4.4,5.2,1.4,2.6,4,17,1,1.83,3.3,4.75
"20231112-Tenerife-VillarrealB",2023-11-12,"23_24","Tenerife","Villarreal B","A",0,1,0.2,0.2,1,0.6,0,0,0.8,1,1.2,2.2,9.6,14.8,3.4,5.2,3.8,1.8,8,18,1,1.65,3.8,5.75
"20231112-Burgos-Alcorcon",2023-11-12,"23_24","Burgos","Alcorcon","H",4,2,0.2,0.4,0.8,1.4,0,1,1,1.2,2,1.2,11.2,12.8,6,2.8,2.2,2.8,15,19,1,2.1,3.25,3.75
"20231113-Oviedo-Cartagena",2023-11-13,"23_24","Oviedo","Cartagena","D",1,1,0.4,0,1.8,0.4,0,0,1,1,0,2,11,14.8,5.2,5.4,1.6,2.8,14,22,1,1.73,3.3,6
"20231117-Valladolid-Leganes",2023-11-17,"23_24","Valladolid","Leganes","D",1,1,0.6,1,1.8,3,2,5,1.6,2.6,1.8,0.2,13.2,11.6,4.8,4.6,2.2,2.2,3,1,1,2.1,2.9,4
"20231118-Alcorcon-SpGijon",2023-11-18,"23_24","Alcorcon","Sp Gijon","D",0,0,0.2,0.6,0.8,2.2,0,0,1.2,2.2,2,0.8,12.4,11.2,3,3.4,2,2.6,20,3,0,3.4,3.1,2.38
"20231118-Amorebieta-Tenerife",2023-11-18,"23_24","Amorebieta","Tenerife","H",2,0,0,0,0.4,0.4,0,0,0.2,0.4,2,1.2,9,12,3.8,4.2,3.4,3.6,21,8,0,3.6,3.1,2.2
"20231118-Zaragoza-Huesca",2023-11-18,"23_24","Zaragoza","Huesca","A",0,2,0,0.2,0.6,1.2,0,0,1,0.6,1.6,0.6,12.2,9.4,3.8,4.4,2.2,2.2,10,21,1,2,3.1,4.33
"20231118-Espanol-Elche",2023-11-18,"23_24","Espanol","Elche","H",2,0,0.2,0.6,1,2.2,0,1,1,1.4,1.2,0.6,10.6,7.4,3.2,4,2.6,3.4,6,8,1,2.05,3.3,3.8
"20231119-Oviedo-Eibar",2023-11-19,"23_24","Oviedo","Eibar","H",2,1,0.4,0.4,1.8,1.8,0,0,1.2,2.4,0.2,1.4,13.4,14.4,5.2,4,2.2,1.4,14,5,0,3.1,3,2.55
"20231119-Eldense-Mirandes",2023-11-19,"23_24","Eldense","Mirandes","D",2,2,0.6,0.4,2.2,1.6,3,0,1.8,1.8,0.6,1.2,11.2,11.2,4,4.4,2.4,1.6,10,15,1,2.2,3.1,3.5
"20231119-VillarrealB-Andorra",2023-11-19,"23_24","Villarreal B","Andorra","D",0,0,0.2,0.4,0.6,1.2,1,0,0.6,1,2,1.2,14,16.8,4.6,5.4,2.8,1.8,18,19,1,2.5,3.3,2.88
"20231119-Cartagena-Albacete",2023-11-19,"23_24","Cartagena","Albacete","D",1,1,0,0,0.4,0.6,0,0,1,0.6,2,1.6,13,15,4.6,5.4,3.4,2.8,22,17,0,2.88,3.2,2.6
"20231119-Ferrol-Burgos",2023-11-19,"23_24","Ferrol","Burgos","D",1,1,0.6,0.4,2,1.4,3,1,1.4,1.6,0.8,2,13,11.4,4,5.8,2.2,1.6,6,13,1,2.2,3.2,3.6
"20231120-Levante-Santander",2023-11-20,"23_24","Levante","Santander","A",2,4,0.2,0.4,1,1.2,0,0,0.8,2,1.2,2.2,8.6,14.4,4.2,3.8,3.2,1.4,7,13,1,2.15,3.4,3.5
"20231124-Huesca-Valladolid",2023-11-24,"23_24","Huesca","Valladolid","A",0,1,0.4,0.6,1.6,2,1,0,0.8,1.8,0.4,1.6,9.8,15.2,5,4.4,2.2,1.8,19,3,0,3.1,3,2.45
"20231125-Santander-VillarrealB",2023-11-25,"23_24","Santander","Villarreal B","H",2,0,0.4,0.2,1.2,0.8,1,0,2.2,0.2,2.2,1.4,12.2,14,4,4.6,0.8,2.4,7,18,1,1.7,4,4.5
"20231125-Burgos-Andorra",2023-11-25,"23_24","Burgos","Andorra","D",0,0,0.2,0.2,1,0.8,0,0,1.2,0.6,1.8,1.2,11,17.4,4.8,6.2,2.6,2,14,18,1,2.2,3.1,3.5
"20231125-Eibar-Levante",2023-11-25,"23_24","Eibar","Levante","H",3,1,0.4,0,1.6,0.4,0,0,2.4,1,1.6,2,13,12,3.6,5.2,1.8,2.8,5,8,1,1.7,3.6,5
"20231125-Albacete-Zaragoza",2023-11-25,"23_24","Albacete","Zaragoza","H",1,0,0,0,0.8,0.4,0,0,0.8,0.6,1.2,1.6,16.2,11.8,6.8,5,2.2,2.2,16,13,1,1.91,3.25,4.33
"20231126-Leganes-Ferrol",2023-11-26,"23_24","Leganes","Ferrol","D",2,2,0.8,0.6,2.6,2.2,0,0,1.6,1.6,0.4,0.8,10.4,13,5.4,4,2.6,2.2,1,7,1,1.95,3.2,4.5
"20231126-Elche-Amorebieta",2023-11-26,"23_24","Elche","Amorebieta","H",2,0,0.6,0.2,2,1,0,1,1.2,0.6,0.8,0.8,9.2,8.4,4,3.4,3.2,3.4,11,20,1,1.4,4.2,9
"20231126-Mirandes-Oviedo",2023-11-26,"23_24","Mirandes","Oviedo","H",2,1,0.4,0.4,1.6,1.8,0,1,2,1,1.4,0.4,10.8,13.4,3.6,4.8,1.2,2.8,16,12,0,3.1,3.1,2.4
"20231126-Tenerife-Cartagena",2023-11-26,"23_24","Tenerife","Cartagena","D",1,1,0,0,0.2,0.6,0,0,0.2,0.8,1.4,1.6,14.8,10.4,6.6,3.8,4,3.2,11,22,1,1.91,3.2,4.5
"20231126-Espanol-Alcorcon",2023-11-26,"23_24","Espanol","Alcorcon","H",2,0,0.2,0.2,1,1,1,0,1,1.2,1.2,1.6,12,13,4.8,3.6,2.6,2.2,5,21,1,1.5,4.2,7
"20231127-SpGijon-Eldense",2023-11-27,"23_24","Sp Gijon","Eldense","H",2,0,0.6,0.6,2.2,2.2,0,0,1.8,2,0.4,0.8,11.8,13.4,3.8,4.2,2.4,1.8,5,11,1,1.62,3.6,5.75
"20231201-Oviedo-Espanol",2023-12-01,"23_24","Oviedo","Espanol","H",2,0,0.4,0.4,1.6,1.6,0,2,1.2,1.4,0.8,1,12,14.4,4,5.6,2.6,2.6,12,4,1,2.75,3,2.88
"20231202-Cartagena-SpGijon",2023-12-02,"23_24","Cartagena","Sp Gijon","H",1,0,0,0.6,0.6,2.2,0,1,0.8,1.6,1.6,0.2,8.6,13.6,2.6,4.8,3.4,2,22,2,0,3.2,3.2,2.4
"20231202-Eldense-Tenerife",2023-12-02,"23_24","Eldense","Tenerife","A",0,3,0.6,0,2,0.2,0,0,1.8,0.4,1,1.6,13.8,14.4,3.8,7.2,1.8,4,12,11,1,2.5,3.1,3.1
"20231202-Zaragoza-Leganes",2023-12-02,"23_24","Zaragoza","Leganes","H",1,0,0,0.6,0.4,2.2,0,0,0.2,1.8,1.2,0.8,10.2,12.2,5.4,6.2,1.8,2,14,1,1,2.75,3,2.88
"20231202-Levante-Valladolid",2023-12-02,"23_24","Levante","Valladolid","H",2,1,0,0.6,0.2,2,0,1,1.2,1.6,2.6,1.6,12.8,15.4,5.2,4,2.6,1.6,12,3,1,2.55,3.2,2.9
"20231203-Alcorcon-Elche",2023-12-03,"23_24","Alcorcon","Elche","A",0,2,0.2,0.6,0.8,2,0,1,1,1.4,1.8,0.8,10.6,10.6,2.8,4.6,2.6,3,21,10,0,3.1,3.1,2.45
"20231203-Andorra-Huesca",2023-12-03,"23_24","Andorra","Huesca","H",1,0,0.2,0.4,1,1.6,0,0,0.6,0.8,0.8,0.4,15.6,10.4,5.6,4.8,1.8,2.4,17,19,1,2.1,3.1,4
"20231203-Ferrol-Albacete",2023-12-03,"23_24","Ferrol","Albacete","H",5,4,0.6,0.2,2.2,1.4,0,1,1.8,0.8,1,0.6,10.8,14.8,2.8,5.4,2.8,2,7,16,1,2.4,3,3.3
"20231203-Amorebieta-Burgos",2023-12-03,"23_24","Amorebieta","Burgos","A",0,1,0.2,0.2,0.8,1.2,0,0,0.6,1.2,1.2,1.2,8.8,10.8,4.8,4.6,3,2.2,20,15,1,2.75,3,2.8
"20231203-Mirandes-Santander",2023-12-03,"23_24","Mirandes","Santander","D",0,0,0.4,0.4,1.6,1.2,1,2,1.8,2,1.6,2.2,11.4,10.8,4.4,4,1.6,1.2,15,7,1,2.38,3.25,3.1
"20231204-VillarrealB-Eibar",2023-12-04,"23_24","Villarreal B","Eibar","H",1,0,0.2,0.4,0.8,1.6,0,1,0.2,2.4,1.2,1.4,12.4,15,3.6,4.6,3,1.8,18,6,0,4,3.5,1.95
"20231208-Albacete-VillarrealB",2023-12-08,"23_24","Albacete","Villarreal B","H",2,0,0.2,0.4,1.2,1.4,0,1,1.6,0.4,1.6,1,16.8,16,6.2,5.4,2.6,2.6,16,18,1,1.5,4.2,6.5
"20231208-Espanol-Zaragoza",2023-12-08,"23_24","Espanol","Zaragoza","D",1,1,0.4,0.2,1.6,0.8,0,1,1.4,0.2,1,1,12.4,10.6,5,6,2.6,1.8,4,12,1,1.83,3.75,4.33
"20231209-Valladolid-Amorebieta",2023-12-09,"23_24","Valladolid","Amorebieta","H",2,1,0.6,0.2,2,0.8,0,0,1.6,0.6,1,1,15.6,9.4,5,4.8,2.2,3,4,20,1,1.44,4.33,8
"20231209-SpGijon-Levante",2023-12-09,"23_24","Sp Gijon","Levante","D",0,0,0.4,0.2,1.6,0.8,0,1,1.2,1.6,0.4,2.4,13,15.2,4.6,6.4,1.4,2.8,3,10,1,1.95,3.5,4
"20231209-Burgos-Mirandes",2023-12-09,"23_24","Burgos","Mirandes","D",0,0,0.4,0.2,1.6,1.2,1,0,1.2,1.4,1,1.4,10,11.4,5,5.4,1.8,2.4,13,15,1,2.1,3.25,3.75
"20231210-Elche-Cartagena",2023-12-10,"23_24","Elche","Cartagena","A",1,2,0.6,0.2,2,1.2,2,1,1.4,0.8,0.6,1.2,13.2,9.6,4.6,2.8,3.2,3,7,22,1,1.73,3.6,5
"20231210-Santander-Oviedo",2023-12-10,"23_24","Santander","Oviedo","D",2,2,0.4,0.4,1.4,1.6,0,1,1.8,1.2,1.6,0.8,11,12.8,5,4.2,1.8,3.4,8,13,1,2.4,3.1,3.1
"20231210-Eibar-Andorra",2023-12-10,"23_24","Eibar","Andorra","D",2,2,0.2,0.2,1,1,0,1,1.4,0.4,1.4,0.8,11.6,13,4.2,5.4,1.8,1.8,6,17,1,1.73,3.6,5.25
"20231210-Leganes-Eldense",2023-12-10,"23_24","Leganes","Eldense","D",1,1,0.4,0.4,1.6,1.4,0,0,1.6,1.4,1,1.6,11.2,14,5.6,5.2,1.8,1.8,1,16,1,1.83,3.4,4.75
"20231210-Huesca-Ferrol",2023-12-10,"23_24","Huesca","Ferrol","H",1,0,0.4,0.6,1.4,2.2,0,1,0.8,2.2,0.6,1.6,10.4,10.8,4.2,2.4,2.6,2.2,19,6,1,2.25,3,3.6
"20231211-Tenerife-Alcorcon",2023-12-11,"23_24","Tenerife","Alcorcon","H",1,0,0.2,0.2,0.8,0.8,1,0,0.8,1,1.2,1.8,13.6,11.4,6.6,3.2,3,2.4,10,22,1,1.65,3.5,6
"20231215-Oviedo-Elche",2023-12-15,"23_24","Oviedo","Elche","H",3,2,0.4,0.6,1.6,1.8,0,0,1.6,1.4,1.2,0.8,13.4,14.6,5,5.6,3.8,2.4,11,9,1,2.2,3.1,3.5
"20231216-Eldense-Santander",2023-12-16,"23_24","Eldense","Santander","D",3,3,0.2,0.4,1,1.6,0,0,1.2,2,1.8,1.4,12.2,11,4.2,5.6,2,2.4,15,9,1,2.45,3,3.2
"20231216-Andorra-Espanol",2023-12-16,"23_24","Andorra","Espanol","D",1,1,0.2,0.4,1.2,1.6,0,0,0.8,1.2,1,0.8,13.8,11.4,5,5,1.8,3,17,4,0,3.1,3.1,2.45
"20231216-Cartagena-Burgos",2023-12-16,"23_24","Cartagena","Burgos","A",0,3,0.4,0.4,1.8,1.8,2,0,1.2,1.2,0.8,0.6,8.8,10.4,3.2,4.2,3.6,2,20,14,1,2.38,3,3.3
"20231216-SpGijon-Leganes",2023-12-16,"23_24","Sp Gijon","Leganes","D",1,1,0.2,0.2,1.2,1.2,0,0,0.6,1.2,0.4,1.2,13.4,12,4.8,6.2,3,2.2,3,1,1,2.1,3,4
"20231216-Mirandes-Albacete",2023-12-16,"23_24","Mirandes","Albacete","H",2,0,0.2,0.4,1.2,1.6,0,1,1,1.8,1,1.4,10.4,17.6,5.8,5.8,2.6,2.2,14,15,0,3.4,3.2,2.25
"20231217-Alcorcon-Eibar",2023-12-17,"23_24","Alcorcon","Eibar","H",1,0,0,0.2,0.2,1,0,0,0.4,1.4,1.8,1.4,10.2,12,3.2,4.4,2.8,2.8,22,5,0,4,3.4,2
"20231217-Levante-Huesca",2023-12-17,"23_24","Levante","Huesca","H",2,1,0.2,0.4,0.8,1.4,0,1,1.2,0.8,2,0.6,14.8,11,6.6,4,2.4,2.4,12,19,1,2.1,3.1,4
"20231217-Amorebieta-Zaragoza",2023-12-17,"23_24","Amorebieta","Zaragoza","D",1,1,0.2,0.2,0.8,0.8,0,0,0.8,0.4,1.2,1.2,9.4,8.8,5.2,5.8,2.8,2.2,22,14,0,3.6,3,2.25
"20231217-Ferrol-Tenerife",2023-12-17,"23_24","Ferrol","Tenerife","H",3,1,0.4,0.4,1.6,1.4,0,2,2,1,1.8,0.8,10.8,15.2,2.6,6.4,2,2.6,6,9,1,2.3,3,3.5
"20231218-VillarrealB-Valladolid",2023-12-18,"23_24","Villarreal B","Valladolid","H",1,0,0.4,0.6,1.4,2,0,1,0.4,1.6,0.8,1.2,13,14.8,3.6,4,3,2.2,18,2,0,3.6,3.2,2.15
"20231219-Albacete-Eldense",2023-12-19,"23_24","Albacete","Eldense","D",1,1,0.4,0,1.4,0.6,0,0,1.6,1.2,1.6,2.2,16.6,13,5.8,5.6,2.4,1.8,16,15,1,1.6,3.8,6
"20231219-Santander-Andorra",2023-12-19,"23_24","Santander","Andorra","H",2,0,0.4,0.2,1.8,1.4,0,0,2.2,0.8,1.4,0.6,9.8,12,5.6,4.6,2.8,1.6,8,17,1,2.25,3.3,3.2
"20231219-Elche-Mirandes",2023-12-19,"23_24","Elche","Mirandes","D",0,0,0.4,0.4,1.2,1.8,0,1,1.4,1.2,1.4,0.6,15.6,9.4,4.6,5,2.4,2.8,12,13,1,1.75,3.75,4.75
"20231219-Espanol-Burgos",2023-12-19,"23_24","Espanol","Burgos","D",3,3,0.4,0.4,1.6,1.8,0,1,1.2,1,0.8,0.2,11.4,9.4,5.2,3.6,3,2,5,12,1,1.67,3.6,5.5
"20231220-Zaragoza-Levante",2023-12-20,"23_24","Zaragoza","Levante","D",2,2,0.2,0.4,1,1.4,0,1,0.6,1.4,1,1.8,9.2,15.4,6.2,7.2,2,2.6,14,8,1,2.2,3.25,3.4
"20231220-Eibar-SpGijon",2023-12-20,"23_24","Eibar","Sp Gijon","D",1,1,0.2,0.2,0.8,1.2,0,0,1.2,0.6,1.4,0.4,13.2,13.6,6.4,5.8,3,3.4,8,3,1,1.85,3.5,4.33
"20231220-Leganes-Tenerife",2023-12-20,"23_24","Leganes","Tenerife","D",1,1,0,0.4,0.8,1.4,0,0,1,1.2,1.2,1.2,11.6,12.2,5.4,4.8,2.4,2.4,1,10,1,2.25,2.9,3.75
"20231221-Huesca-Cartagena",2023-12-21,"23_24","Huesca","Cartagena","H",3,0,0.4,0.4,1.2,1.6,0,0,0.8,1,0.8,1.2,8.2,10.2,2.6,3.2,2.8,3,20,22,1,2.15,3,3.75
"20231221-VillarrealB-Oviedo",2023-12-21,"23_24","Villarreal B","Oviedo","D",1,1,0.4,0.6,1.4,2,1,1,0.4,2,0.8,1.4,12.6,12,3.4,5.2,2,3.4,17,12,0,2.88,3.1,2.55
"20231221-Amorebieta-Alcorcon",2023-12-21,"23_24","Amorebieta","Alcorcon","A",1,2,0.2,0.2,0.8,0.8,0,1,0.8,0.2,1.2,1,11,9.6,5.2,3.2,2.8,3,21,20,1,2.15,3.2,3.5
"20231221-Valladolid-Ferrol",2023-12-21,"23_24","Valladolid","Ferrol","A",0,1,0.4,0.4,1.4,1.6,0,1,1,2.2,1,1.8,14.4,12.4,4.4,3.8,2.6,2.2,3,5,1,2,3.25,4
"20240112-Eibar-Santander",2024-01-12,"23_24","Eibar","Santander","H",2,0,0.2,0.4,1,1.8,0,1,1.2,1.8,1.2,1,14.8,11.4,6.8,5.8,3,3.6,7,6,1,1.7,3.8,4.75
"20240113-Alcorcon-Mirandes",2024-01-13,"23_24","Alcorcon","Mirandes","D",0,0,0.4,0.4,1.2,1.8,2,0,0.6,0.8,1.2,0.2,9,8.8,2.8,5,3.4,3.2,20,13,1,2.7,3,2.88
"20240113-Levante-Albacete",2024-01-13,"23_24","Levante","Albacete","H",3,2,0.4,0.4,1.6,1.4,0,0,1.4,1.6,1.4,1.6,12,14.8,6,5,2.6,2.2,8,16,1,2.38,3.4,3
"20240113-Oviedo-Amorebieta",2024-01-13,"23_24","Oviedo","Amorebieta","D",1,1,0.4,0,1.6,0.2,0,0,1.8,0.6,1.4,1.6,12.6,11.4,5.8,6.4,3.6,3,10,21,1,1.6,4,5.75
"20240113-Tenerife-Elche",2024-01-13,"23_24","Tenerife","Elche","A",0,1,0.4,0.4,1.6,1.4,0,0,1.4,1.4,1,1,8.8,16,3,4.8,2,2.4,10,12,1,2.15,3.2,3.6
"20240113-Burgos-Valladolid",2024-01-13,"23_24","Burgos","Valladolid","H",1,0,0.4,0.4,1.8,1.2,0,0,1.4,0.8,0.6,1,10,13.2,4,5.2,1.4,2.6,12,6,1,2.6,3.1,2.9
"20240113-Ferrol-Espanol",2024-01-13,"23_24","Ferrol","Espanol","D",0,0,0.6,0.2,2,1.2,2,0,2.2,1.4,1.6,1.4,11.8,11.8,4,4.8,2.6,3,2,7,1,2.4,3.2,3
"20240114-Andorra-Leganes",2024-01-14,"23_24","Andorra","Leganes","A",2,3,0.2,0,1.2,0.8,0,0,0.8,1,1,1.2,10.8,10.4,4,5.2,2.4,2.2,18,1,1,2.45,3,3.2
"20240114-Cartagena-VillarrealB",2024-01-14,"23_24","Cartagena","Villarreal B","H",4,1,0.4,0.4,1.4,1.4,0,0,0.8,0.6,1.6,1,10.8,13.2,4.4,3.2,3,1.8,22,17,1,2.15,3.5,3.25
"20240114-SpGijon-Huesca",2024-01-14,"23_24","Sp Gijon","Huesca","D",0,0,0.2,0.4,1.2,1.2,0,1,0.8,1,0.6,0.8,11.8,8.2,5,2.6,3.6,2.2,3,19,1,1.91,3.2,4.5
"20240115-Eldense-Zaragoza",2024-01-15,"23_24","Eldense","Zaragoza","D",1,1,0,0.2,0.6,1.2,0,0,1,1,2,1,11.4,10.2,4.8,5.4,2.6,2,15,14,1,2.55,2.88,3.1
"20240120-Albacete-Alcorcon",2024-01-20,"23_24","Albacete","Alcorcon","A",0,1,0.2,0.4,0.8,1.4,0,0,1.8,0.6,2.2,0.8,13.4,10.6,4.8,3,1.8,2.8,16,20,1,1.57,4,6.5
"20240120-Amorebieta-Eldense",2024-01-20,"23_24","Amorebieta","Eldense","A",0,2,0,0,0.4,0.8,0,0,0.8,1.2,1.4,1.8,12,11.6,5.6,6.4,2.8,2.8,22,15,0,2.8,2.9,2.8
"20240120-Zaragoza-Andorra",2024-01-20,"23_24","Zaragoza","Andorra","H",2,0,0.2,0.2,1.4,1,0,0,1.2,1.2,1,1.6,10,13,4.6,4.6,2.4,3,15,20,1,2.1,3,4
"20240120-Espanol-VillarrealB",2024-01-20,"23_24","Espanol","Villarreal B","H",2,1,0,0.4,0.8,1.4,0,0,1,0.8,1.4,1.4,8.6,14,4.8,3.8,3.2,1.4,4,17,1,1.55,4.75,5.25
"20240120-Tenerife-SpGijon",2024-01-20,"23_24","Tenerife","Sp Gijon","A",1,2,0.4,0,1.4,0.8,0,0,1.2,0.4,1,0.6,7.8,10.6,2.6,5.4,2.2,3.8,12,3,1,2.25,3.1,3.5
"20240120-Ferrol-Oviedo",2024-01-20,"23_24","Ferrol","Oviedo","A",1,3,0.6,0.4,2,1.8,0,0,1.8,1.8,1.2,1.2,12.4,14,4.6,7.4,2.4,3,4,11,1,2.38,3,3.3
"20240121-Santander-Cartagena",2024-01-21,"23_24","Santander","Cartagena","A",0,2,0.2,0.6,1.2,1.8,0,1,1.4,1.4,1.4,1.6,11.2,13.2,6.2,6.2,3.2,2.8,10,21,1,1.85,3.5,4.33
"20240121-Mirandes-Levante",2024-01-21,"23_24","Mirandes","Levante","D",1,1,0.2,0.6,1.4,2.2,0,1,0.4,1.8,0,1.2,9.2,12.2,4.6,6.4,2.8,2.6,15,7,1,2.5,3.2,3
"20240121-Huesca-Eibar",2024-01-21,"23_24","Huesca","Eibar","A",2,3,0.4,0.2,1.4,1,0,1,1,1,0.6,1,8,13.6,2.2,5.2,1.8,2.8,19,6,0,3.1,3,2.6
"20240121-Elche-Valladolid",2024-01-21,"23_24","Elche","Valladolid","D",0,0,0.4,0.2,1.4,0.6,1,0,1.2,0.6,1,1.2,15.2,15,4.4,6.2,2.4,2.2,11,7,1,2.3,3.2,3.3
"20240122-Leganes-Burgos",2024-01-22,"23_24","Leganes","Burgos","H",2,0,0.2,0.6,1.2,2.2,1,1,1.2,1.6,1.2,0.6,7.2,9.2,4.4,4.4,2.2,2.2,1,11,1,2,3.2,4.2
"20240126-Eibar-Mirandes",2024-01-26,"23_24","Eibar","Mirandes","H",1,0,0.4,0.2,1.6,1.4,2,0,1.6,0.6,1.2,0.2,15.2,9.6,6.6,4,3,2.4,4,14,1,1.6,3.75,6.5
"20240127-Alcorcon-Zaragoza",2024-01-27,"23_24","Alcorcon","Zaragoza","D",0,0,0.6,0.2,2,1.4,1,1,0.8,1.4,0.4,1,11.6,10.2,2.6,4.4,2.8,2.4,18,12,0,2.9,3,2.55
"20240127-Levante-Tenerife",2024-01-27,"23_24","Levante","Tenerife","D",0,0,0.4,0.2,1.8,0.8,0,0,1.6,0.8,1.2,1.4,10.2,9.2,4.6,2.8,2.4,2.4,7,13,1,2.25,3.1,3.5
"20240127-Cartagena-Amorebieta",2024-01-27,"23_24","Cartagena","Amorebieta","H",1,0,0.6,0,1.8,0.4,2,0,1.6,0.8,1.6,1.6,11,11.2,5.2,5.6,3.2,2.6,21,22,1,1.91,3.1,4.75
"20240127-Oviedo-Leganes",2024-01-27,"23_24","Oviedo","Leganes","H",1,0,0.4,0.4,1.8,1.8,1,2,2,1.6,1.4,1,14.2,8.4,7.4,5,2.4,2,8,1,1,2.2,2.9,4
"20240128-Eldense-Espanol",2024-01-28,"23_24","Eldense","Espanol","H",3,2,0.2,0.2,1.4,1.4,1,1,1.6,1.4,1.2,1.2,11.4,9,5,5,3,3,15,4,0,3,3.1,2.5
"20240128-Andorra-Elche",2024-01-28,"23_24","Andorra","Elche","A",0,1,0,0.2,0.4,1,0,0,1,0.8,2,1,13,14.4,3.8,4.2,2.8,2.6,21,9,1,2.45,3.2,3.1
"20240128-VillarrealB-Huesca",2024-01-28,"23_24","Villarreal B","Huesca","D",1,1,0.2,0.4,0.8,1.4,0,0,0.8,1.4,1.8,1,11,10.2,3.6,3,1.6,1.6,18,20,1,2.38,3.1,3.3
"20240128-Burgos-Albacete",2024-01-28,"23_24","Burgos","Albacete","H",2,1,0.4,0.2,1.6,0.8,0,0,1.4,1,1,1.4,10.6,13,4,4.4,2.6,1.4,12,16,1,2.5,3.1,3
"20240128-SpGijon-Ferrol",2024-01-28,"23_24","Sp Gijon","Ferrol","A",1,2,0.2,0.4,1.4,1.4,1,0,0.8,1,0.6,1,11.6,10.8,6,5.6,3.8,2.4,3,5,1,1.83,3.3,5
"20240129-Valladolid-Santander",2024-01-29,"23_24","Valladolid","Santander","H",3,1,0.2,0.2,0.8,1,0,0,0.4,1.4,0.8,1.8,13.4,11.6,5.4,5.8,2,3.4,10,11,1,1.85,3.6,4.2
"20240202-Elche-Burgos",2024-02-02,"23_24","Elche","Burgos","H",2,0,0.4,0.6,1.6,2,1,1,0.8,1.8,0.6,1.2,14.8,12.4,3.6,4.6,2.6,2.2,9,10,1,1.91,3.25,4.5
"20240203-Albacete-Cartagena",2024-02-03,"23_24","Albacete","Cartagena","D",1,1,0,0.6,0.2,1.8,0,3,0.8,1.4,1.8,1.4,11.2,11.6,4.2,4.8,1.2,3,17,20,1,1.8,3.4,5.25
"20240203-Mirandes-VillarrealB",2024-02-03,"23_24","Mirandes","Villarreal B","H",3,0,0.2,0.2,1.2,1,0,0,0.6,1,0.4,1.6,10.8,12.8,3.2,5,2,1.8,15,18,1,2.1,3.1,4
"20240203-Tenerife-Andorra",2024-02-03,"23_24","Tenerife","Andorra","D",0,0,0,0,0.4,0.2,0,0,0.6,0.6,1.4,1.8,8,11.8,3,4.4,3,2.8,14,21,1,1.91,3.4,4.33
"20240203-Leganes-Valladolid",2024-02-03,"23_24","Leganes","Valladolid","D",0,0,0.4,0.2,1.6,0.8,0,1,1.4,0.6,1,0.8,7,13.4,4,5.2,1.6,2.4,1,6,1,2.55,2.88,3.2
"20240203-Huesca-Alcorcon",2024-02-03,"23_24","Huesca","Alcorcon","H",1,0,0.2,0.6,1,2.2,0,0,1.4,0.8,1.2,0.2,9.2,11.2,2.6,2.8,2,1.8,19,18,1,1.95,3.2,4.5
"20240204-Ferrol-Eibar",2024-02-04,"23_24","Ferrol","Eibar","D",1,1,0.6,0.6,2,2,1,3,1.4,1.4,1,0.8,11,16.2,5.4,6.8,2.6,2,3,2,0,3.1,3,2.55
"20240204-Amorebieta-Santander",2024-02-04,"23_24","Amorebieta","Santander","A",0,1,0,0.2,0.4,0.8,0,0,0.6,1.2,1.4,2,11.6,11.2,5,5,2.8,3,22,13,0,2.88,3.1,2.6
"20240204-Oviedo-Eldense",2024-02-04,"23_24","Oviedo","Eldense","D",1,1,0.6,0.4,2.2,1.8,2,2,1.8,2,1,1.4,13.4,13,7.6,6,2.6,2.8,8,15,1,1.91,3.3,4.5
"20240204-Espanol-Levante",2024-02-04,"23_24","Espanol","Levante","H",2,1,0.2,0.4,1.2,1.8,0,0,1.6,1.6,1.6,1.2,8.4,10.2,4.8,4.4,2.8,1.8,7,9,1,1.85,3.5,4.5
"20240205-Zaragoza-SpGijon",2024-02-05,"23_24","Zaragoza","Sp Gijon","H",3,0,0.2,0.2,1.4,1.2,0,0,1.2,1,0.8,1,9.2,11.8,3.2,5.4,2,2.4,14,7,1,2.45,2.9,3.3
"20240209-Levante-Leganes",2024-02-09,"23_24","Levante","Leganes","D",0,0,0.2,0.4,1.2,1.6,0,0,1.4,1.2,1.4,0.8,11,7.2,3.6,3.8,2,1.4,9,1,1,2.25,3,3.75
"20240210-Amorebieta-Elche",2024-02-10,"23_24","Amorebieta","Elche","H",1,0,0,0.6,0.2,2.2,0,2,0.4,0.8,1.4,0,10,14.4,5.2,4.2,2.4,2.2,22,6,0,4,3.1,2.1
"20240210-Eldense-Huesca",2024-02-10,"23_24","Eldense","Huesca","D",0,0,0.4,0.4,1.8,1.6,0,1,1.6,1.4,1,0.8,11.8,10.4,5.4,3.4,3.6,1.4,13,16,1,2.15,3,4
"20240210-SpGijon-Oviedo",2024-02-10,"23_24","Sp Gijon","Oviedo","H",1,0,0.2,0.4,1,1.8,0,0,0.8,1.4,1.4,0.8,10,16.6,4.4,9.8,2.4,2.4,7,8,1,2.3,3.1,3.3
"20240210-Santander-Espanol",2024-02-10,"23_24","Santander","Espanol","H",2,0,0.4,0.4,1.2,1.6,1,1,0.8,1.8,1.4,1.6,11.2,9,4.4,5.4,3.2,2.6,11,5,1,2.6,3,3
"20240211-VillarrealB-Tenerife",2024-02-11,"23_24","Villarreal B","Tenerife","H",1,0,0,0,0.4,0.6,0,0,0.8,0.4,2.2,0.8,11.4,9.4,4.6,4.2,1.8,3.6,19,15,0,3.2,2.9,2.55
"20240211-Alcorcon-Andorra",2024-02-11,"23_24","Alcorcon","Andorra","H",1,0,0.4,0,1.6,0.2,0,0,0.6,0.4,0.4,1.6,11.6,10.8,3.4,3.8,2,3,20,21,1,2.55,3.1,3.1
"20240211-Cartagena-Mirandes",2024-02-11,"23_24","Cartagena","Mirandes","H",1,0,0.6,0.2,2,1.2,0,1,1.6,0.8,1,0.4,12,11,5.2,3.8,2.2,1.8,20,14,1,2.2,3,3.75
"20240211-Eibar-Zaragoza",2024-02-11,"23_24","Eibar","Zaragoza","H",1,0,0.6,0.4,2.2,1.8,0,1,1.6,1.6,0.8,0.6,13.8,9.8,4.6,2.6,2,2,2,11,1,1.85,3.4,4.75
"20240211-Burgos-Ferrol",2024-02-11,"23_24","Burgos","Ferrol","H",2,0,0.4,0.4,1.4,1.6,0,0,1.2,1,1.6,1,11.6,9.4,5.4,4.2,2,3.2,12,4,1,2.05,3.1,4
"20240212-Valladolid-Albacete",2024-02-12,"23_24","Valladolid","Albacete","D",0,0,0.2,0,1,0.4,0,0,0.6,1,0.6,1.6,12,10,5,3.4,2.2,1.4,6,20,1,2,3.4,3.8
"20240216-Zaragoza-Cartagena",2024-02-16,"23_24","Zaragoza","Cartagena","A",1,2,0.4,0.8,1.6,2.6,0,1,1.2,1.8,0.4,0.4,9.2,10.8,2.6,4.4,1.6,3.2,12,17,1,1.83,3.25,5
"20240217-Andorra-VillarrealB",2024-02-17,"23_24","Andorra","Villarreal B","D",1,1,0,0.2,0.2,0.8,0,1,0.4,0.8,1.4,2,11.6,10.4,4.2,5.2,2.2,2.2,21,18,1,1.83,3.25,5
"20240217-Oviedo-Burgos",2024-02-17,"23_24","Oviedo","Burgos","H",5,0,0.4,0.6,1.6,1.8,0,1,1.2,1,0.8,1,16.8,10.8,9.4,4.6,2,1.6,10,9,1,2,3.2,4.2
"20240217-SpGijon-Valladolid",2024-02-17,"23_24","Sp Gijon","Valladolid","D",1,1,0.4,0.2,1.4,1.2,1,0,0.8,0.6,1.2,0.4,11,12.6,4.6,4.8,2.4,2.6,3,7,1,2.45,3.1,3.1
"20240217-Espanol-Mirandes",2024-02-17,"23_24","Espanol","Mirandes","H",3,0,0.4,0.2,1.4,1,0,0,1.2,0.8,1.4,0.6,8.2,13.8,4.8,4.6,2,1.4,7,14,1,1.75,3.5,5.25
"20240218-Ferrol-Levante",2024-02-18,"23_24","Ferrol","Levante","D",0,0,0.2,0.2,1,1.2,0,0,0.8,1,1.4,1,10.6,11.6,5,4.4,2.8,1.8,5,11,1,2.4,3.2,3.1
"20240218-Huesca-Amorebieta",2024-02-18,"23_24","Huesca","Amorebieta","D",0,0,0.2,0.2,1.2,0.8,0,1,0.8,0.4,0.8,1,10.8,10.2,4,3.4,1.6,1.8,18,22,1,1.91,3.1,5
"20240218-Albacete-Santander",2024-02-18,"23_24","Albacete","Santander","H",2,0,0,0.4,0.4,1.2,0,2,0.8,0.8,1.4,1.4,9.8,9.8,2.6,4.6,1.8,2.4,20,9,1,1.95,3.3,4.2
"20240218-Elche-Eibar",2024-02-18,"23_24","Elche","Eibar","D",0,0,0.6,0.8,2,2.6,0,1,0.8,1.6,0.2,0.6,14.8,12.8,4,4,1.8,1.8,8,2,1,2.3,3.1,3.4
"20240218-Leganes-Alcorcon",2024-02-18,"23_24","Leganes","Alcorcon","H",3,0,0.4,0.4,1.6,1.6,0,1,1,0.4,0.6,0.2,8.4,10.6,3.4,3.6,2.2,1.8,1,19,1,1.73,3.3,6
"20240219-Tenerife-Eldense",2024-02-19,"23_24","Tenerife","Eldense","H",1,0,0,0.4,0.4,1.8,0,0,0.2,1.4,0.8,0.8,9,11,3.4,5.6,4.4,3,15,13,1,1.91,3.1,5
"20240223-Valladolid-Oviedo",2024-02-23,"23_24","Valladolid","Oviedo","H",3,0,0.2,0.6,1.4,2,0,1,0.8,2,0.4,0.6,11,17.8,4.8,8.4,2.6,2.4,6,7,1,2.15,3,3.75
"20240224-Santander-Leganes",2024-02-24,"23_24","Santander","Leganes","H",2,1,0.4,0.4,1.2,1.6,0,1,0.8,1,1.4,0.2,9.6,9.6,4.4,4.2,3,2.8,9,1,1,2.38,2.9,3.3
"20240224-Eibar-Espanol",2024-02-24,"23_24","Eibar","Espanol","A",2,3,0.6,0.6,2.2,1.8,0,1,1.2,1.8,0.6,1.4,11.6,10.2,4.2,4.6,2.2,1.8,2,4,1,2.05,3.3,3.8
"20240224-VillarrealB-Zaragoza",2024-02-24,"23_24","Villarreal B","Zaragoza","D",0,0,0.2,0.4,1,1.4,0,0,0.8,1.2,1.4,0.6,9.2,12.4,4.2,4,2.2,1.6,19,12,0,3.2,2.9,2.55
"20240225-Eldense-Ferrol",2024-02-25,"23_24","Eldense","Ferrol","H",2,0,0.4,0.2,1.6,1,0,0,1.2,0.8,0.8,1.4,9.4,10.6,4.2,4.2,2.6,2.8,14,7,1,2.25,3.1,3.5
"20240225-Burgos-SpGijon",2024-02-25,"23_24","Burgos","Sp Gijon","H",1,0,0.4,0.4,1.2,1.4,0,0,0.8,1,2,1.4,12.4,11,5,4.4,0.6,2.6,11,6,1,2.38,3,3.4
"20240225-Amorebieta-Albacete",2024-02-25,"23_24","Amorebieta","Albacete","D",1,1,0.2,0.2,0.8,1,0,1,0.2,0.8,0.8,0.8,8.8,10.6,2.4,3.6,1.8,2.2,22,17,0,3.6,3,2.25
"20240225-Cartagena-Elche",2024-02-25,"23_24","Cartagena","Elche","A",0,1,0.8,0.4,2.6,1.6,2,0,1.4,0.6,0.4,0.2,8.2,19.4,3,5.4,3.8,2.2,16,9,0,3.2,3,2.45
"20240225-Alcorcon-Tenerife",2024-02-25,"23_24","Alcorcon","Tenerife","D",1,1,0.4,0.2,1.4,1,0,1,0.4,0.4,0.8,0.6,11,10.2,3.6,3.2,2.6,4.2,20,13,0,3.1,2.9,2.6
"20240226-Mirandes-Huesca",2024-02-26,"23_24","Mirandes","Huesca","A",0,3,0.2,0.2,0.8,1.2,0,0,0.8,0.8,1.2,0.8,12.2,12,4.6,5.6,1.8,1.6,15,19,1,2.25,2.8,4
"20240301-SpGijon-Albacete",2024-03-01,"23_24","Sp Gijon","Albacete","H",2,1,0.2,0.2,0.8,1.2,0,0,0.6,1,1.4,0.8,10.2,9.4,4.2,3.8,2.4,3,6,17,1,2.2,3.1,3.6
"20240302-Eldense-VillarrealB",2024-03-02,"23_24","Eldense","Villarreal B","H",2,0,0.4,0.2,1.6,1.2,1,0,1.2,0.6,0.8,1,9,9.6,4.6,3.2,2.8,2,12,19,1,2.1,3.3,3.8
"20240302-Espanol-Huesca",2024-03-02,"23_24","Espanol","Huesca","D",0,0,0.6,0.4,1.8,1.8,2,1,2,1,1.6,0.2,9.6,10.2,4.2,5.2,1.8,2.4,2,16,1,1.73,3.25,6
"20240302-Ferrol-Santander",2024-03-02,"23_24","Ferrol","Santander","D",2,2,0.2,0.6,1,1.8,0,1,0.6,1.2,1.2,1.2,10.8,8.8,3,3.8,2.6,2.2,7,8,1,2.2,3.3,3.4
"20240302-Oviedo-Levante",2024-03-02,"23_24","Oviedo","Levante","H",3,2,0.4,0,1.4,0.8,0,0,1.4,0.4,1,0.6,16.6,11.8,8,4.2,2.2,2.2,10,12,1,2,3.25,4.2
"20240302-Burgos-Cartagena",2024-03-02,"23_24","Burgos","Cartagena","H",3,0,0.6,0.6,1.8,2,1,0,1,1,1.6,0.6,12,7.6,4.8,3.6,1.4,3.6,10,18,1,1.95,3.2,4.5
"20240303-Andorra-Valladolid",2024-03-03,"23_24","Andorra","Valladolid","H",2,1,0,0.4,0.4,1.8,0,1,0.2,1.4,1,0.4,10,13,4.6,5.6,2.2,2.4,21,5,0,2.9,3.1,2.63
"20240303-Tenerife-Mirandes",2024-03-03,"23_24","Tenerife","Mirandes","H",2,1,0.2,0.2,1.2,0.6,0,0,0.4,0.6,0.4,1.6,10.4,10.8,3.6,4.2,4.4,2,14,16,1,1.91,3.25,4.5
"20240303-Zaragoza-Amorebieta",2024-03-03,"23_24","Zaragoza","Amorebieta","A",0,1,0.2,0.2,1,1,0,0,0.8,0.4,0.6,0.6,11.4,11,4.6,2.2,1.6,2.2,14,22,1,1.62,3.5,7
"20240303-Leganes-Eibar",2024-03-03,"23_24","Leganes","Eibar","A",0,2,0.2,0.4,1,1.6,0,0,0.8,1,0.6,0.8,9.2,11.2,3.8,4,3.6,2,1,3,1,2.63,3,3
"20240304-Elche-Alcorcon",2024-03-04,"23_24","Elche","Alcorcon","H",3,0,0.6,0.2,2,1,1,0,0.8,0.4,0.2,1,20.8,9.2,7.4,3.8,1.8,2.2,8,20,1,1.55,3.6,7.5
"20240308-Huesca-Andorra",2024-03-08,"23_24","Huesca","Andorra","H",2,0,0.4,0.2,1.8,1,0,1,0.8,0.6,0,0.8,9.4,11.4,5.2,5.8,2.8,2.4,15,21,1,2.3,2.8,3.6
"20240309-Mirandes-Eldense",2024-03-09,"23_24","Mirandes","Eldense","H",3,1,0.2,0.4,0.6,1.6,0,2,0.8,1,1.8,0.4,10.2,9.8,4.2,3.6,2.4,3,17,11,1,2.5,2.88,3.2
"20240309-Albacete-Oviedo",2024-03-09,"23_24","Albacete","Oviedo","A",1,2,0.2,0.4,1.2,1.4,0,1,1,1.8,0.8,1.4,8.8,17.8,3.4,8.8,3.2,1.4,18,8,1,2.3,3,3.4
"20240309-Cartagena-Ferrol",2024-03-09,"23_24","Cartagena","Ferrol","H",2,1,0.4,0,1.4,0.6,0,0,0.8,0.6,1.2,1.4,7.2,11,3.2,3.8,3.2,2.4,18,9,1,2.5,3.1,3
"20240309-Valladolid-Zaragoza",2024-03-09,"23_24","Valladolid","Zaragoza","H",2,0,0.2,0.2,1.2,0.8,0,0,1,0.8,0.6,0.8,12.6,12,6.4,5.4,2.4,2,6,14,1,1.95,3.1,4.5
"20240310-Santander-Tenerife",2024-03-10,"23_24","Santander","Tenerife","H",4,2,0.6,0.4,2,1.6,0,1,1.4,0.8,1,0.6,8.8,12.2,4.2,4.6,3.2,4.4,10,12,1,2.4,2.9,3.4
"20240310-Levante-SpGijon",2024-03-10,"23_24","Levante","Sp Gijon","H",1,0,0,0.4,0.6,1.4,0,1,0.6,0.8,1,1.2,12.4,11.6,4.6,5.8,1.6,2.8,13,7,1,2.05,3.2,4
"20240310-VillarrealB-Elche",2024-03-10,"23_24","Villarreal B","Elche","A",0,1,0.2,0.6,1,2,0,2,0.4,1.2,1.2,0.2,8.2,21.4,2.6,7.4,1.6,1.4,19,6,0,3.2,3.25,2.3
"20240310-Eibar-Burgos",2024-03-10,"23_24","Eibar","Burgos","A",0,1,0.4,0.6,1.6,1.8,1,2,1.2,1.2,0.8,1.4,9,11.6,3.6,4.8,3,2,3,9,1,1.73,3.5,5.25
"20240310-Alcorcon-Espanol",2024-03-10,"23_24","Alcorcon","Espanol","D",1,1,0.2,0.6,0.8,2,0,0,0.4,1.6,1.6,1,8.8,11,3,4.4,2.8,1.8,20,4,0,3.6,3.2,2.15
"20240311-Amorebieta-Leganes",2024-03-11,"23_24","Amorebieta","Leganes","A",0,1,0.4,0.2,1.6,1,1,0,0.6,0.8,0.4,0.8,10.6,13.4,2.2,4.6,1.6,3.6,22,1,0,2.9,3.25,2.45
"20240313-Levante-Andorra",2024-03-13,"23_24","Levante","Andorra","D",0,0,0.2,0.2,1,1,1,0,0.8,0.6,1,1,14.6,11,5.6,5.8,2,2,11,21,1,1.91,3.4,4.33
"20240315-Eldense-Cartagena",2024-03-15,"23_24","Eldense","Cartagena","D",0,0,0.4,0.6,1.4,1.8,0,1,1,1,0.8,1.2,10.6,7.4,3.8,3.4,1.8,3.4,12,17,1,2,2.9,4.5
"20240316-Burgos-Levante",2024-03-16,"23_24","Burgos","Levante","D",1,1,0.8,0.2,2.4,1.2,3,0,1.4,0.6,1,0.6,12.2,12.6,4,5.8,2.8,1.8,6,11,1,2.3,3,3.5
"20240316-Eibar-VillarrealB",2024-03-16,"23_24","Eibar","Villarreal B","H",2,0,0.4,0.2,1.4,1,0,0,1,0.4,0.8,0.8,10.2,10.2,5,4,3,1.8,4,19,1,1.44,4.5,7
"20240316-Oviedo-Santander",2024-03-16,"23_24","Oviedo","Santander","D",1,1,0.6,0.6,1.8,2,2,1,2,2,1.4,1.4,16,11,6.8,5.8,1.2,3.2,7,9,1,1.73,3.5,5.25
"20240316-Tenerife-Huesca",2024-03-16,"23_24","Tenerife","Huesca","D",0,0,0.4,0.4,1.4,1.8,0,1,1.2,1,1.4,0,11,10.8,4,6,4.6,3.4,13,15,1,2,3,4.75
"20240316-SpGijon-Alcorcon",2024-03-16,"23_24","Sp Gijon","Alcorcon","H",1,0,0.4,0.2,1.4,1,0,0,0.8,0.6,0.8,1.6,12,10.2,5.8,2.8,2.4,3,9,20,1,1.73,3.3,6
"20240317-Ferrol-Valladolid",2024-03-17,"23_24","Ferrol","Valladolid","H",2,0,0,0.4,0.4,1.6,0,1,0.6,1.4,1.6,0.6,11.2,13,4.4,6.4,2.2,2,11,8,0,3,3.25,2.4
"20240317-Leganes-Mirandes",2024-03-17,"23_24","Leganes","Mirandes","H",4,0,0.4,0.2,1.4,0.6,1,1,1,0.8,0.8,2,12.4,9.2,4.2,3.6,3.6,2.6,1,16,1,1.75,3.25,5.75
"20240317-Zaragoza-Espanol",2024-03-17,"23_24","Zaragoza","Espanol","A",0,1,0,0.4,0.2,1.6,0,0,0.2,1.4,1.2,1,10.4,11.8,5.2,4.6,2.6,2.2,15,4,1,2.63,2.9,2.9
"20240317-Elche-Albacete",2024-03-17,"23_24","Elche","Albacete","H",3,2,0.6,0.2,2,1,3,0,1,1,0.2,1,20.8,10,7.2,4.2,2,3.8,3,18,1,1.73,3.4,5.75
"20240318-Andorra-Amorebieta",2024-03-18,"23_24","Andorra","Amorebieta","A",0,1,0.2,0.4,1,1.6,0,0,0.6,0.6,1,0.4,11.4,11.2,6,3,1.8,1.4,21,22,1,1.85,3.1,5.25
"20240323-Alcorcon-Oviedo",2024-03-23,"23_24","Alcorcon","Oviedo","H",1,0,0,0.6,0.4,2,0,0,0.4,2.2,1.8,1.4,11,16.2,2.8,7.4,2.8,1.2,20,7,0,3.75,2.9,2.2
"20240323-Cartagena-Andorra",2024-03-23,"23_24","Cartagena","Andorra","H",1,0,0.4,0.2,1.4,1,0,0,0.8,0.6,1.2,1,7.8,13,2.8,5.6,2.2,2.2,17,21,1,2.3,3,3.4
"20240323-VillarrealB-Leganes",2024-03-23,"23_24","Villarreal B","Leganes","A",1,2,0,0.6,0.4,1.8,0,2,0.2,1.8,1.2,0.8,10.4,12.6,4,5.2,1.8,2.4,20,1,0,3,3,2.5
"20240323-Espanol-Tenerife",2024-03-23,"23_24","Espanol","Tenerife","D",1,1,0.6,0.4,2.2,1.6,1,0,1.6,1.2,0.6,1.2,11,14.2,4.6,5.4,3,3.6,4,13,1,1.95,3,4.75
"20240324-Amorebieta-SpGijon",2024-03-24,"23_24","Amorebieta","Sp Gijon","H",3,1,0.4,0.4,1.6,1.4,1,1,0.6,0.8,0.4,0.8,10.8,11.8,3.8,7.4,1.8,2.2,22,7,0,3.5,3,2.25
"20240324-Huesca-Burgos",2024-03-24,"23_24","Huesca","Burgos","H",3,0,0.4,0.6,1.8,2,0,0,1,1.2,0,1.2,10.2,14.2,5.6,5,3.6,3.6,16,8,1,2.55,2.88,3.2
"20240324-Valladolid-Eibar",2024-03-24,"23_24","Valladolid","Eibar","H",3,1,0.4,0.4,1.4,1.4,0,1,1.4,1.2,1,0.8,10.8,10.8,6,5.8,2.2,2.8,9,4,1,2.05,3,3.4
"20240324-Levante-Elche",2024-03-24,"23_24","Levante","Elche","H",3,2,0.2,0.8,1.2,2.6,0,4,0.8,1.6,0.8,0.4,12.4,21.4,6.2,8,2.2,2.4,11,3,1,2.5,2.75,2.8
"20240324-Mirandes-Zaragoza",2024-03-24,"23_24","Mirandes","Zaragoza","D",0,0,0.2,0,0.6,0.2,0,0,0.8,0.2,2.6,1.2,7.4,10.6,3.2,5.8,2.8,2.6,17,16,1,2.45,2.7,3
"20240324-Santander-Eldense",2024-03-24,"23_24","Santander","Eldense","H",2,1,0.4,0.4,1.6,1.4,0,0,1.8,1,1.6,0.8,12.2,12.2,5.6,4.8,3.8,2.2,9,12,1,1.95,3.25,3.4
"20240325-Albacete-Ferrol",2024-03-25,"23_24","Albacete","Ferrol","D",1,1,0.2,0.2,0.8,1,0,1,1.4,1,1.6,1.2,9.8,11.4,4.6,4.4,3.6,2.2,19,11,1,1.83,3.1,4.2
"20240329-Burgos-Espanol",2024-03-29,"23_24","Burgos","Espanol","D",0,0,0.6,0.4,2,1.8,0,0,1.2,1.2,0.8,0.8,13.6,11.8,4.2,5.2,3.6,3.4,8,2,1,2.55,3.1,3
"20240330-Valladolid-Levante",2024-03-30,"23_24","Valladolid","Levante","D",0,0,0.6,0.4,1.8,1.6,1,1,1.8,1.4,1,1.2,12.2,11.4,6,5.8,2,2.2,6,11,1,1.85,3.4,4.75
"20240330-Andorra-Mirandes",2024-03-30,"23_24","Andorra","Mirandes","H",1,0,0.2,0.2,0.8,0.8,0,0,0.4,0.8,1,2,15,9,5.2,3.6,1.8,2.8,22,17,1,1.91,3.1,4.75
"20240330-Eibar-Eldense",2024-03-30,"23_24","Eibar","Eldense","H",5,1,0.4,0.4,1.2,1.4,0,0,1.4,1.2,1.4,1,10,14.4,5.8,5.4,2.4,3,5,12,1,1.7,3.75,5
"20240330-Leganes-Cartagena",2024-03-30,"23_24","Leganes","Cartagena","D",0,0,0.6,0.4,1.8,1.4,3,1,1.6,0.6,1,1,14,7.8,4.8,3.4,2,1,1,16,1,1.62,3.5,6.5
"20240330-Albacete-Huesca",2024-03-30,"23_24","Albacete","Huesca","D",1,1,0,0.6,0.4,2.2,0,1,1.2,1.6,1.8,0,8.6,10.4,4,4.6,3.4,3.2,19,14,1,2.15,2.88,4
"20240330-SpGijon-Santander",2024-03-30,"23_24","Sp Gijon","Santander","A",2,3,0.4,0.6,1.2,2.2,0,1,0.8,2.2,1.2,1.4,11.8,13.8,7.4,6.8,1.8,3.2,8,6,1,2.2,3.25,3.4
"20240331-Alcorcon-Amorebieta",2024-03-31,"23_24","Alcorcon","Amorebieta","D",1,1,0.2,0.6,1,2,1,2,0.6,1.2,1.2,0.6,10,11.8,2.8,4.4,2.4,1.8,19,21,1,2.2,3,3.8
"20240331-Ferrol-Elche",2024-03-31,"23_24","Ferrol","Elche","H",1,0,0.2,0.8,1,2.4,0,0,1.2,2,1.4,1,13.4,19.2,4.8,6.8,2,2,11,5,0,3,2.9,2.7
"20240331-Zaragoza-Tenerife",2024-03-31,"23_24","Zaragoza","Tenerife","H",3,1,0,0.2,0.4,1.2,0,0,0,1.2,0.8,1.4,8.6,12.8,4.8,5.2,2.2,3.8,16,12,1,2.3,2.75,3.75
"20240331-Oviedo-VillarrealB",2024-03-31,"23_24","Oviedo","Villarreal B","H",2,1,0.4,0,1.4,0.2,0,0,1.2,0.2,1.6,1.4,14.4,10.8,7,4.4,1.2,1.8,10,22,1,1.53,4,6.5
"20240405-Amorebieta-Ferrol",2024-04-05,"23_24","Amorebieta","Ferrol","H",3,1,0.6,0.4,2,1.6,0,1,1.2,1.4,0.6,1,9.2,13.6,3.6,4.6,2,2.2,21,8,0,3,2.8,2.75
"20240405-Elche-Oviedo",2024-04-05,"23_24","Elche","Oviedo","A",0,2,0.6,0.6,1.8,2,0,1,1.8,1.6,1.2,1.2,15.6,14.4,5.6,7,3,1.2,5,7,1,1.95,3.2,4.5
"20240406-Eldense-Andorra",2024-04-06,"23_24","Eldense","Andorra","A",0,2,0.2,0.2,0.8,0.8,0,1,1,0.2,2,0.8,14.6,13.8,4.8,4.4,2.6,1.6,13,21,1,2.3,3,3.6
"20240406-Levante-Zaragoza",2024-04-06,"23_24","Levante","Zaragoza","H",2,1,0.4,0.2,1.8,0.8,0,1,1,0.6,0.6,1,10.8,9.6,5.6,5.4,2.6,1.8,11,15,1,2.15,3.1,3.8
"20240407-Huesca-Leganes",2024-04-07,"23_24","Huesca","Leganes","D",0,0,0.4,0.6,1.8,2,0,0,1.2,1.4,0.2,0.6,9.6,13.4,4.6,5,2.8,1.8,14,1,1,2.45,2.8,3.5
"20240407-Mirandes-SpGijon",2024-04-07,"23_24","Mirandes","Sp Gijon","A",1,3,0.2,0.4,0.8,1.2,0,0,0.8,1.2,1.6,1.6,9,13.2,4,6.4,2.6,2.8,17,11,1,2.7,2.8,3.1
"20240407-VillarrealB-Burgos",2024-04-07,"23_24","Villarreal B","Burgos","H",2,1,0,0.4,0,1.6,0,0,0.4,1,1.8,0.8,10.8,14.2,5.4,4.6,2.2,3.2,22,11,0,3.2,3,2.45
"20240407-Espanol-Albacete",2024-04-07,"23_24","Espanol","Albacete","H",2,1,0.2,0,1.4,0.4,0,0,0.6,1.2,0.4,1.8,12.6,10.6,6,5.2,3.6,2.6,4,21,1,1.8,3.4,5
"20240407-Tenerife-Eibar",2024-04-07,"23_24","Tenerife","Eibar","H",2,1,0.2,0.6,1,1.8,0,1,1.2,2,1.8,1,12.2,11,4.8,5.8,3.8,2.4,13,3,1,2.6,2.9,3.2
"20240407-Cartagena-Valladolid",2024-04-07,"23_24","Cartagena","Valladolid","A",0,2,0.4,0.4,1.6,1.4,0,0,0.6,1.2,0.8,1,8,11.8,3.4,5.8,1.4,2,16,8,0,3.8,3.1,2.15
"20240408-Santander-Alcorcon",2024-04-08,"23_24","Santander","Alcorcon","A",0,1,0.6,0.2,2.2,1,2,0,2.4,0.6,1.6,1.2,13.6,11,6.6,3,4,2.6,6,20,1,1.75,3.5,5
"20240412-Leganes-Espanol",2024-04-12,"23_24","Leganes","Espanol","D",0,0,0.6,0.4,2.2,1.8,0,1,1.4,1,0.2,0.6,9.2,12,4,6.2,2.6,3.8,1,2,1,2.38,2.88,3.4
"20240413-SpGijon-Cartagena",2024-04-13,"23_24","Sp Gijon","Cartagena","H",1,0,0.4,0.4,1.2,1.6,1,0,1.4,0.6,1.6,0.6,11.4,9.4,5,4.2,2.4,1.8,8,16,1,1.7,3.75,5
"20240413-Valladolid-Eldense",2024-04-13,"23_24","Valladolid","Eldense","H",1,0,0.6,0,2,0.2,1,0,1.4,0.6,0.6,2.4,11,14.8,4.4,5.6,1.4,2.8,5,14,1,1.7,3.6,5.25
"20240413-Levante-Amorebieta",2024-04-13,"23_24","Levante","Amorebieta","A",1,2,0.4,0.6,1.8,2,1,1,1.2,1.6,0.8,0.8,10.4,9,5.6,4.2,2.4,2,9,20,1,1.62,4,5.5
"20240414-Oviedo-Mirandes",2024-04-14,"23_24","Oviedo","Mirandes","D",1,1,0.6,0.2,2,0.8,2,0,1.4,0.8,0.8,1.8,12.4,9.2,5.2,3.4,2.2,2.6,6,17,1,1.6,3.75,6.5
"20240414-Albacete-Tenerife",2024-04-14,"23_24","Albacete","Tenerife","H",1,0,0,0.2,0.4,1,0,1,1.2,1.2,1.8,1.8,11.4,10.2,6.6,3.2,2.8,3.8,21,12,1,2.3,3,3.5
"20240414-Andorra-Eibar",2024-04-14,"23_24","Andorra","Eibar","A",0,2,0.4,0.4,1.4,1.2,2,0,0.6,1.8,0.4,1.4,14.4,13,4.6,6.2,1.8,2,21,4,0,2.8,3.1,2.7
"20240414-Burgos-Santander",2024-04-14,"23_24","Burgos","Santander","H",2,1,0.2,0.6,1,2,0,0,0.6,2,1.2,1.4,14.6,16.2,5,8.4,2.6,3,11,8,1,2.15,3.4,3.4
"20240414-Zaragoza-Elche",2024-04-14,"23_24","Zaragoza","Elche","D",1,1,0.2,0.4,0.8,1.2,0,0,0.8,1.2,1.2,1.6,10.6,16.4,5.2,6.4,1.8,3.2,15,8,0,3,2.88,2.7
"20240414-Ferrol-Huesca",2024-04-14,"23_24","Ferrol","Huesca","H",2,1,0.4,0.4,1.4,1.8,0,0,1.2,1.2,1.2,0.2,13.8,10.4,4.4,5.6,1.8,2.6,11,13,1,2.3,2.9,3.6
"20240415-Alcorcon-VillarrealB",2024-04-15,"23_24","Alcorcon","Villarreal B","H",1,0,0.4,0.2,1.6,0.6,1,1,0.8,0.8,0.6,1.6,11.4,11.8,3.6,5.6,4,2.6,19,22,1,2.2,3.1,3.6
"20240419-Tenerife-Leganes",2024-04-19,"23_24","Tenerife","Leganes","D",0,0,0.2,0.4,1,1.8,0,0,0.8,1.2,1.2,0.2,10,10.4,2.8,4.4,3.4,3,12,1,1,2.75,2.63,3.2
"20240420-Amorebieta-Valladolid",2024-04-20,"23_24","Amorebieta","Valladolid","A",0,3,0.8,0.6,2.6,2,2,2,2,1.2,0.8,0.6,8.2,12.4,2.6,5,1.8,1.6,19,4,0,3.8,3.1,2.1
"20240420-Santander-Levante",2024-04-20,"23_24","Santander","Levante","D",0,0,0.4,0.4,1.4,1.6,0,0,1.4,1.4,1.4,1.2,13.4,14.2,7.2,5.2,2.8,2,9,11,1,2.15,3.4,3.3
"20240420-VillarrealB-Ferrol",2024-04-20,"23_24","Villarreal B","Ferrol","H",1,0,0.2,0.6,0.6,2,0,1,0.8,1.4,1.6,1,13,13.6,5.4,4.4,2.4,1.2,22,9,1,2.4,3.1,3
"20240420-Elche-SpGijon",2024-04-20,"23_24","Elche","Sp Gijon","H",2,1,0.2,0.6,0.8,1.8,0,2,1.2,1.6,1.8,1.4,16.4,12.2,6,5.8,2.4,2.6,8,6,1,1.7,3.6,5.25
"20240420-Huesca-Zaragoza",2024-04-20,"23_24","Huesca","Zaragoza","A",1,2,0.2,0.2,1.2,1,0,0,1,1,0.6,1,7.4,12.6,4.6,6.2,2,1.4,13,14,1,2.7,2.7,3.1
"20240421-Eibar-Alcorcon",2024-04-21,"23_24","Eibar","Alcorcon","H",2,0,0.6,0.6,1.8,2,1,2,2.2,0.8,1.2,0.4,12.4,9.8,5.2,3.2,1.8,4,4,17,1,1.5,4.2,8
"20240421-Espanol-Andorra",2024-04-21,"23_24","Espanol","Andorra","D",1,1,0.4,0.4,1.8,1.2,0,0,0.8,0.6,0.4,0.8,12,14.2,5,4.8,3.2,1.6,4,22,1,1.65,3.75,5.5
"20240421-Mirandes-Burgos",2024-04-21,"23_24","Mirandes","Burgos","H",2,1,0,0.2,0.4,1,0,1,0.4,0.8,1.8,1.4,10.4,15.8,4.8,6.6,2.8,2.6,18,10,1,2.4,3.1,3.2
"20240421-Eldense-Albacete",2024-04-21,"23_24","Eldense","Albacete","A",0,1,0,0.2,0.2,1,0,1,0.4,1.2,2,1.4,14.6,13.4,5.2,7.4,3.2,2.2,15,20,1,2.4,3.1,3.2
"20240422-Cartagena-Oviedo",2024-04-22,"23_24","Cartagena","Oviedo","H",2,0,0.2,0.4,1,1.6,0,0,0.2,1.2,0.6,0.8,8.4,12,4,5.4,1.8,2.2,19,6,0,3.4,3,2.38
"20240426-Andorra-Santander",2024-04-26,"23_24","Andorra","Santander","D",1,1,0.4,0.4,1.4,1.4,0,0,0.8,1.2,0.8,1.2,12.4,14.4,4.4,6.6,1.6,2.2,21,8,1,2.05,3.5,3.4
"20240427-Burgos-Amorebieta",2024-04-27,"23_24","Burgos","Amorebieta","D",2,2,0.2,0.6,0.8,2,0,0,0.8,1.8,1.6,1.4,13.4,8.8,5.8,2.2,2.6,2.2,10,20,1,1.8,3.5,4.75
"20240427-Leganes-Zaragoza",2024-04-27,"23_24","Leganes","Zaragoza","D",1,1,0.2,0.4,1.4,1.6,0,1,0.4,1.4,0.2,1,9.6,11.6,3.2,5.2,3,2.6,1,13,1,2.05,3.1,4.2
"20240427-Elche-Espanol",2024-04-27,"23_24","Elche","Espanol","D",2,2,0.2,0.2,0.8,1.4,1,0,1,0.8,1.6,0.6,14,13.2,4.4,5.6,2.4,3.4,5,4,1,2.2,3.25,3.4
"20240428-SpGijon-VillarrealB",2024-04-28,"23_24","Sp Gijon","Villarreal B","A",0,3,0.4,0.4,1.2,1.2,0,1,1.6,1,1.8,1.2,12.2,13.2,4.8,5.2,3.2,2.4,7,22,1,1.75,3.6,5
"20240428-Alcorcon-Eldense",2024-04-28,"23_24","Alcorcon","Eldense","D",0,0,0.6,0,2,0,0,0,0.8,0.4,0.6,2.2,10.4,13.8,3.4,5,4.8,2.8,18,15,1,2.3,3,3.5
"20240428-Oviedo-Tenerife",2024-04-28,"23_24","Oviedo","Tenerife","A",0,1,0.4,0.2,1.4,1,0,0,1,0.8,1,1.2,11,6.6,4.2,2.4,2.6,3.6,6,13,1,1.91,3.3,4.5
"20240428-Levante-Cartagena",2024-04-28,"23_24","Levante","Cartagena","A",0,1,0.4,0.4,1.6,1.4,0,1,1.2,0.6,1,0.6,15.4,10.8,4.2,4.8,1.4,2.2,11,16,1,1.7,3.6,5.25
"20240428-Valladolid-Huesca",2024-04-28,"23_24","Valladolid","Huesca","H",1,0,0.8,0.2,2.6,1,3,0,1.8,1.2,0.2,1,13.8,7.4,5.4,5.2,1.2,2.4,3,16,1,1.67,3.3,6.5
"20240428-Albacete-Eibar",2024-04-28,"23_24","Albacete","Eibar","H",2,1,0.4,0.6,1.6,1.8,2,2,1,2.2,0.8,1.2,13.6,13,7.4,4.8,2,1.8,19,3,1,2.6,3.1,2.88
"20240429-Ferrol-Mirandes",2024-04-29,"23_24","Ferrol","Mirandes","A",0,2,0.4,0.2,1.4,1,0,1,1,0.8,1.2,1.2,13.2,10.8,3.6,5.4,1.2,2.6,9,18,1,2.05,3.2,4
"20240503-VillarrealB-Levante",2024-05-03,"23_24","Villarreal B","Levante","A",0,3,0.6,0.2,1.8,1,2,0,1.4,0.6,0.8,0.8,15,16.4,5.2,4.4,2.4,1,20,11,0,2.9,3.4,2.4
"20240504-Mirandes-Valladolid",2024-05-04,"23_24","Mirandes","Valladolid","A",0,1,0.4,0.8,1.4,2.6,2,4,1.2,1.4,1.2,0,9.4,12.4,5,4.6,2.8,2,15,2,0,3.3,3.2,2.3
"20240504-Huesca-Oviedo",2024-05-04,"23_24","Huesca","Oviedo","A",0,2,0,0.4,0.4,1.4,0,0,0.6,1,1.2,1,5.6,12.2,5,4.8,3,2.6,17,7,0,2.88,2.9,2.75
"20240504-Santander-Elche",2024-05-04,"23_24","Santander","Elche","H",3,1,0.2,0.2,1,1,0,0,1,1,1.2,1.4,14.6,12.2,5.4,5,2.6,2.4,7,5,1,2.63,3.2,2.8
"20240504-Cartagena-Alcorcon",2024-05-04,"23_24","Cartagena","Alcorcon","H",1,0,0.4,0.4,1.4,1.6,2,0,0.6,0.6,0.6,0.6,11.2,10.6,4,3.4,2.6,4.8,14,19,1,2.1,3.1,4
"20240505-Eibar-Amorebieta",2024-05-05,"23_24","Eibar","Amorebieta","H",5,0,0.6,0.4,1.8,1.6,0,0,2.2,1.6,1,1.6,15.6,8.6,5.8,1.8,1.6,2.6,3,21,1,1.44,4.2,8
"20240505-Andorra-Albacete",2024-05-05,"23_24","Andorra","Albacete","A",0,1,0.4,0.6,1.6,2,0,3,1,1.2,0.8,0.8,12.8,14.2,5,7.2,1.4,2.4,22,18,1,2.15,3.1,3.75
"20240505-Espanol-SpGijon",2024-05-05,"23_24","Espanol","Sp Gijon","D",0,0,0.2,0.4,1.4,1.2,0,0,1,1.4,0.8,1.8,10.6,12.4,4.4,5.2,3.4,3.8,4,8,1,1.75,3.4,5.5
"20240505-Eldense-Leganes",2024-05-05,"23_24","Eldense","Leganes","A",1,2,0,0,0.2,1,0,0,0.2,0.2,1.8,0.2,12,6.4,4.2,3.6,2.2,3,17,2,0,3.5,2.9,2.38
"20240505-Zaragoza-Burgos",2024-05-05,"23_24","Zaragoza","Burgos","A",1,3,0.4,0.2,1.6,1,0,0,1.6,1.2,1.2,1.4,13,14.4,5.2,6.4,2.6,3.4,14,11,1,2.3,3.1,3.3
"20240505-Tenerife-Ferrol",2024-05-05,"23_24","Tenerife","Ferrol","H",2,0,0.4,0.4,1.4,1.2,1,0,0.8,0.8,1,1.4,5.6,14.8,2.6,4.2,3.2,1.4,12,11,1,2.15,3.1,3.8
"20240510-Burgos-Eldense",2024-05-10,"23_24","Burgos","Eldense","A",1,2,0.4,0,1.4,0.2,1,0,1.8,0.2,1.6,1.2,12.6,10.4,5.6,4,2.8,2.6,8,17,1,1.83,3.5,4.33
"20240511-Santander-Mirandes",2024-05-11,"23_24","Santander","Mirandes","H",1,0,0.2,0.4,1,1.4,1,0,1,1.2,1,1.2,15.8,10,5.6,4.8,2.4,3,6,17,1,1.8,3.6,4.33
"20240511-Ferrol-Alcorcon",2024-05-11,"23_24","Ferrol","Alcorcon","H",2,1,0.2,0.4,0.6,1.4,0,0,0.6,0.4,1.8,0.6,14.6,10.8,4.6,4,1.4,4.8,11,19,1,1.91,3.1,4.5
"20240511-SpGijon-Andorra",2024-05-11,"23_24","Sp Gijon","Andorra","H",5,2,0.4,0.2,1.4,1,0,0,1,0.8,1.2,1,10.4,13.8,5.8,5.4,3.2,2.2,10,22,1,2,3.3,3.9
"20240511-Valladolid-Espanol",2024-05-11,"23_24","Valladolid","Espanol","D",0,0,1,0.2,3,1.4,5,0,1.6,1,0,0.8,13.2,11.4,4.4,4.6,2.4,3.6,2,4,1,2.1,3.1,3.75
"20240511-Levante-Eibar",2024-05-11,"23_24","Levante","Eibar","D",2,2,0.4,0.6,1.4,1.8,1,1,1.2,2.2,0.8,0.8,17,16.2,4.4,5.4,0.8,1.8,11,3,1,2.6,3.2,2.75
"20240512-Oviedo-Zaragoza",2024-05-12,"23_24","Oviedo","Zaragoza","H",1,0,0.4,0.2,1.4,1,1,0,1,1.2,0.8,1.6,13.8,15.2,4.8,3.8,2.6,2.8,7,15,1,1.73,3.4,5.25
"20240512-Cartagena-Tenerife",2024-05-12,"23_24","Cartagena","Tenerife","H",2,0,0.6,0.6,1.8,2,3,2,0.8,1,0.6,0.4,12.2,7,3.2,3.2,2,2.6,14,12,1,2.7,2.9,2.9
"20240512-Amorebieta-VillarrealB",2024-05-12,"23_24","Amorebieta","Villarreal B","H",2,0,0.4,0.6,1.4,1.8,0,0,1.4,1.2,2.4,1,10.8,16,3,5.4,2.2,2,21,20,1,2.4,3.25,2.9
"20240512-Elche-Huesca",2024-05-12,"23_24","Elche","Huesca","A",0,3,0.2,0,1,0.2,0,0,1.2,0.4,1.8,1.4,16,7.4,4.8,5.6,1.8,2.6,8,18,1,1.62,3.6,6
"20240512-Albacete-Leganes",2024-05-12,"23_24","Albacete","Leganes","H",1,0,0.8,0.2,2.4,1.4,4,1,1.2,0.6,0.6,0.4,11,9,5.8,4,2.6,3,17,2,1,2.55,2.9,3.1
"20240517-Mirandes-Elche",2024-05-17,"23_24","Mirandes","Elche","D",1,1,0.4,0.2,1.4,1,0,0,1,1.2,0.8,2,9.6,16,5.2,3.6,3,1.6,18,8,0,3.3,3.25,2.2
"20240518-Andorra-Burgos",2024-05-18,"23_24","Andorra","Burgos","H",1,0,0,0.4,0.4,1.4,0,0,0.8,1.8,2,1.6,14.8,12.6,4.8,5.4,2,3,22,9,1,2.3,3.1,3.2
"20240518-Huesca-Santander",2024-05-18,"23_24","Huesca","Santander","A",0,3,0.2,0.4,0.6,1.6,1,2,1,1.2,1.4,0.8,7.6,15.8,4.8,5,2.4,2.6,17,6,1,2.4,3,3.1
"20240518-Leganes-SpGijon",2024-05-18,"23_24","Leganes","Sp Gijon","H",2,1,0.2,0.4,1.2,1.4,0,1,0.6,1.4,0.6,1.4,11,11,5,5.8,2.4,3.2,2,7,1,2.1,3.2,3.7
"20240518-Eldense-Levante",2024-05-18,"23_24","Eldense","Levante","D",0,0,0.2,0.2,0.8,1,1,0,0.6,1.2,1,1,9,17.2,3.6,4.2,2.6,1,16,11,1,2.63,3.25,2.7
"20240518-Tenerife-Amorebieta",2024-05-18,"23_24","Tenerife","Amorebieta","A",0,1,0.4,0.4,1.4,1.4,0,1,0.6,1.2,0.6,2.2,9,12,4,2.6,2.4,2.2,12,19,1,2.1,3.1,3.75
"20240519-Eibar-Cartagena",2024-05-19,"23_24","Eibar","Cartagena","H",1,0,0.6,0.8,2,2.4,0,4,2.4,1.2,0.8,0.2,14.2,11,5.2,2.6,1.8,1.4,3,13,1,1.33,5,8.5
"20240519-Alcorcon-Valladolid",2024-05-19,"23_24","Alcorcon","Valladolid","D",1,1,0.2,0.8,0.8,2.6,0,0,0.4,1.2,1,0,11.4,15,3.8,5,3,3.2,20,3,0,4,3,2.05
"20240519-Zaragoza-Ferrol",2024-05-19,"23_24","Zaragoza","Ferrol","D",2,2,0.2,0.4,1,1.2,0,1,1,0.8,1.4,1.4,14.2,15.8,5.8,4.4,3.4,1.2,16,11,1,2.1,3,3.8
"20240520-Espanol-Oviedo",2024-05-20,"23_24","Espanol","Oviedo","H",2,1,0,0.4,1,1.4,0,2,0.6,0.8,0.6,0.8,10.4,15.2,4.4,4.8,4.8,1.8,5,6,1,2.1,3.1,3.8
"20240520-VillarrealB-Albacete",2024-05-20,"23_24","Villarreal B","Albacete","D",2,2,0.4,1,1.2,3,0,5,0.8,1.2,1.2,0.2,15.4,10.8,5.8,4.8,2,2.2,22,14,1,2.2,3.5,3.1
"20240526-Amorebieta-Espanol",2024-05-26,"23_24","Amorebieta","Espanol","D",0,0,0.4,0.2,1.4,1.4,2,1,1,1,2,0.8,12.8,9.8,3.6,4.8,2.2,4.8,19,4,0,3.6,3.2,2.15
"20240526-Burgos-Tenerife",2024-05-26,"23_24","Burgos","Tenerife","D",1,1,0.2,0.4,0.8,1.4,0,0,1.4,0.6,1.6,0.6,12,11,3.6,4.8,2.4,1.8,11,12,1,1.95,3.2,4.33
"20240526-Ferrol-Leganes",2024-05-26,"23_24","Ferrol","Leganes","D",2,2,0.2,0.4,0.8,1.6,0,1,0.8,1,1.6,0.8,15.8,11.6,5.2,5.2,1.8,2.6,11,2,0,2.8,3,2.7
"20240526-Albacete-Mirandes",2024-05-26,"23_24","Albacete","Mirandes","D",2,2,0.8,0.4,2.6,1.4,0,0,1.4,1,0.6,0.8,8.2,8,2.8,4.4,2,3.2,16,18,1,2.63,3.2,2.75
"20240526-Cartagena-Huesca",2024-05-26,"23_24","Cartagena","Huesca","A",0,2,0.8,0.2,2.4,0.6,0,0,1.2,0.8,0.2,1.6,10.8,9.8,1.8,5.4,1.8,2.4,13,17,0,4.2,3.1,2.05
"20240526-Levante-Alcorcon",2024-05-26,"23_24","Levante","Alcorcon","D",2,2,0.2,0,1.2,0.4,0,0,1,0.4,0.6,1.2,13.4,13.2,3.4,4.2,1.4,2.8,10,20,1,1.62,4.2,5.25
"20240526-SpGijon-Eibar",2024-05-26,"23_24","Sp Gijon","Eibar","H",1,0,0.2,0.6,0.8,2,0,1,1.4,2.2,1.8,0.8,10.2,15.6,5.6,5,3.8,1.8,7,3,0,2.7,3.25,2.63
"20240526-Valladolid-VillarrealB",2024-05-26,"23_24","Valladolid","Villarreal B","H",3,2,0.6,0.4,2.2,1.4,0,0,1.2,1.2,0.2,1.4,14.4,16.4,4.8,6,3.4,2.4,2,21,1,1.38,5,7.5
"20240526-Oviedo-Andorra",2024-05-26,"23_24","Oviedo","Andorra","H",3,0,0.4,0.2,1.2,1,0,1,0.8,1,1,1.6,13.8,16.6,4.8,5.2,2,2.4,6,21,1,1.45,4.75,6.5
"20240526-Santander-Zaragoza",2024-05-26,"23_24","Santander","Zaragoza","A",0,2,0.6,0.2,2.2,1,3,0,1.6,1.2,0.4,1.6,16.2,15.2,5.4,6,2.2,3.2,5,15,1,2,3.5,3.7
"20240526-Elche-Eldense",2024-05-26,"23_24","Elche","Eldense","A",1,2,0.2,0.2,1,1,0,0,1.2,0.6,2,0.8,17.6,9.4,4.6,3.8,1.8,2.2,8,16,1,1.6,4,5.75
"20240602-Tenerife-Valladolid",2024-06-02,"23_24","Tenerife","Valladolid","H",2,1,0.4,0.6,1.4,2.2,0,1,0.8,1.2,0.8,0.6,12.2,14.4,4.2,4.2,1.8,4,12,2,1,2.15,3.5,3
"20240602-VillarrealB-Santander",2024-06-02,"23_24","Villarreal B","Santander","H",1,0,0.2,0.6,0.8,2,0,0,1.4,1.6,2,0.8,16.4,15,6,6.6,2.4,3,22,6,0,4.75,3.75,1.62
"20240602-Alcorcon-Burgos",2024-06-02,"23_24","Alcorcon","Burgos","D",1,1,0,0.2,0.6,1,0,0,0.8,1.4,1.2,1.4,14.4,13.4,4.4,3.8,1.8,2.2,21,11,0,2.7,3.25,2.4
"20240602-Andorra-Ferrol",2024-06-02,"23_24","Andorra","Ferrol","H",1,0,0.2,0.2,0.8,1,0,0,0.8,1.2,2,1.8,17,14.4,6.2,4.6,2.2,1.6,22,10,1,2.15,3.5,3
"20240602-Huesca-Levante",2024-06-02,"23_24","Huesca","Levante","D",0,0,0.4,0.2,1.2,1.2,1,0,1,1.4,1.2,1,10,13.2,4.4,5.2,2.4,2,17,11,1,2.3,3.3,2.75
"20240602-Eibar-Oviedo",2024-06-02,"23_24","Eibar","Oviedo","H",4,3,0.4,0.6,1.4,1.8,0,1,1.8,1.4,1,0.6,15,14.4,6,5.6,2,1.4,3,5,1,1.95,3.3,4
"20240602-Eldense-SpGijon",2024-06-02,"23_24","Eldense","Sp Gijon","A",0,1,0.4,0.4,1.6,1.4,1,1,1,1.4,0.8,1.4,8.8,10.4,2.6,4.6,2.4,3.2,16,7,0,4.75,4.1,1.57
"20240602-Espanol-Cartagena",2024-06-02,"23_24","Espanol","Cartagena","H",3,0,0.2,0.6,1.4,1.8,0,0,0.8,0.8,0.6,0.6,9.6,8.6,4,1.6,3.8,1.4,4,13,1,1.4,4.1,7
"20240602-Leganes-Elche",2024-06-02,"23_24","Leganes","Elche","H",2,0,0.4,0,1.6,0.4,0,0,1.4,1,1.2,2.2,11,18.8,5.2,5.4,3,1.6,2,9,1,1.57,3.1,7
"20240602-Mirandes-Amorebieta",2024-06-02,"23_24","Mirandes","Amorebieta","H",1,0,0.2,0.4,1,1.6,0,0,1,1,1,1.4,8.8,13,3.8,3.8,3.4,1.6,18,19,1,2.15,3.3,3.3
"20240602-Zaragoza-Albacete",2024-06-02,"23_24","Zaragoza","Albacete","D",1,1,0.2,0.6,1,2.2,1,0,1.2,1.6,1.4,1,15.8,9.8,6.2,3.4,3.2,2.2,14,15,1,1.95,3.4,3.6
"20240815-Granada-Albacete",2024-08-15,"24_25","Granada","Albacete","A",1,2,0.6,0.4,2.2,1.8,3,0,1.8,1.4,0.6,1,12.2,9,2.6,3.8,2.8,2,1,17,1,1.8,3.5,4.33
"20240817-Eibar-Castellon",2024-08-17,"24_25","Eibar","Castellon","H",1,0,0.6,0,2,0,1,0,2.4,0,1.2,2.2,15.6,10.6,5.8,5,2.2,1.8,4,16,1,1.8,3.5,4.5
"20240817-Ferrol-Malaga",2024-08-17,"24_25","Ferrol","Malaga","D",2,2,0.2,0.2,1,1,0,0,1.2,0.8,1.6,1,11.6,12.8,4.6,5,1.4,2.8,5,14,1,2.3,2.9,3.5
"20240818-Santander-Almeria",2024-08-18,"24_25","Santander","Almeria","D",2,2,0.6,0.6,1.8,2.2,0,0,1.4,2,0.8,0.6,13.6,15,6.4,6.2,2.8,1.8,8,17,1,2.6,3.2,2.75
"20240818-SpGijon-Levante",2024-08-18,"24_25","Sp Gijon","Levante","A",1,2,0.6,0.2,2,1.4,2,0,1.6,1.4,0.8,0.8,9.8,13,3.6,5.8,2.6,1.8,10,15,1,1.95,3.1,4.33
"20240818-Burgos-Cartagena",2024-08-18,"24_25","Burgos","Cartagena","H",3,1,0.2,0.4,1,1.2,0,0,1.2,0.6,1.2,1.2,14,8.6,3.6,1.8,1.4,1,11,16,1,1.95,3.2,4.2
"20240818-Elche-Huesca",2024-08-18,"24_25","Elche","Huesca","A",0,1,0,0.4,0.2,1.4,0,0,0.6,1,2.2,1,18.6,11.4,4.8,4.4,2,2,12,14,1,2,2.88,4.5
"20240819-Eldense-Tenerife",2024-08-19,"24_25","Eldense","Tenerife","H",2,1,0.4,0.4,1.4,1.4,0,1,1,1,1,1,9.4,14.2,2.8,4.4,2.4,1.8,13,14,1,2.3,2.9,3.2
"20240823-Santander-Eibar",2024-08-23,"24_25","Santander","Eibar","D",2,2,0.4,0.6,1.4,2,0,2,1.2,1.6,1,1.2,13,13.4,6.4,5.6,2.6,2.6,11,7,1,2.25,3.3,3.2
"20240823-Huesca-LaCoruna",2024-08-23,"24_25","Huesca","La Coruna","H",2,1,0.6,0,2,0,1,0,1.2,0,0.6,1,9.6,17,3,3,2.2,3,8,17,1,2.5,2.88,3.2
"20240824-Ferrol-Granada",2024-08-24,"24_25","Ferrol","Granada","A",0,1,0.2,0.6,1.2,2,0,0,1.6,1.8,1.6,0.8,12.4,14.6,4.8,4.2,1.2,3.8,12,15,0,3.2,3,2.45
"20240824-SpGijon-Eldense",2024-08-24,"24_25","Sp Gijon","Eldense","D",0,0,0.6,0.6,1.8,2,0,1,1.8,1.2,1.2,0.8,11.2,11.8,4.4,4.2,2.2,2,16,7,1,1.85,3.4,4.33
"20240824-Levante-Cadiz",2024-08-24,"24_25","Levante","Cadiz","D",1,1,0.2,0,1.4,0,1,0,1.2,0,1,4,12.8,13,5.2,6,2,3,6,22,1,2.05,3.3,3.75
"20240824-Malaga-Mirandes",2024-08-24,"24_25","Malaga","Mirandes","D",1,1,0.2,0.4,1,1.6,0,2,1.2,1,1.4,0.8,11.8,8.2,4.8,3.4,2.8,2.8,12,8,1,1.73,3.5,5.25
"20240824-Tenerife-Almeria",2024-08-24,"24_25","Tenerife","Almeria","A",0,1,0.2,0.4,0.8,1.8,0,0,0.8,2,1.4,1,13.6,16.2,3.8,6.8,2.4,1.8,17,13,1,2.7,2.9,2.8
"20240825-Albacete-Elche",2024-08-25,"24_25","Albacete","Elche","H",1,0,0.4,0,1.8,0.2,1,0,1.6,0.4,1.2,1.8,10,15.8,4.2,4.2,2,2.2,10,18,1,2.4,2.9,3.3
"20240825-Castellon-Oviedo",2024-08-25,"24_25","Castellon","Oviedo","D",0,0,0,0.6,0,1.8,0,1,0,1.8,2.2,1.2,12.2,13,5,5.4,1.8,2,18,10,1,2.1,3.2,3.75
"20240826-Cartagena-Zaragoza",2024-08-26,"24_25","Cartagena","Zaragoza","A",1,2,0.2,0.4,0.6,1.6,0,1,0.6,1.8,1.8,0.8,8.8,12.8,2.8,6,1.6,3.2,21,10,0,3.1,2.9,2.55
"20240826-Cordoba-Burgos",2024-08-26,"24_25","Cordoba","Burgos","D",2,2,0,0.2,0,1,0,1,0,1.2,1,1.2,28,15.4,9,4.4,1,1.6,18,10,1,2.15,3.2,3.5
"20240830-Granada-Huesca",2024-08-30,"24_25","Granada","Huesca","A",1,3,0.8,0.6,2.4,2,1,2,1.8,1,0.6,0.8,16.4,10.2,4.6,3.2,2.8,2.4,11,2,1,1.8,3.4,4.75
"20240830-Oviedo-Santander",2024-08-30,"24_25","Oviedo","Santander","A",1,3,0.4,0.2,1.4,1,0,0,1.6,1.4,1.2,1.4,11.4,11.8,5.2,5.8,2.2,2.6,10,12,1,2.15,3.3,3.4
"20240831-Cadiz-Tenerife",2024-08-31,"24_25","Cadiz","Tenerife","D",2,2,0,0.2,0.5,0.8,0,0,0.5,0.8,2.5,1.2,14.5,12.6,5,3.6,4,2,18,20,1,1.83,3.2,4.75
"20240831-Almeria-SpGijon",2024-08-31,"24_25","Almeria","Sp Gijon","D",1,1,0.4,0.4,1.8,1.4,1,0,1.6,0.8,1,0.8,16.8,12.6,7.6,5,2.2,2.4,8,17,1,1.73,3.5,5
"20240831-Malaga-Albacete",2024-08-31,"24_25","Malaga","Albacete","H",2,1,0.2,0.4,1.2,1.8,0,2,1.4,1.6,1.2,1.2,10.4,9.8,3.8,3.6,2.6,2.2,13,3,1,2.15,3.1,3.6
"20240901-Burgos-Castellon",2024-09-01,"24_25","Burgos","Castellon","A",0,2,0.2,0,1.2,0.2,0,0,1.4,0,1.2,1.8,13.8,11.2,3.8,5.4,1.6,1.2,8,19,1,2.5,3.2,2.88
"20240901-LaCoruna-Ferrol",2024-09-01,"24_25","La Coruna","Ferrol","H",1,0,0,0,0,0.6,0,0,0.5,1.2,1.5,1.6,15,12,7,5.2,1.5,1.6,21,18,1,1.85,3.3,4.33
"20240901-Eldense-Cartagena",2024-09-01,"24_25","Eldense","Cartagena","A",1,2,0.4,0,1.6,0,0,0,0.8,0.4,0.6,2.2,11.6,8.8,4.6,3.4,1.6,2,11,22,1,1.95,3.3,4
"20240901-Mirandes-Zaragoza",2024-09-01,"24_25","Mirandes","Zaragoza","D",0,0,0.4,0.6,1.8,2.2,0,2,1.2,2.2,0.8,0.8,8.2,14.6,3.2,4.4,2.6,2.4,10,2,0,2.88,3,2.63
"20240902-Eibar-Levante",2024-09-02,"24_25","Eibar","Levante","D",2,2,0.6,0.2,2,1.4,0,0,1.6,1,1.2,0.8,14.8,12.6,5.6,5.2,2.2,1.8,8,9,1,2,3.5,3.6
"20240902-Elche-Cordoba",2024-09-02,"24_25","Elche","Cordoba","H",3,1,0,0,0.2,0.5,0,0,0.4,1,1.4,1.5,15.2,19.5,5.2,6.5,2.2,1.5,22,19,1,2.1,3.1,3.75
"20240906-Tenerife-Santander",2024-09-06,"24_25","Tenerife","Santander","A",0,1,0.2,0.2,1,1,0,1,1.2,1.4,1.4,1.6,10.2,12.6,3.4,5.8,2.2,3,20,4,1,2.35,3.3,3
"20240907-Granada-LaCoruna",2024-09-07,"24_25","Granada","La Coruna","D",1,1,0.6,0.25,1.8,1,0,1,1.6,0.666666666666667,1.2,1,16.2,15,4.6,7.66666666666667,2.4,2,17,15,1,2.15,3.3,3.5
"20240907-Huesca-Burgos",2024-09-07,"24_25","Huesca","Burgos","A",0,1,0.8,0.2,2.6,1.2,3,0,1.6,1.4,0.4,1.4,10.4,13.4,2.8,5.2,2.8,1.4,1,11,1,2.25,3.1,3.4
"20240907-SpGijon-Oviedo",2024-09-07,"24_25","Sp Gijon","Oviedo","H",3,1,0.4,0.4,1.6,1.4,0,0,0.8,1.6,0.6,1.4,12.4,13.2,3.8,4.6,2,2.4,18,14,1,2.15,3.25,3.5
"20240907-Cordoba-Malaga",2024-09-07,"24_25","Cordoba","Malaga","D",0,0,0,0.2,0.333333333333333,1.2,0,1,1,1.4,2,1.4,14.6666666666667,11,5.66666666666667,4.4,1.66666666666667,3.2,22,9,1,2.1,3.1,3.75
"20240908-Ferrol-Mirandes",2024-09-08,"24_25","Ferrol","Mirandes","D",0,0,0,0.4,0.4,1.8,0,0,0.8,1,1.4,0.6,12,10.8,4.8,3.4,1,2.2,21,11,1,1.8,3.6,4.33
"20240908-Cartagena-Levante",2024-09-08,"24_25","Cartagena","Levante","A",0,1,0.2,0.2,0.6,1.4,1,0,0.8,1.4,2.2,1.2,8.8,13,3.4,5.4,1.8,1.8,17,10,0,3,3.25,2.35
"20240908-Eldense-Almeria",2024-09-08,"24_25","Eldense","Almeria","H",1,0,0.4,0.2,1.4,1.4,0,0,1,1.4,1,1.2,11.2,20.2,5,8.6,2.4,1.8,13,10,0,3,3.2,2.4
"20240908-Zaragoza-Elche",2024-09-08,"24_25","Zaragoza","Elche","H",3,0,0.6,0.2,2.2,0.6,0,1,1.8,0.8,0.4,1.4,12.8,14.6,3.8,4.8,2.6,1.8,3,17,1,2.25,3.2,3.3
"20240909-Albacete-Eibar",2024-09-09,"24_25","Albacete","Eibar","A",0,1,0.4,0.4,1.6,1.6,0,0,1.4,1.8,1.2,1.6,11.4,17.8,3.6,7,2.6,2.4,8,10,1,2.25,3.2,3.3
"20240909-Castellon-Cadiz",2024-09-09,"24_25","Castellon","Cadiz","A",1,3,0.2,0,0.8,0.666666666666667,1,0,0.4,1,1.2,2.33333333333333,11.6,11,5.4,4.33333333333333,1,4.66666666666667,13,21,1,2.2,3.3,3.25
"20240913-Cordoba-LaCoruna",2024-09-13,"24_25","Cordoba","La Coruna","H",2,0,0,0.2,0.5,1,0,0,0.75,0.75,1.5,1,14.25,14,6.25,7.25,1.25,1.5,21,14,1,2.38,3.1,3.1
"20240914-Eibar-Tenerife",2024-09-14,"24_25","Eibar","Tenerife","H",1,0,0.6,0.2,2.2,0.8,1,0,2,1,1.4,1.4,17.4,9.2,5.6,3.6,2.4,2.2,4,22,1,1.7,3.6,5
"20240914-Levante-Eldense",2024-09-14,"24_25","Levante","Eldense","H",3,1,0.4,0.4,1.8,1.4,1,1,1.2,0.8,0.8,0.8,11.8,10.8,4,5.2,1.4,2,5,7,1,1.7,3.5,5.25
"20240914-Malaga-Huesca",2024-09-14,"24_25","Malaga","Huesca","H",1,0,0.2,0.6,1.4,2,0,0,1.2,1.2,1,0.6,8.2,11.4,4,3,2.6,3.2,8,4,1,2.15,3.25,3.5
"20240914-Santander-SpGijon",2024-09-14,"24_25","Santander","Sp Gijon","H",1,0,0.4,0.4,1.6,1.6,2,1,1.6,1.2,1.2,0.8,11.2,12,5,3.6,3,2.4,6,11,1,2.1,3.2,3.7
"20240915-Mirandes-Albacete",2024-09-15,"24_25","Mirandes","Albacete","H",2,0,0.4,0.4,1.8,1.4,0,0,0.6,1,0.2,1,10,11.8,4,3.2,2.6,2.6,9,10,1,2.45,3.1,3
"20240915-Oviedo-Cartagena",2024-09-15,"24_25","Oviedo","Cartagena","H",1,0,0.2,0.2,0.8,0.6,0,0,1.2,0.8,2,2,13,9.8,4.6,3.6,2.6,1.8,18,19,1,1.73,3.5,5
"20240915-Burgos-Zaragoza",2024-09-15,"24_25","Burgos","Zaragoza","H",1,0,0.4,0.6,1.6,2.2,1,1,1.4,2,1.2,0.4,11.8,14.6,5.2,4.2,1.2,1.6,8,4,1,2.4,3.1,3.1
"20240915-Cadiz-Ferrol",2024-09-15,"24_25","Cadiz","Ferrol","D",0,0,0.2,0,1.25,0.4,1,0,1.5,0.4,2,1,10.5,12.8,5,5,4,1.2,15,21,1,1.67,3.6,5.5
"20240915-Elche-Granada",2024-09-15,"24_25","Elche","Granada","D",2,2,0.2,0.4,0.6,1.4,0,0,0.6,1.2,1.6,1.2,12.4,16.2,4.4,5.4,3,2.6,20,17,1,2.3,3.25,3.1
"20240916-Almeria-Castellon",2024-09-16,"24_25","Almeria","Castellon","A",2,5,0.2,0.2,1.2,0.8,0,0,1.2,0.6,1.2,1.4,19.4,14,7.6,4.8,1.8,1,14,17,1,2.15,3.4,3.3
"20240920-Granada-Malaga",2024-09-20,"24_25","Granada","Malaga","D",2,2,0.2,0.4,1,1.8,0,1,1.2,1.2,1.6,0.8,15.4,9,6.2,3.2,3.4,2.4,16,8,1,1.83,3.4,4.33
"20240921-Eldense-Oviedo",2024-09-21,"24_25","Eldense","Oviedo","D",1,1,0.4,0.4,1.4,1.4,0,1,1,0.8,1.2,1.2,9.6,11.8,5,4.8,3.4,2.8,11,12,0,3,2.88,2.63
"20240921-Ferrol-Albacete",2024-09-21,"24_25","Ferrol","Albacete","A",1,4,0,0.4,0.6,1.2,0,0,0.4,0.8,0.8,1.2,14,11.4,4.4,2.4,1.6,2.6,20,14,1,2.45,2.9,3.1
"20240921-Zaragoza-Levante",2024-09-21,"24_25","Zaragoza","Levante","H",2,1,0.6,0.6,2,2.2,0,2,1.8,1.8,0.4,1,14.8,14.4,4.8,4.8,2,1.8,4,2,1,2,3.2,4
"20240921-LaCoruna-Burgos",2024-09-21,"24_25","La Coruna","Burgos","A",0,2,0.2,0.6,0.8,2,0,2,0.6,1.4,1.2,1,14.2,11,6.6,5.4,1.2,1.8,19,6,1,1.9,3.3,4.2
"20240922-Tenerife-SpGijon",2024-09-22,"24_25","Tenerife","Sp Gijon","D",1,1,0,0.2,0.2,1,0,0,0.6,1,1.4,1,7.8,11.8,4,3.8,2.2,3.2,22,15,1,2.35,3,3.3
"20240922-Cartagena-Cadiz",2024-09-22,"24_25","Cartagena","Cadiz","A",1,2,0.2,0.2,0.6,1.2,0,0,0.8,1.2,1.6,1.6,9.2,11,3,4.8,2.4,3.6,20,15,0,3.2,3.3,2.25
"20240922-Castellon-Santander",2024-09-22,"24_25","Castellon","Santander","A",0,1,0.4,0.6,1.4,2.2,1,3,1.6,1.8,1.2,1,14.2,11.8,5.2,5.2,1.6,3,13,3,1,1.8,3.6,4.33
"20240922-Elche-Mirandes",2024-09-22,"24_25","Elche","Mirandes","H",1,0,0.2,0.4,0.8,1.8,0,1,1,0.8,1.6,0.2,13.2,11.6,4.4,4,2.4,2.4,18,7,1,1.7,3.25,6
"20240922-Almeria-Eibar",2024-09-22,"24_25","Almeria","Eibar","D",2,2,0.2,0.6,1,2.2,0,2,1.2,1.4,1.8,0.8,18.6,14.4,6.8,5,1.4,2.2,18,5,1,1.91,3.4,4.1
"20240923-Huesca-Cordoba",2024-09-23,"24_25","Huesca","Cordoba","H",4,1,0.6,0.2,1.8,1,0,1,1.2,1,0.8,1.2,10,14.6,3,6.2,3.6,1,7,18,1,2.6,3,2.9
"20240927-Albacete-LaCoruna",2024-09-27,"24_25","Albacete","La Coruna","A",2,5,0.4,0.2,1.2,0.8,1,0,1.2,0.6,1.2,1.4,14,14,2,8,2.4,0.8,9,19,1,2.2,3.3,3.25
"20240928-Cadiz-Eldense",2024-09-28,"24_25","Cadiz","Eldense","A",1,2,0.4,0.2,1.8,1,1,0,1.6,0.8,1,1.2,11,9.8,5.4,5,3.8,3.8,9,11,1,1.75,3.6,4.5
"20240928-Mirandes-Huesca",2024-09-28,"24_25","Mirandes","Huesca","H",1,0,0.2,0.6,1.2,1.8,0,1,0.6,1.8,0.4,1,12,10.6,3.6,3.4,2.8,3.6,9,4,1,2.55,2.7,3.4
"20240928-SpGijon-Zaragoza",2024-09-28,"24_25","Sp Gijon","Zaragoza","H",1,0,0.2,0.6,1.2,2,0,1,1,1.4,0.8,0.6,11,16.2,3.8,5.6,3.2,1.8,16,2,1,2.35,3,3.3
"20240928-Malaga-Elche",2024-09-28,"24_25","Malaga","Elche","A",0,3,0.4,0.4,1.8,1.4,0,1,1.2,1.2,0.8,1.4,10.2,14.6,4,4.8,2.8,2.2,9,16,1,2.5,3,3
"20240929-Levante-Almeria",2024-09-29,"24_25","Levante","Almeria","H",4,2,0.4,0.2,1.6,1,0,0,1.6,1.2,1.2,1.8,14.8,17.4,6.2,7.2,1.8,1.8,7,19,1,2.5,3.4,2.7
"20240929-Burgos-Granada",2024-09-29,"24_25","Burgos","Granada","D",2,2,0.6,0.2,2,1.2,3,0,1.2,1.4,0.8,1.6,10,13.4,5.4,5.4,1.6,2.8,4,18,1,2.35,3.25,3.1
"20240929-Castellon-Tenerife",2024-09-29,"24_25","Castellon","Tenerife","H",2,1,0.4,0,1.4,0.4,0,0,1.6,0.6,1.2,1.2,15.6,8,6,4.6,1.6,2,15,22,1,1.75,3.5,4.75
"20240929-Cordoba-Ferrol",2024-09-29,"24_25","Cordoba","Ferrol","H",3,1,0.2,0,1,0.4,0,0,1.2,0.2,1.8,1.2,12.2,14.4,5.8,5,1.4,1.6,19,21,1,1.83,3.6,4.2
"20240929-Oviedo-Eibar",2024-09-29,"24_25","Oviedo","Eibar","H",1,0,0.2,0.4,1,1.8,0,0,0.8,1.6,1.4,1.2,12.4,14.2,4.8,5,2.6,2.4,16,6,1,2.25,2.9,3.7
"20240930-Santander-Cartagena",2024-09-30,"24_25","Santander","Cartagena","A",1,2,0.8,0.2,2.6,0.6,4,0,1.6,0.8,0.6,1.4,11.4,9.2,4.8,4,2.8,2.4,2,20,1,1.48,4.1,7
"20241004-Huesca-Cadiz",2024-10-04,"24_25","Huesca","Cadiz","H",3,1,0.4,0.4,1.2,1.6,0,0,1.4,1.6,1,1.2,9.8,12.4,3.2,5,4,3,5,15,0,3.1,2.8,2.7
"20241005-Ferrol-Elche",2024-10-05,"24_25","Ferrol","Elche","H",1,0,0,0.6,0.4,2,0,2,0.4,1.8,1.6,1.2,12.4,13.8,4.4,4.2,1.6,2.8,21,11,0,3.3,2.9,2.4
"20241005-Eibar-SpGijon",2024-10-05,"24_25","Eibar","Sp Gijon","A",1,3,0.4,0.4,1.6,1.6,0,1,1.2,1.2,1,0.8,12.6,11.2,4.8,3.6,2.6,2.8,7,13,1,2.05,3,4.2
"20241005-Mirandes-Granada",2024-10-05,"24_25","Mirandes","Granada","A",0,1,0.4,0,1.6,0.8,1,0,0.6,1.6,0.2,2,13.8,12,4.4,4.6,2.6,3.4,7,17,0,2.88,2.9,2.7
"20241005-Almeria-Burgos",2024-10-05,"24_25","Almeria","Burgos","H",2,0,0,0.6,0.4,2,0,0,1.4,1.2,2.6,0.8,16.8,8.6,6.2,5.8,1.6,2,20,4,1,1.73,3.8,4.5
"20241005-Zaragoza-Santander",2024-10-05,"24_25","Zaragoza","Santander","A",2,3,0.4,0.8,1.4,2.4,0,0,1,1.4,0.6,0.6,14.2,11.4,5.6,4.6,2.8,2.2,5,3,1,2.2,3.4,3.1
"20241005-Tenerife-Cartagena",2024-10-05,"24_25","Tenerife","Cartagena","H",2,0,0,0.4,0.4,1.2,0,1,0.8,1,1.4,1.2,8.8,9.2,4.6,3.2,2.2,2.8,22,20,1,1.83,3.3,4.75
"20241006-LaCoruna-Malaga",2024-10-06,"24_25","La Coruna","Malaga","D",0,0,0.4,0.4,1.4,1.6,1,0,1.4,1,1.4,1.2,14.2,9.6,6.4,4.4,1.2,3.4,19,14,1,1.85,3.25,4.5
"20241006-Eldense-Castellon",2024-10-06,"24_25","Eldense","Castellon","A",2,3,0.4,0.6,1.4,1.8,1,1,1.2,2,1.4,1.4,10.6,15.4,4.6,5.8,4.4,1.8,9,12,1,2.6,3.2,2.75
"20241006-Levante-Oviedo",2024-10-06,"24_25","Levante","Oviedo","D",0,0,0.6,0.4,2,1.4,1,1,2.2,1,1.4,1.4,14,14.8,6,5.6,1.6,2.4,3,12,1,2.1,3.3,3.5
"20241006-Albacete-Cordoba",2024-10-06,"24_25","Albacete","Cordoba","D",1,1,0.2,0.4,0.6,1.4,0,1,1.4,1.4,2.2,1.6,16.4,14.6,4,6.2,2.6,1.6,15,18,1,2.1,3.4,3.5
"20241011-Tenerife-Zaragoza",2024-10-11,"24_25","Tenerife","Zaragoza","A",2,3,0.2,0.4,0.8,1.2,1,0,0.8,1.4,1,1.2,12,15.8,4.4,6.6,2.2,3,22,5,1,2.4,2.7,3.5
"20241012-Cartagena-Ferrol",2024-10-12,"24_25","Cartagena","Ferrol","A",0,1,0.2,0.2,0.6,1,0,1,0.6,0.6,1.4,1.4,8.8,11.8,4.6,4,2.4,2.2,20,21,1,2.55,2.88,3.1
"20241012-Cadiz-Malaga",2024-10-12,"24_25","Cadiz","Malaga","D",2,2,0.4,0.2,1.4,1.2,0,0,1.4,0.6,1.4,1,14,9,5.2,3.8,2.8,2.8,18,12,1,1.75,3.4,5
"20241012-Eibar-Eldense",2024-10-12,"24_25","Eibar","Eldense","H",1,0,0.4,0.4,1.4,1.4,0,0,1,1.4,1.2,1.6,9.4,11.4,3.2,4.8,3,4,9,12,1,1.73,3.5,5
"20241013-Oviedo-Almeria",2024-10-13,"24_25","Oviedo","Almeria","H",3,2,0.4,0.2,1.6,0.8,0,1,0.8,1.6,0.8,2.4,13.6,15.4,6.6,5.2,2.6,2.4,12,18,1,2.35,3.25,3
"20241013-Santander-Levante",2024-10-13,"24_25","Santander","Levante","H",1,0,0.8,0.6,2.4,2,1,0,1.4,1.8,0.8,1,12,14,4,5.8,3.2,1.8,1,4,1,2.05,3.6,3.4
"20241013-Huesca-Albacete",2024-10-13,"24_25","Huesca","Albacete","D",2,2,0.4,0.2,1.2,0.8,1,0,1.4,1.4,1,2,8,17,2.8,5.4,4.4,2,3,15,1,2.45,2.9,3.2
"20241013-Granada-Cordoba",2024-10-13,"24_25","Granada","Cordoba","H",1,0,0.2,0.4,1.4,1.6,1,0,1.6,1.4,1.4,1.2,9.8,15.8,3.8,6,4.2,1.6,14,17,1,1.91,3.5,4
"20241013-Elche-LaCoruna",2024-10-13,"24_25","Elche","La Coruna","D",0,0,0.4,0.2,1.4,1,0,0,1.2,1.2,1.2,1.4,12.2,15.6,4.2,5.6,3.6,0.6,14,20,1,2.6,2.8,3
"20241013-Burgos-Mirandes",2024-10-13,"24_25","Burgos","Mirandes","A",0,1,0.6,0.4,2,1.4,0,0,1.2,0.6,0.8,0.4,10,12.4,5.8,4.8,2.4,2.4,6,10,1,1.95,3.1,4.33
"20241014-SpGijon-Castellon",2024-10-14,"24_25","Sp Gijon","Castellon","H",2,1,0.6,0.6,2,1.8,2,2,1.6,2.2,0.8,1.8,11.6,15.4,4.4,4.8,3,1.8,11,9,1,2.25,3.5,3
"20241018-Cordoba-Cartagena",2024-10-18,"24_25","Cordoba","Cartagena","H",2,1,0.4,0.2,1.4,0.6,0,0,1.4,0.6,1.4,1.4,14.8,7.4,5.2,4.2,2.2,3,18,21,1,1.6,3.7,6.25
"20241019-LaCoruna-Eldense",2024-10-19,"24_25","La Coruna","Eldense","D",1,1,0.2,0.2,1,0.8,0,0,1,1.2,1.2,1.8,15.4,12.8,5,5.4,1,3.8,18,16,1,1.83,3.5,4.2
"20241019-Malaga-Oviedo",2024-10-19,"24_25","Malaga","Oviedo","D",0,0,0.2,0.6,1.2,2.2,0,1,1,1.2,1.4,0.6,11.4,16.2,4.4,6.6,2.8,2.4,12,8,1,2.7,3,2.8
"20241019-Castellon-Levante",2024-10-19,"24_25","Castellon","Levante","H",2,0,0.6,0.4,1.8,1.4,0,0,2.2,1.6,1.6,1.2,14.2,13.2,5,5.4,1.8,2.4,10,5,1,2.1,3.4,3.4
"20241019-Granada-Tenerife",2024-10-19,"24_25","Granada","Tenerife","H",4,0,0.4,0.2,1.8,0.8,2,0,1.6,1.2,1.2,1.4,10.8,13,4,4.2,3.6,2.6,11,22,1,1.65,3.5,5.75
"20241019-Mirandes-Eibar",2024-10-19,"24_25","Mirandes","Eibar","H",1,0,0.6,0.4,1.8,1.4,1,1,0.8,1,0.4,1.2,12.4,10.4,4.8,3.8,2.4,2.8,8,10,0,3,2.88,2.63
"20241020-Cadiz-Santander",2024-10-20,"24_25","Cadiz","Santander","A",0,1,0.2,0.8,1,2.4,0,2,1.2,1.4,1.6,0.8,15.4,13.6,5,4.4,2.6,2.6,18,1,1,2.15,3.4,3.3
"20241020-Ferrol-Huesca",2024-10-20,"24_25","Ferrol","Huesca","D",0,0,0.4,0.4,1.4,1.4,2,0,0.8,1.8,1.4,1.2,10.4,7.4,3.8,3.2,2,3.8,20,4,1,2.45,2.8,3.3
"20241020-Elche-SpGijon",2024-10-20,"24_25","Elche","Sp Gijon","H",2,1,0.4,0.6,1.6,2,0,3,1.2,1.4,0.6,0.8,13.8,13.4,4.4,5.6,2.6,2.8,15,8,1,1.95,3.2,4.1
"20241020-Zaragoza-Almeria",2024-10-20,"24_25","Zaragoza","Almeria","A",1,2,0.4,0.2,1.2,0.8,1,0,1.4,2,1.6,2.8,15.2,15,6.8,4.4,3.4,2.8,4,20,1,2.2,3.4,3.2
"20241021-Albacete-Burgos",2024-10-21,"24_25","Albacete","Burgos","H",2,0,0.2,0.4,1,1.4,0,0,1.8,1,2.2,1,14.4,10.8,5.6,6,2.6,3,17,11,1,1.95,3.3,4
"20241022-Oviedo-Mirandes",2024-10-22,"24_25","Oviedo","Mirandes","H",4,1,0.4,0.6,1.8,1.8,0,2,1,0.6,0.6,0.4,17,10.4,6.6,4.8,2.6,2.4,7,3,1,1.8,2.9,5.75
"20241022-Castellon-Granada",2024-10-22,"24_25","Castellon","Granada","A",2,3,0.6,0.6,1.8,2.2,1,3,1.6,2,1.2,0.8,15.2,12.4,5,4.2,1.4,3.4,6,5,1,2.15,3.5,3.25
"20241023-Eibar-Cadiz",2024-10-23,"24_25","Eibar","Cadiz","H",1,0,0.2,0.2,0.8,0.8,0,0,0.8,1.2,1.4,1.8,10.8,16,3.6,5,3.8,3.4,10,19,1,2.3,3.1,3.3
"20241023-Eldense-Zaragoza",2024-10-23,"24_25","Eldense","Zaragoza","A",2,3,0.2,0.4,1,1.2,0,0,1.2,1.6,1.4,1.8,13,15.6,5.8,7,2.8,3.2,16,7,1,2.57,3.2,2.65
"20241023-Cartagena-Elche",2024-10-23,"24_25","Cartagena","Elche","D",0,0,0.2,0.6,0.6,2,0,1,0.8,1.2,1.6,0.4,7.6,13.6,4.6,4.6,3,2.4,21,11,0,3.4,3,2.3
"20241023-Santander-Cordoba",2024-10-23,"24_25","Santander","Cordoba","H",2,0,0.8,0.4,2.4,1.4,3,1,1.4,1.4,0.8,1.6,13.8,15.8,5.2,5.4,2.8,3,1,15,1,1.85,3.5,4.2
"20241024-Almeria-Albacete",2024-10-24,"24_25","Almeria","Albacete","H",3,1,0.4,0.4,1.4,1.6,1,1,2,2.2,2,1.8,14.2,16.8,3.6,5.6,4,2.2,15,12,1,1.73,3.6,4.75
"20241024-Levante-LaCoruna",2024-10-24,"24_25","Levante","La Coruna","H",2,1,0.2,0.2,0.8,1.2,0,0,1,1.2,1.4,1,10.4,17.6,4.6,7.4,2.6,1.6,10,18,1,2.1,3.4,3.4
"20241024-Burgos-Ferrol",2024-10-24,"24_25","Burgos","Ferrol","D",1,1,0.2,0.4,0.8,1.4,0,0,0.8,0.8,1.4,1.4,9.4,9.8,6.2,4.8,2.6,2.2,13,19,1,2.05,3.25,3.8
"20241024-SpGijon-Huesca",2024-10-24,"24_25","Sp Gijon","Huesca","H",2,1,0.6,0.4,2,1.6,0,0,1.6,1.8,1,1,13.6,8,5.6,3.2,3.2,3.6,10,8,1,1.91,3.1,4.33
"20241024-Tenerife-Malaga",2024-10-24,"24_25","Tenerife","Malaga","D",0,0,0.2,0,0.8,0.8,0,0,1.2,0.8,2,1.4,12.8,11.2,3.2,5.2,2.6,2.6,22,15,1,2,3.1,4.2
"20241026-Cadiz-Oviedo",2024-10-26,"24_25","Cadiz","Oviedo","H",2,0,0,0.6,0.2,2.2,0,1,0.8,1.6,1.8,0.6,15.8,18.2,4.2,6.6,3.8,2.2,20,4,1,2.35,3.2,3.1
"20241026-Mirandes-Cartagena",2024-10-26,"24_25","Mirandes","Cartagena","H",3,1,0.6,0.2,1.8,0.8,0,0,0.8,0.6,1,1.2,10.4,6.4,5.4,3.2,2.4,2.4,8,21,1,1.9,3,5
"20241026-Cordoba-Eldense",2024-10-26,"24_25","Cordoba","Eldense","H",2,0,0.4,0.2,1.4,0.8,0,0,1.2,1.4,1.2,1.8,15.2,14,4.4,5.2,3.6,2.4,18,17,1,1.8,3.5,4.5
"20241026-Zaragoza-Castellon",2024-10-26,"24_25","Zaragoza","Castellon","A",1,2,0.4,0.6,1.2,1.8,1,0,1.8,2,2,1.6,13.6,13.8,6.6,4.8,3.6,1.6,3,10,1,1.96,3.5,3.7
"20241027-Malaga-Eibar",2024-10-27,"24_25","Malaga","Eibar","H",1,0,0,0.4,0.8,1.2,0,1,0.4,0.6,1,1,9.6,11.4,4.6,4,2.2,3.6,16,11,1,2.6,2.9,2.9
"20241027-Elche-Burgos",2024-10-27,"24_25","Elche","Burgos","H",1,0,0.4,0,1.6,0.4,0,0,1,0.6,0.4,1.6,13,11,4.6,5.6,2,2.4,12,13,1,1.8,3.4,4.75
"20241027-LaCoruna-Santander",2024-10-27,"24_25","La Coruna","Santander","A",1,2,0.2,0.8,1.2,2.4,0,4,1.4,1.6,1,0.8,17.2,15.8,6.4,6,1.8,2.8,20,1,1,2.4,3.25,2.9
"20241027-Albacete-SpGijon",2024-10-27,"24_25","Albacete","Sp Gijon","D",3,3,0.2,0.8,1,2.4,0,1,1.6,1.8,2.2,1,15.4,15.2,6,5.4,1.8,2.8,16,8,1,2.3,3.2,3.1
"20241027-Huesca-Almeria",2024-10-27,"24_25","Huesca","Almeria","D",2,2,0.2,0.6,1,1.8,0,2,1.2,2.2,1.2,1.8,8.2,16.6,3,2.2,3.8,4,10,12,0,2.8,3.2,2.5
"20241027-Granada-Levante",2024-10-27,"24_25","Granada","Levante","A",1,2,0.8,0.4,2.6,1.4,4,1,2.2,1.2,0.8,1.2,12.2,10.6,3.4,4.2,4.2,2.6,4,8,1,2,3.4,3.75
"20241028-Ferrol-Tenerife",2024-10-28,"24_25","Ferrol","Tenerife","D",1,1,0.4,0.2,1.6,0.8,0,0,0.8,1,0.8,1.8,8.8,12.8,4.6,3.2,2.4,3.2,19,22,1,2.57,2.75,3
"20241102-Eibar-Elche",2024-11-02,"24_25","Eibar","Elche","A",0,2,0.4,0.4,1.2,1.6,0,1,0.6,0.6,1,0.4,13,14.4,4.4,6,3.8,1.6,11,10,1,2.45,3,3.1
"20241102-Cartagena-LaCoruna",2024-11-02,"24_25","Cartagena","La Coruna","A",1,5,0,0,0.2,0.6,0,0,0.4,0.6,1.6,1,6.8,17.6,3.8,7.8,1.8,1.8,22,20,0,3.6,3.1,2.15
"20241102-SpGijon-Cadiz",2024-11-02,"24_25","Sp Gijon","Cadiz","H",2,0,0.6,0.2,2,0.8,0,1,2.2,1,1.6,1.4,13,13.4,5.4,4.4,3.4,3.6,8,18,1,2.38,3,3.3
"20241102-Santander-Albacete",2024-11-02,"24_25","Santander","Albacete","D",1,1,1,0.2,3,1.2,5,0,1.8,1.8,0.6,1.8,15.2,16.4,5.4,6.4,2.8,1.6,1,14,1,1.7,3.9,4.5
"20241102-Zaragoza-Granada",2024-11-02,"24_25","Zaragoza","Granada","H",2,1,0.4,0.8,1.2,2.4,0,0,2,2,2.2,0.8,14.2,14,6,3.4,2.8,3.2,6,7,1,2.05,2.75,3.75
"20241103-Oviedo-Burgos",2024-11-03,"24_25","Oviedo","Burgos","H",3,1,0.4,0,1.6,0.2,0,0,1.4,0.2,1,1.4,15.2,11.2,6.6,5,2.4,2,9,16,1,1.83,3.5,4.33
"20241103-Tenerife-Mirandes",2024-11-03,"24_25","Tenerife","Mirandes","H",1,0,0.2,0.6,1,1.8,0,1,1,1.2,1.6,1.2,11.6,9.6,2.8,5,3.2,2,21,7,1,2.1,3,4.1
"20241108-Elche-Almeria",2024-11-08,"24_25","Elche","Almeria","A",1,2,0.6,0.6,2.2,2,2,0,1,2.2,0.2,1.4,15.4,18.2,6.2,3,0.8,4.2,6,13,1,2,3.5,3.6
"20241109-Mirandes-Cadiz",2024-11-09,"24_25","Mirandes","Cadiz","D",2,2,0.6,0.2,1.8,0.8,0,0,1.2,0.8,1.2,1.2,8.2,12.8,4.6,4.6,2.6,2.8,7,18,0,3.1,2.55,2.9
"20241109-Granada-Eldense",2024-11-09,"24_25","Granada","Eldense","H",3,2,0.6,0,1.8,0.2,0,0,2,1,1.2,2,16.2,12.4,4,5.6,3.2,2,9,19,1,1.62,3.9,5.25
"20241109-Huesca-Zaragoza",2024-11-09,"24_25","Huesca","Zaragoza","D",1,1,0.2,0.6,1.2,1.8,0,1,1.6,2,1.4,1.8,8.8,13,2.8,4,3.2,2.6,11,2,0,3.1,2.7,2.75
"20241109-Malaga-Cartagena",2024-11-09,"24_25","Malaga","Cartagena","H",1,0,0.2,0,1.4,0.2,1,0,0.6,0.6,0.4,2.2,10.6,9.4,3.8,4.4,1.4,2,13,22,1,1.75,3.5,5
"20241110-Cordoba-Castellon",2024-11-10,"24_25","Cordoba","Castellon","D",2,2,0.4,0.6,1.4,1.8,1,1,1,2,1,1.6,14.2,12.6,3.6,4,3.2,2.2,15,11,1,2.55,3.2,2.8
"20241110-Burgos-SpGijon",2024-11-10,"24_25","Burgos","Sp Gijon","A",0,2,0,0.6,0.2,2,0,1,0.4,2,1.6,1.4,9.8,11.6,4.8,4.8,1.8,3.2,16,4,1,2.45,3.1,2.9
"20241110-Ferrol-Santander",2024-11-10,"24_25","Ferrol","Santander","A",1,2,0.4,0.8,1.8,2.6,0,0,0.8,1.4,0.4,0.4,8.8,15.6,5.6,5.8,2.8,1.4,19,1,0,3.3,3.2,2.2
"20241110-Albacete-Oviedo",2024-11-10,"24_25","Albacete","Oviedo","D",2,2,0.2,0.6,1.2,2,0,1,1.8,2,1.8,1.2,14.8,16.6,6,5.6,1.4,1.8,14,5,1,2.38,3.4,2.88
"20241111-LaCoruna-Eibar",2024-11-11,"24_25","La Coruna","Eibar","H",1,0,0.2,0.4,1,1.2,1,0,1.6,0.4,1.2,0.8,16.8,12.4,7.4,4.6,2,3.6,18,13,1,1.95,3.2,4
"20241116-Eibar-Ferrol",2024-11-16,"24_25","Eibar","Ferrol","H",2,0,0.2,0.2,0.6,1.2,0,0,0.2,0.8,1,0.8,12.2,9.8,4.6,5.6,3.8,2.4,13,20,1,1.8,3.3,5
"20241116-Castellon-Mirandes",2024-11-16,"24_25","Castellon","Mirandes","A",1,3,0.4,0.4,1.4,1.4,0,0,1.8,1.4,1.6,1.6,12,10,5,5.2,2.8,2,10,6,1,1.75,3.6,4.5
"20241116-Eldense-Albacete",2024-11-16,"24_25","Eldense","Albacete","H",2,0,0,0.2,0.2,1.2,0,0,1,1.8,2,1.8,11.6,15,5,5.4,2.4,0.8,19,14,1,2.3,3.25,3.1
"20241116-Levante-Elche",2024-11-16,"24_25","Levante","Elche","D",1,1,0.4,0.6,1.4,2,2,0,0.8,1.2,1,0.6,10.6,17,4.6,6.2,2.4,1,7,8,1,2.38,3.2,3
"20241116-Santander-Burgos",2024-11-16,"24_25","Santander","Burgos","H",2,0,0.8,0,2.6,0.2,1,0,1.6,0.4,0.6,1.8,14.8,10.6,4.8,4.8,1.6,1,1,18,1,1.57,4.1,5.5
"20241116-SpGijon-Granada",2024-11-16,"24_25","Sp Gijon","Granada","A",1,2,0.6,0.6,2,1.8,2,1,2,2.4,1.2,1.6,10.4,15.2,4.2,4,2.8,4,2,6,1,1.9,3.5,3.9
"20241117-Cadiz-Cordoba",2024-11-17,"24_25","Cadiz","Cordoba","H",2,0,0.2,0.4,0.8,1.4,0,0,0.8,1.2,1.2,1.2,10.4,15.6,3.8,4.6,3.2,3.6,19,16,1,1.95,3.3,4
"20241117-Oviedo-Tenerife",2024-11-17,"24_25","Oviedo","Tenerife","H",3,1,0.4,0.2,1.6,1,0,1,1.8,0.8,1.2,1.6,13.8,9.4,4.8,2.8,2,3,6,21,1,1.7,3.5,5.25
"20241117-Almeria-LaCoruna",2024-11-17,"24_25","Almeria","La Coruna","H",2,1,0.6,0.4,2,1.4,1,2,2.2,1.8,1.6,1.2,16.6,17.2,2.2,8.2,4.8,1.8,13,16,1,1.95,3.5,3.75
"20241117-Cartagena-Huesca",2024-11-17,"24_25","Cartagena","Huesca","H",1,0,0,0,0.2,0.8,0,0,0.6,1.2,2.2,1.4,9.8,9.8,4.2,4,2,2.8,22,13,0,2.9,2.88,2.7
"20241117-Zaragoza-Malaga",2024-11-17,"24_25","Zaragoza","Malaga","D",0,0,0.4,0.4,1.4,1.8,0,2,1.6,0.8,1.6,0.4,12.8,12.2,3.2,4.4,2.2,1.8,6,12,1,1.85,3.2,4.75
"20241120-Eldense-Huesca",2024-11-20,"24_25","Eldense","Huesca","H",2,1,0.2,0,0.8,0.6,1,0,1.4,0.8,1.8,1.2,10.6,11.2,4.6,3.8,2.8,2.2,18,13,1,2.3,3,3.4
"20241122-Ferrol-Levante",2024-11-22,"24_25","Ferrol","Levante","D",0,0,0,0.4,0.6,1.4,0,0,0.6,1,1.2,1.2,10.2,12,6.2,5.4,2.6,2.4,20,7,0,3.2,3,2.35
"20241123-Burgos-Eibar",2024-11-23,"24_25","Burgos","Eibar","H",1,0,0,0.4,0.2,1.2,0,1,0.4,0.6,1.8,0.8,10.6,14,4.8,5.2,1.8,3,19,11,1,2.38,3,3.2
"20241123-Cartagena-Almeria",2024-11-23,"24_25","Cartagena","Almeria","A",1,2,0.2,0.8,0.8,2.6,1,2,0.6,2.2,1.8,1.2,10.6,18.2,4.6,3.6,1.6,3.8,22,9,0,4.1,3.7,1.8
"20241123-Cordoba-Zaragoza",2024-11-23,"24_25","Cordoba","Zaragoza","D",2,2,0.4,0.4,1.4,1.6,0,0,1.2,1.4,1.4,1.2,18,14,5.6,2.6,4,2.6,18,6,1,2.3,3.1,3.25
"20241123-Malaga-Santander",2024-11-23,"24_25","Malaga","Santander","D",0,0,0.4,0.8,1.8,2.6,0,2,0.4,1.8,0,0.6,11.2,12.6,4.6,3.2,2.8,1.4,10,1,0,2.75,3.2,2.55
"20241123-Granada-Cadiz",2024-11-23,"24_25","Granada","Cadiz","D",0,0,0.6,0.4,1.8,1.4,2,1,2,1.2,1.8,1,13.6,9.6,2.6,4,3.6,2.8,5,16,1,2.1,3.25,3.5
"20241124-Albacete-Tenerife",2024-11-24,"24_25","Albacete","Tenerife","H",2,1,0,0.2,0.6,1,0,0,1.4,0.6,2.2,1.6,14.2,10.2,6.2,3,1,2.4,17,21,1,2,3.3,3.8
"20241124-LaCoruna-SpGijon",2024-11-24,"24_25","La Coruna","Sp Gijon","D",1,1,0.4,0.6,1.2,2,0,0,1.8,2,1.4,1.2,13.4,10.8,5.8,4.2,1.4,1.4,19,5,1,2.1,3.25,3.5
"20241124-Mirandes-Eldense",2024-11-24,"24_25","Mirandes","Eldense","H",1,0,0.4,0.4,1.4,1.2,1,2,1.8,1.6,1.8,1.8,11.8,12,5.8,4.6,1.8,2.8,6,15,1,2.1,3.1,3.75
"20241124-Huesca-Castellon",2024-11-24,"24_25","Huesca","Castellon","D",1,1,0,0.4,0.4,1.4,0,0,1,1.8,1.6,1.8,12,12.6,4.2,5.6,2.2,3,14,12,0,2.7,3.3,2.55
"20241124-Elche-Oviedo",2024-11-24,"24_25","Elche","Oviedo","H",4,0,0.4,0.6,1.6,2,0,1,1,2.4,0.6,1.4,17.6,13.2,6.4,4.4,1.8,2,9,5,1,2.15,3,3.75
"20241126-Almeria-Cordoba",2024-11-26,"24_25","Almeria","Cordoba","H",4,0,0.8,0.2,2.6,1,3,0,2.2,1.2,1.2,1.6,19.2,18,4,6.2,2.8,4.2,8,19,1,1.67,4.1,4.5
"20241127-Castellon-Ferrol",2024-11-27,"24_25","Castellon","Ferrol","D",0,0,0.2,0,1,0.6,0,0,1.6,0.6,2,1.2,14,10.8,6.4,5.8,3.2,2.2,11,20,1,1.6,3.9,5.5
"20241127-Levante-Malaga",2024-11-27,"24_25","Levante","Malaga","H",4,2,0.4,0.4,1.6,1.8,0,0,1,0.4,1,0,12.8,12.6,5.6,4,2,2.8,9,11,1,1.8,3.4,4.75
"20241129-Oviedo-Huesca",2024-11-29,"24_25","Oviedo","Huesca","A",0,3,0.4,0,1.4,0.6,0,0,1.6,1,2,1.4,10.8,12,3.4,4.6,2.6,2.2,7,13,1,1.67,3.4,6.25
"20241130-Almeria-Granada",2024-11-30,"24_25","Almeria","Granada","H",2,1,0.8,0.4,2.6,1.4,4,0,2.4,1.4,1,1.4,16.2,15.8,4,3.4,2,3,2,6,1,1.8,3.6,4.33
"20241130-Zaragoza-Albacete",2024-11-30,"24_25","Zaragoza","Albacete","A",0,1,0.2,0.2,1.2,1.2,0,1,1.2,1.6,1.2,1.8,13.6,14,2.6,6.2,2.8,1.4,8,14,1,1.85,3.4,4.33
"20241130-Cadiz-LaCoruna",2024-11-30,"24_25","Cadiz","La Coruna","A",2,4,0.4,0.4,1.6,1.4,0,0,1.2,1.8,0.8,1.2,8.6,11.4,3.8,5,2.2,1.2,16,18,1,2.1,3.2,3.7
"20241130-Santander-Mirandes",2024-11-30,"24_25","Santander","Mirandes","A",0,1,0.6,0.6,2.2,2,0,2,1.4,1.8,0.6,1,10.8,12.6,2.2,6,1.6,1.8,1,3,1,1.7,3.6,5
"20241130-Tenerife-Elche",2024-11-30,"24_25","Tenerife","Elche","D",1,1,0.2,0.6,1,2,0,1,0.8,1.8,1.2,0.6,10.8,19,3.6,6.6,2.2,2.4,21,8,0,3,2.88,2.6
"20241201-Eldense-Ferrol",2024-12-01,"24_25","Eldense","Ferrol","D",0,0,0.4,0,1.2,0.6,0,0,1.2,0.4,1.4,1,9.8,11.4,4.8,5.6,3,2,16,20,1,1.91,3,4.75
"20241201-Castellon-Malaga",2024-12-01,"24_25","Castellon","Malaga","H",2,0,0.2,0.4,1.2,1.6,0,0,1.2,0.8,1.4,0.8,15.2,14.2,6.8,3.8,2.8,2.4,12,13,1,1.95,3.25,4.1
"20241201-SpGijon-Cordoba",2024-12-01,"24_25","Sp Gijon","Cordoba","H",2,0,0.4,0.2,1.6,1,0,0,1.8,1.2,1.2,2,10.6,17.4,4.6,6.4,1.6,3.6,4,19,1,1.75,3.9,4.33
"20241201-Levante-Burgos",2024-12-01,"24_25","Levante","Burgos","H",3,1,0.6,0.2,2.2,0.6,1,1,1.8,0.4,1,1.6,15,10.6,5.8,5.4,1.8,2.2,6,18,1,1.75,3.3,5.5
"20241202-Eibar-Cartagena",2024-12-02,"24_25","Eibar","Cartagena","H",1,0,0.2,0.2,0.6,0.6,0,0,0.4,0.8,1,2.2,12.8,10.8,5.2,5,3,1.8,14,22,1,1.55,3.75,6.5
"20241206-Mirandes-Levante",2024-12-06,"24_25","Mirandes","Levante","H",2,1,0.6,0.6,2,2.2,3,2,1.4,2,0.8,1,12.2,14,5.8,5.2,2.8,1.4,3,5,1,2.55,3,3
"20241207-Elche-Cadiz",2024-12-07,"24_25","Elche","Cadiz","H",2,1,0.4,0.2,1.6,1,0,0,1.8,1.2,0.8,1.6,16.2,8.6,5.4,4.2,3.4,3.2,6,17,1,1.8,3.5,4.5
"20241207-Granada-Santander",2024-12-07,"24_25","Granada","Santander","H",3,0,0.4,0.4,1.4,1.6,0,0,1.4,1,1.4,0.6,13.8,12.2,3,3.8,3.2,2,7,1,1,2.15,3.4,3.3
"20241207-LaCoruna-Zaragoza",2024-12-07,"24_25","La Coruna","Zaragoza","D",1,1,0.6,0.2,2,1.2,1,0,2.4,1,1.2,1,10.8,15.4,3.6,3.4,1.8,3,15,9,1,2.1,3.25,3.6
"20241207-Huesca-Eibar",2024-12-07,"24_25","Huesca","Eibar","H",2,1,0.2,0.4,1,1.2,1,1,1.2,0.6,1,0.8,12.8,13.2,5.2,4.8,2.2,2.2,12,11,1,2.55,2.7,3.4
"20241208-Ferrol-Oviedo",2024-12-08,"24_25","Ferrol","Oviedo","A",1,5,0,0.4,0.6,1.4,0,0,0.2,1.6,0.8,2.2,10.8,13.8,4.2,2.6,2,3,20,10,0,3.8,3.1,2.1
"20241208-Malaga-Almeria",2024-12-08,"24_25","Malaga","Almeria","D",1,1,0.2,1,1,3,0,5,0.6,2.4,1.2,0.8,13.6,14.4,4.4,4,2.8,2,14,3,0,3.2,3.2,2.3
"20241208-Albacete-Castellon",2024-12-08,"24_25","Albacete","Castellon","D",0,0,0.4,0.2,1.6,1.2,2,1,1.2,1.2,1.2,1.2,10.4,15.4,4,6.4,1.2,2.4,13,11,1,2.25,3.5,3
"20241208-Burgos-Eldense",2024-12-08,"24_25","Burgos","Eldense","H",1,0,0.2,0.4,0.6,1.4,0,0,0.6,1.2,2,1,11,11,4.8,4.8,1.8,2.8,18,16,1,2.1,3.2,3.7
"20241208-Cordoba-Tenerife",2024-12-08,"24_25","Cordoba","Tenerife","H",3,0,0,0.2,0.4,1,0,0,0.8,1,2.4,1.4,16,10.6,7.4,3,3.8,2.4,19,21,1,1.95,3.4,3.9
"20241209-Cartagena-SpGijon",2024-12-09,"24_25","Cartagena","Sp Gijon","H",1,0,0.2,0.6,0.6,2,0,1,0.6,1.6,1.8,0.6,9.8,10,4.4,4.6,1.8,1.2,22,4,0,4.2,3.4,1.9
"20241213-Almeria-Mirandes",2024-12-13,"24_25","Almeria","Mirandes","H",1,0,0.8,0.8,2.6,2.6,0,4,2.2,1.8,0.8,0.8,16.8,12.8,5.8,5,1.8,2.6,3,2,1,1.62,3.6,5.75
"20241214-Levante-Cordoba",2024-12-14,"24_25","Levante","Cordoba","D",2,2,0.4,0.2,1.6,0.8,0,1,1.8,1,1.2,2,14.2,16.8,4.6,8.2,2,3.4,7,19,1,1.75,3.7,4.33
"20241214-Castellon-Cartagena",2024-12-14,"24_25","Castellon","Cartagena","H",4,1,0.2,0.4,1.2,1.2,0,1,0.8,0.6,0.8,0.8,14.4,8.6,6.4,3,1.8,1.6,12,21,1,1.45,4.1,7.5
"20241214-Cadiz-Albacete",2024-12-14,"24_25","Cadiz","Albacete","H",1,0,0.2,0.4,1,1.6,0,0,1.4,1,1.6,1,8.6,10,3.4,3.6,4,1.2,19,13,1,1.95,3.4,3.75
"20241214-Oviedo-Granada",2024-12-14,"24_25","Oviedo","Granada","H",2,0,0.4,0.6,1.4,2,1,1,2,1.8,2.2,1,15.2,13.4,2.8,2.6,3.2,3.4,8,6,1,2.1,3.25,3.5
"20241214-Eldense-Elche",2024-12-14,"24_25","Eldense","Elche","D",0,0,0.4,0.4,1.4,1.6,0,1,0.8,1.8,0.6,1,11,16.2,4.2,5,2.2,3.8,18,5,0,3.3,3.1,2.3
"20241214-Eibar-Zaragoza",2024-12-14,"24_25","Eibar","Zaragoza","H",2,1,0.4,0,1.2,0.8,0,0,0.8,0.8,0.8,1,13.6,18,5.8,4.2,2.2,3.2,13,10,1,2.4,3,3.2
"20241215-SpGijon-Ferrol",2024-12-15,"24_25","Sp Gijon","Ferrol","A",1,3,0.4,0,1.4,0.6,0,0,1.2,0.2,0.8,1.4,11.2,10,5.4,3.4,1.2,2,7,20,1,1.53,3.6,7.5
"20241215-Burgos-Malaga",2024-12-15,"24_25","Burgos","Malaga","D",0,0,0.4,0,1.2,0.6,1,0,0.6,0.6,1.4,1.4,11.4,11.4,5.8,3.4,1.8,2.6,18,14,1,2,3.3,3.8
"20241215-Santander-Huesca",2024-12-15,"24_25","Santander","Huesca","A",0,1,0.4,0.4,1.4,1.4,0,2,0.8,1.4,1,1,11,12,4,4.4,2.8,2.2,1,11,1,1.7,3.75,4.75
"20241217-Albacete-Levante",2024-12-17,"24_25","Albacete","Levante","D",0,0,0.4,0.4,1.4,1.6,0,0,0.6,2,0.8,1.4,10.6,13.2,3.6,4.6,1,1.4,13,6,1,2.5,3.25,2.75
"20241217-Granada-Cartagena",2024-12-17,"24_25","Granada","Cartagena","H",4,1,0.4,0.4,1.4,1.2,0,0,1.2,0.8,1,1.4,12.2,8.6,3.2,2.8,3.2,1.8,10,21,1,1.33,5,9
"20241217-Cordoba-Eibar",2024-12-17,"24_25","Cordoba","Eibar","H",2,1,0.2,0.6,1,1.8,0,1,1.4,1.2,2,0.8,16.2,13,7.4,5.6,3,2.4,18,11,1,2.1,3,3.7
"20241217-Zaragoza-Oviedo",2024-12-17,"24_25","Zaragoza","Oviedo","A",2,3,0,0.6,0.6,1.8,0,2,0.8,2,1.2,1.8,15.8,14.8,4.8,3.6,3.8,3.2,12,5,1,2.25,2.9,3.5
"20241218-Ferrol-Almeria",2024-12-18,"24_25","Ferrol","Almeria","A",1,4,0.2,0.8,1.2,2.6,1,1,0.8,2,1.2,0.6,10,15.4,3,4.8,2.6,3,20,2,0,4,3.5,1.9
"20241218-Malaga-Eldense",2024-12-18,"24_25","Malaga","Eldense","H",3,0,0,0.2,0.6,1,0,0,0.6,0.4,1.4,0.6,11.8,11.8,3.8,4,1.8,2.4,14,19,1,2.3,3,3.4
"20241218-Mirandes-SpGijon",2024-12-18,"24_25","Mirandes","Sp Gijon","D",1,1,0.8,0.2,2.4,0.8,0,0,1.4,1,0.6,1.4,11,13.4,4,5.6,2.8,2,4,10,1,2.7,3,2.8
"20241219-Elche-Santander",2024-12-19,"24_25","Elche","Santander","H",3,0,0.4,0.2,1.8,0.8,0,0,1.6,0.4,0.6,1,13.8,11.8,5.2,5,3.6,2.6,8,2,1,1.85,3.5,4.2
"20241219-Cadiz-Burgos",2024-12-19,"24_25","Cadiz","Burgos","D",1,1,0.4,0.4,1.4,1.4,1,0,1.2,0.6,1.2,1,10.6,11,3.4,6,3.6,2,18,17,1,1.91,3.3,4.2
"20241219-LaCoruna-Castellon",2024-12-19,"24_25","La Coruna","Castellon","H",5,1,0.4,0.4,1.6,1.8,0,1,1.6,1.4,1.2,0.4,8.4,16.4,3.4,6,2.6,1.4,17,10,1,2.05,3.6,3.4
"20241219-Huesca-Tenerife",2024-12-19,"24_25","Huesca","Tenerife","H",1,0,0.6,0.2,2,0.8,3,0,1.6,0.8,0.8,1.8,10.2,9.8,3.6,3.4,2.8,2.2,9,22,1,2.2,2.9,3.8
"20241220-Cartagena-Albacete",2024-12-20,"24_25","Cartagena","Albacete","D",0,0,0.2,0.4,0.6,1.6,0,0,0.8,0.6,2.2,0.4,8.6,10.2,2.8,3,2.2,1,21,14,0,3.7,3.2,2.1
"20241221-Eibar-Granada",2024-12-21,"24_25","Eibar","Granada","D",1,1,0.4,0.4,1.2,1.4,0,1,1,1.6,1.2,1,12.4,13.8,4.6,4,2.4,3.2,12,7,1,2.4,2.9,3.25
"20241221-Oviedo-Cordoba",2024-12-21,"24_25","Oviedo","Cordoba","A",2,3,0.6,0.4,1.8,1.4,3,1,2,1.4,2,1.8,14.4,14.4,3.8,5.8,3.4,3,4,16,1,1.7,3.75,4.75
"20241221-SpGijon-Malaga",2024-12-21,"24_25","Sp Gijon","Malaga","A",1,3,0.2,0.2,1,1,0,1,1,1.2,1.2,1.4,14,11.2,5.6,3.8,2.6,1.6,9,12,1,1.75,3.4,4.75
"20241221-Zaragoza-Ferrol",2024-12-21,"24_25","Zaragoza","Ferrol","H",1,0,0,0.2,0.4,1,0,0,1.2,1,1.8,2,16,10,4.4,3.4,3.6,2.8,14,20,1,1.62,3.6,6
"20241222-Burgos-Tenerife",2024-12-22,"24_25","Burgos","Tenerife","H",1,0,0.4,0,1.6,0.2,0,0,0.8,0.6,0.8,2,10.8,10.6,5.8,3.6,1.2,2.2,17,22,1,1.85,3.2,4.75
"20241222-Castellon-Elche",2024-12-22,"24_25","Castellon","Elche","A",0,2,0.4,0.6,1.6,2.2,0,1,1.4,2,1.2,0.4,14,14.4,4.4,5.8,1.2,3,12,5,1,2.45,3.5,2.75
"20241222-Almeria-Cadiz",2024-12-22,"24_25","Almeria","Cadiz","D",1,1,0.8,0.2,2.6,1,2,0,2.4,1,0.6,1.4,13.4,10.4,4.8,2.8,3,3.8,1,18,1,1.62,3.9,5.25
"20241222-Santander-Eldense",2024-12-22,"24_25","Santander","Eldense","D",2,2,0,0,0.2,0.4,0,0,0,0,1.6,1,14,12.2,5.8,3.6,2.6,3.2,2,19,1,1.7,4,4.5
"20241222-LaCoruna-Mirandes",2024-12-22,"24_25","La Coruna","Mirandes","A",0,4,0.4,0.6,1.6,2,1,0,2.4,1,1.4,0.6,9.6,8.8,3.4,2.8,2.6,2.6,17,4,1,1.91,3.3,4.2
"20241222-Levante-Huesca",2024-12-22,"24_25","Levante","Huesca","D",1,1,0.4,0.8,1.6,2.6,0,4,2,1.6,1.4,0.4,13.6,9.4,4.8,3.6,1.6,2.8,8,7,1,1.7,3.7,4.75
"20250107-Tenerife-Levante",2025-01-07,"24_25","Tenerife","Levante","A",0,3,0,0.2,0.2,1.2,0,0,0.4,1.4,1.6,1.2,9,11.8,3.6,5.4,2.2,1.6,22,8,0,3.1,3,2.38
"20250110-Granada-Burgos",2025-01-10,"24_25","Granada","Burgos","D",0,0,0.4,0.4,1.4,1.6,0,1,1.8,0.8,1.2,0.8,11.4,9.6,4.2,5.8,2.8,1.4,8,16,1,1.95,3.3,3.9
"20250111-Ferrol-Cartagena",2025-01-11,"24_25","Ferrol","Cartagena","D",0,0,0.2,0.2,0.8,0.8,0,0,1,0.6,2.2,1.8,8.2,9.2,3,2.4,3.2,2.2,20,22,1,1.9,3.25,4.33
"20250111-Tenerife-Castellon",2025-01-11,"24_25","Tenerife","Castellon","H",2,0,0,0.4,0.2,1.4,0,0,0.2,1.4,1.8,1.6,9.2,12.6,3.4,3.6,2.2,1.4,22,12,1,2.6,3.3,2.63
"20250111-Albacete-Santander",2025-01-11,"24_25","Albacete","Santander","D",2,2,0.2,0,1.2,0.2,0,0,0.2,0.4,0.2,2,10,14.6,2.8,6,1,2.2,16,3,1,2.2,3.4,3.2
"20250111-Malaga-LaCoruna",2025-01-11,"24_25","Malaga","La Coruna","D",1,1,0.4,0.4,1.6,1.6,2,0,1.4,2.2,0.8,1.8,10.2,9.2,3.6,3.6,1.8,2.8,10,17,1,2.5,3.2,2.88
"20250111-Huesca-Mirandes",2025-01-11,"24_25","Huesca","Mirandes","H",1,0,0.8,0.6,2.6,2,0,1,1.6,1.6,0.4,0.6,8.6,9.8,3.2,2.4,2.4,2.6,8,2,1,2.25,2.8,3.8
"20250111-Oviedo-SpGijon",2025-01-11,"24_25","Oviedo","Sp Gijon","D",1,1,0.6,0.2,1.8,0.8,0,0,2.4,1,1.8,1.6,16.6,15.8,5.2,6,3.6,3,6,9,1,2.1,3.1,3.75
"20250112-Cordoba-Almeria",2025-01-12,"24_25","Cordoba","Almeria","A",0,3,0.6,0.6,2,2.2,2,0,2,1.8,1.4,0.8,15.2,15.4,5.6,5.6,3,3.6,15,1,0,2.7,3.3,2.5
"20250112-Cadiz-Levante",2025-01-12,"24_25","Cadiz","Levante","D",0,0,0.2,0.2,1,1.2,0,1,1.2,1.4,1.6,1,10,13.4,2,5.8,4.2,1.8,18,7,1,2.45,3.1,3.1
"20250112-Elche-Zaragoza",2025-01-12,"24_25","Elche","Zaragoza","H",1,0,0.6,0.2,2.2,0.8,2,1,1.6,1,0.4,1.4,11.2,17.2,5.2,5.4,2.8,3.4,4,11,1,1.8,3.25,5
"20250113-Eldense-Eibar",2025-01-13,"24_25","Eldense","Eibar","A",1,3,0,0.4,0.6,1.4,0,0,0.4,1.2,1.2,1.2,13.2,14.4,3.6,5.4,3.2,1.8,19,13,1,2.55,3,3
"20250117-Cartagena-Oviedo",2025-01-17,"24_25","Cartagena","Oviedo","A",0,1,0.2,0.6,1,2,0,0,0.6,2.6,1.6,1.4,8.6,14.8,2.6,5.4,2.6,3.4,21,7,0,5.5,3.4,1.67
"20250118-Eibar-Albacete",2025-01-18,"24_25","Eibar","Albacete","D",1,1,0.4,0,1.4,0.8,1,0,1.6,0.4,1.4,0.6,14,10.6,5.6,3.4,2,1.8,11,15,1,1.91,3.3,4.1
"20250118-Eldense-Cadiz",2025-01-18,"24_25","Eldense","Cadiz","A",1,4,0,0.2,0.4,1.2,0,0,0.6,0.8,1.8,0.8,15,9.8,4.6,1.4,3,4.4,19,18,1,2.45,3,3
"20250118-Levante-Granada",2025-01-18,"24_25","Levante","Granada","H",3,1,0.2,0.4,1.4,1.6,0,0,1.2,1.6,0.6,0.8,13.2,12.4,5.4,5,1.6,2.8,6,8,1,1.91,3.2,4.5
"20250118-SpGijon-Elche",2025-01-18,"24_25","Sp Gijon","Elche","D",1,1,0,0.8,0.4,2.6,0,3,0.8,1.6,1.8,0.2,15.8,12.2,5.8,5.4,3.6,2.4,9,2,1,2.35,3.1,3.2
"20250119-Castellon-Cordoba",2025-01-19,"24_25","Castellon","Cordoba","A",1,2,0.2,0.6,0.8,2,0,0,1,2,2,1.6,10.8,14.4,4.8,5.4,1.4,3.6,13,17,1,1.85,3.5,4.2
"20250119-Zaragoza-Tenerife",2025-01-19,"24_25","Zaragoza","Tenerife","D",2,2,0.2,0.2,0.8,0.6,0,1,1,0.4,1.4,1.6,15,7.8,4.2,3.2,3.6,1.2,12,22,1,1.8,3.2,5.25
"20250119-Burgos-LaCoruna",2025-01-19,"24_25","Burgos","La Coruna","A",0,1,0.4,0.4,1.8,1.6,0,0,0.6,2.2,0.2,1.8,10,11,6.2,4.2,2.8,2.8,16,18,1,2.6,2.9,3
"20250119-Santander-Ferrol",2025-01-19,"24_25","Santander","Ferrol","H",6,0,0,0.2,0.4,0.8,0,0,0.8,1,2.2,2.2,14.4,10.8,4.8,4.2,2.4,2.8,5,20,1,1.55,3.9,6.25
"20250119-Almeria-Huesca",2025-01-19,"24_25","Almeria","Huesca","D",0,0,0.6,0.8,2.2,2.6,1,1,2,1.2,0.6,0.4,15,11.2,4.6,5.6,3.4,2.2,1,7,1,1.55,4,6
"20250120-Mirandes-Malaga",2025-01-20,"24_25","Mirandes","Malaga","H",3,2,0.4,0.4,1.4,1.8,0,0,1.4,1.6,0.8,0.6,8.6,11,2.2,4,2.2,1.6,6,11,1,2.1,3,4
"20250124-Elche-Eibar",2025-01-24,"24_25","Elche","Eibar","H",2,0,0.6,0.4,2.2,1.6,0,0,1.4,1.6,0.2,1.2,10.2,13.2,5.6,4.6,2.2,2.4,4,10,1,1.8,3.2,5.25
"20250125-Cordoba-Santander",2025-01-25,"24_25","Cordoba","Santander","A",1,2,0.6,0.2,2,1,1,1,1.8,2,1.8,1.6,12,16,3.8,4.8,3.6,2,13,3,1,2.38,3.4,2.88
"20250125-Huesca-Cartagena",2025-01-25,"24_25","Huesca","Cartagena","H",4,0,0.6,0,2.2,0.4,0,0,0.8,0.4,0.2,1.8,10.4,8,5.6,2.4,2,2.8,7,22,1,1.62,3.4,7
"20250125-LaCoruna-Levante",2025-01-25,"24_25","La Coruna","Levante","A",1,2,0.4,0.4,1.6,1.8,1,1,1.6,1.4,1.4,0.4,9.8,14.2,3.8,4.8,2.2,2.2,15,6,1,2.2,3.3,3.3
"20250125-Tenerife-Eldense",2025-01-25,"24_25","Tenerife","Eldense","A",0,1,0.2,0,0.8,0.4,0,0,0.8,0.8,1.4,2.4,8.8,16.2,3,6.2,1.8,3.2,21,19,1,2.1,3,3.9
"20250126-Granada-SpGijon",2025-01-26,"24_25","Granada","Sp Gijon","H",3,1,0.2,0,1,0.6,0,0,1.2,1,1.4,1.8,11.6,15.6,5.8,5.4,2.4,3.6,8,10,1,2.25,3,3.6
"20250126-Albacete-Almeria",2025-01-26,"24_25","Albacete","Almeria","H",2,1,0,0.6,0.8,2.2,0,0,0.6,1.8,0.8,0.4,10.4,14.8,2.8,4.6,2.4,2.4,16,3,0,3.1,3.3,2.3
"20250126-Oviedo-Castellon",2025-01-26,"24_25","Oviedo","Castellon","H",1,0,0.6,0.2,2,0.6,1,0,1.8,1.2,1.2,2.4,12.8,12.6,5.2,4.2,3.6,1.4,7,14,1,1.73,3.6,4.75
"20250126-Malaga-Zaragoza",2025-01-26,"24_25","Malaga","Zaragoza","A",1,2,0.4,0.2,1.6,0.8,0,0,1.8,1.2,1,1.6,10.4,11.8,3.6,4.2,1.6,3.4,11,12,1,2.5,3.2,2.9
"20250127-Cadiz-Mirandes",2025-01-27,"24_25","Cadiz","Mirandes","H",3,1,0.4,0.4,1.8,1.4,1,1,1.4,1.6,0.6,1,10.8,10.8,1.6,3.4,3.8,2,17,6,1,2,3.1,4.2
"20250129-Tenerife-LaCoruna",2025-01-29,"24_25","Tenerife","La Coruna","D",0,0,0.2,0.4,0.8,1.4,0,0,0.8,1.6,1.4,1.6,8.6,13.8,2.8,5.2,1.8,1.6,21,17,0,2.8,3,2.8
"20250131-Eldense-Granada",2025-01-31,"24_25","Eldense","Granada","A",0,3,0.2,0.4,0.8,1.6,1,1,1,1.8,2.4,1.2,14.6,13.8,5.8,5.4,2.8,1.8,19,8,0,2.9,3,2.63
"20250201-Mirandes-Elche",2025-02-01,"24_25","Mirandes","Elche","H",3,0,0.4,0.8,1.4,2.6,0,1,1.8,1.8,1.4,0.2,11,11.8,4.4,6,1.8,1.8,6,2,0,3,3,2.55
"20250201-SpGijon-Burgos",2025-02-01,"24_25","Sp Gijon","Burgos","H",2,0,0,0.2,0.6,1.2,0,0,1,0.4,1.8,0.4,12.2,10,5,4.8,3,3.2,10,18,1,1.85,3.2,4.75
"20250201-Almeria-Oviedo",2025-02-01,"24_25","Almeria","Oviedo","D",1,1,0.4,0.6,1.6,2,0,2,1.8,1.6,0.8,1.2,15.8,14,5.4,4.8,2.2,3.2,3,6,1,1.85,3.4,4.33
"20250201-Santander-Malaga",2025-02-01,"24_25","Santander","Malaga","H",2,1,0.4,0.4,1.6,1.4,2,0,2.4,2,1.6,1.4,13.8,10.8,3.4,3,2,1.4,1,12,1,1.7,3.8,4.75
"20250202-Cartagena-Cordoba",2025-02-02,"24_25","Cartagena","Cordoba","A",0,1,0,0.6,0.4,1.8,0,0,0.2,1.6,1.8,1.8,7.6,12,3,3.6,2.2,3.6,22,16,0,3.8,3.4,1.95
"20250202-Eibar-LaCoruna",2025-02-02,"24_25","Eibar","La Coruna","A",0,1,0.2,0.2,1,1,0,0,1.2,0.6,1.4,1.4,11.6,12.2,4,4.6,2.4,1.8,11,16,1,2.25,3.3,3.2
"20250202-Tenerife-Albacete",2025-02-02,"24_25","Tenerife","Albacete","H",3,1,0.2,0.2,1,1.4,0,1,0.8,1,1.2,0.8,10.4,11.4,4,3.2,1.6,2.6,21,13,1,2.3,3.1,3.25
"20250202-Zaragoza-Cadiz",2025-02-02,"24_25","Zaragoza","Cadiz","D",0,0,0.4,0.4,1.4,1.8,1,2,1.4,1.8,1.4,0.8,12.8,9.6,4.6,1.6,2.6,4.4,10,14,1,2.1,3.1,3.75
"20250202-Castellon-Huesca",2025-02-02,"24_25","Castellon","Huesca","A",0,1,0,0.6,0,2.2,0,1,0.4,1.4,2.4,0.2,9.2,11.4,4.6,6.6,1.6,1.4,17,7,1,2,3.25,4
"20250203-Levante-Ferrol",2025-02-03,"24_25","Levante","Ferrol","A",0,1,0.6,0.2,2.2,0.8,2,0,1.8,0.8,0.6,2.4,13.8,10.4,4.8,4.2,2.4,2.6,7,21,1,1.44,4.2,7.5
"20250207-Albacete-Zaragoza",2025-02-07,"24_25","Albacete","Zaragoza","H",2,1,0.2,0.4,1.2,1.6,0,0,1.2,1,1.4,0.8,10.4,10.2,3,4.8,2.6,3.4,16,10,1,2.2,3.1,3.4
"20250208-Ferrol-Castellon",2025-02-08,"24_25","Ferrol","Castellon","A",1,3,0.2,0,0.8,0,1,0,0.4,0.2,2.2,1.6,10.2,10.6,4.2,6,2,2.2,20,17,0,2.7,3.2,2.7
"20250208-Granada-Mirandes",2025-02-08,"24_25","Granada","Mirandes","D",0,0,0.4,0.6,1.6,1.8,2,1,1.6,2.2,1,1.2,12.6,13.2,5.2,5,2.2,2.2,8,3,1,1.75,3.4,5
"20250208-Malaga-Levante",2025-02-08,"24_25","Malaga","Levante","D",1,1,0.2,0.6,0.8,2,0,0,1.6,1.6,1.8,0.6,9.4,15.4,3.2,5,2,2.2,17,7,0,2.75,3.3,2.5
"20250208-SpGijon-Eibar",2025-02-08,"24_25","Sp Gijon","Eibar","D",0,0,0.2,0.2,1,1,1,0,1.2,1,1.6,1.2,11.2,13.4,4.8,6.2,2.8,2.2,9,16,1,1.95,3.2,4.2
"20250209-Cordoba-Huesca",2025-02-09,"24_25","Cordoba","Huesca","A",1,2,0.6,0.6,1.8,2.2,1,2,1.4,1.4,1.6,0.2,13.4,11,4.4,7,3.2,1,13,4,1,2,3.1,4.2
"20250209-Cadiz-Cartagena",2025-02-09,"24_25","Cadiz","Cartagena","H",5,2,0.4,0,1.8,0.4,0,0,1.6,0,0.6,1.2,9.2,7.2,1.6,3.8,4,1.8,17,22,1,1.42,4.2,7.5
"20250209-LaCoruna-Almeria",2025-02-09,"24_25","La Coruna","Almeria","H",3,1,0.4,0.2,1.6,1.2,1,0,0.8,1.2,0.6,0.8,12.8,16.4,3.8,5,1.4,2.6,15,4,1,2.45,3.3,2.8
"20250209-Elche-Tenerife",2025-02-09,"24_25","Elche","Tenerife","H",2,0,0.6,0.4,2,1.6,0,1,1.2,1.4,0.8,0.8,10.6,11.4,5,4,3.4,2,5,21,1,1.67,3.6,5.5
"20250209-Burgos-Santander",2025-02-09,"24_25","Burgos","Santander","H",2,1,0.2,0.6,1,2.2,0,3,0.4,2.8,0.8,1.2,9.6,15.2,4.2,4,3.6,2.4,18,1,1,2.6,3.2,2.8
"20250210-Oviedo-Eldense",2025-02-10,"24_25","Oviedo","Eldense","D",0,0,0.4,0.2,1.6,0.8,0,0,1.2,1,1,2.4,12.8,15.2,4.4,7,3.2,1.4,7,19,1,1.62,3.6,6
"20250214-Mirandes-Ferrol",2025-02-14,"24_25","Mirandes","Ferrol","H",4,1,0.4,0.2,1.4,0.8,0,0,1.4,0.4,1.2,2,12.6,9.4,5.4,3.8,1.6,1.4,4,20,1,1.67,3.4,5.75
"20250215-Cartagena-Malaga",2025-02-15,"24_25","Cartagena","Malaga","A",0,1,0,0,0.2,0.4,0,0,0.4,1.2,2.2,1.8,6,10.2,3.4,4.4,2,2,22,16,0,3.7,3.1,2.05
"20250215-Castellon-Eibar",2025-02-15,"24_25","Castellon","Eibar","H",2,0,0.2,0.2,0.6,1,1,0,0.8,0.8,1.4,1,10.6,12.8,5.8,4.8,2,3.2,17,16,1,1.96,3.3,3.8
"20250215-Tenerife-Cordoba",2025-02-15,"24_25","Tenerife","Cordoba","A",2,3,0.2,0.4,1,1.2,0,0,1,1,1.2,1.6,12.4,13.8,5,4.8,1.8,3,21,15,1,2.1,3,3.6
"20250215-Santander-Cadiz",2025-02-15,"24_25","Santander","Cadiz","A",2,3,0.6,0.6,2,2.2,0,1,2.6,2.4,1.2,0.8,13.8,11.8,4,2.2,3.4,3,2,12,1,1.96,3.5,3.6
"20250216-Levante-SpGijon",2025-02-16,"24_25","Levante","Sp Gijon","D",0,0,0.4,0.2,1.6,1.2,0,0,1.2,1,0.8,1,14.6,8.6,5,4.2,2.4,2.6,7,10,1,2.1,3.1,3.7
"20250216-Eldense-LaCoruna",2025-02-16,"24_25","Eldense","La Coruna","H",2,0,0.2,0.6,0.8,2,0,2,0.6,1.2,2,0.6,13.2,12.4,6,3.6,2,1.6,19,12,1,2.63,3.1,2.8
"20250216-Huesca-Granada",2025-02-16,"24_25","Huesca","Granada","D",1,1,0.8,0.4,2.6,1.6,3,0,1.6,1.4,0.2,0.8,11.6,13,7.8,5.2,1.6,1.8,3,8,1,2.63,2.8,3.1
"20250216-Zaragoza-Burgos",2025-02-16,"24_25","Zaragoza","Burgos","A",0,1,0.2,0.4,1,1.4,0,1,1,0.6,1.2,0.8,9.8,10,3.8,3.6,3.4,4.6,15,18,1,2.05,3,4.1
"20250216-Oviedo-Albacete",2025-02-16,"24_25","Oviedo","Albacete","H",1,0,0.4,0.4,1.8,1.6,0,1,0.8,1.6,0.4,1.6,11.8,10.6,4.6,3.4,2.6,3,7,16,1,1.73,3.5,5
"20250217-Almeria-Elche",2025-02-17,"24_25","Almeria","Elche","D",1,1,0.2,0.6,1,2,0,1,1.2,1.2,1.2,0.8,16.8,10.8,5.4,5,2.6,3.2,7,5,1,2.1,3.4,3.4
"20250221-Malaga-Tenerife",2025-02-21,"24_25","Malaga","Tenerife","H",1,0,0.2,0.2,0.8,0.8,1,0,1.2,1,1.6,1.4,11,12.6,4.4,5,1.6,1.6,14,21,1,2.38,2.9,3.3
"20250222-Ferrol-Cordoba",2025-02-22,"24_25","Ferrol","Cordoba","A",0,1,0.2,0.6,0.8,1.8,0,1,0.6,1.6,2.6,1.4,10.2,16,4,4.4,1.6,2.6,20,12,0,3.2,3,2.38
"20250222-Burgos-Oviedo",2025-02-22,"24_25","Burgos","Oviedo","A",1,2,0.4,0.6,1.4,2.2,2,1,0.6,0.8,0.8,0.2,10.2,13.2,3.2,5.2,4.6,2.2,18,5,0,3,2.75,2.7
"20250222-Eibar-Santander",2025-02-22,"24_25","Eibar","Santander","D",2,2,0,0.6,0.4,1.8,0,0,0.2,2.6,1.2,1.4,11.6,12.4,4.4,4,3.8,3.4,17,3,1,2.2,3.3,3.3
"20250222-Granada-Zaragoza",2025-02-22,"24_25","Granada","Zaragoza","D",2,2,0.4,0.2,1.6,1,0,0,1.6,1,1,1.2,11.8,9.4,5.6,4.2,2,3.2,8,15,1,1.95,3.25,4.1
"20250222-SpGijon-Almeria",2025-02-22,"24_25","Sp Gijon","Almeria","D",1,1,0.2,0,1.2,0.6,0,0,0.8,0.8,0.8,1.4,8,15.2,3.8,5.8,2.2,3.4,11,6,1,2.5,3.3,2.75
"20250223-Elche-Cartagena",2025-02-23,"24_25","Elche","Cartagena","H",2,1,0.4,0,1.6,0,0,0,1.2,0.4,1,2.4,10.4,7.4,4.2,4.2,2.4,1.4,5,22,1,1.25,5,15
"20250223-LaCoruna-Huesca",2025-02-23,"24_25","La Coruna","Huesca","D",0,0,0.4,0.6,1.4,2.2,0,0,1,1.6,1,0.4,12.8,8.4,3.6,5.2,1.4,1.6,15,4,1,1.95,3.25,4.1
"20250223-Albacete-Eldense",2025-02-23,"24_25","Albacete","Eldense","A",0,1,0.4,0.4,1.4,1.4,0,1,1.2,0.8,1.4,1.4,10.4,12.8,3,5.4,2,1.8,16,19,1,2,3.25,3.9
"20250223-Cadiz-Castellon",2025-02-23,"24_25","Cadiz","Castellon","D",0,0,0.8,0.4,2.6,1.2,2,2,3,1.2,1.2,1,13,12,2.4,4.4,2.8,1.8,12,15,1,2,3.3,3.8
"20250223-Levante-Mirandes",2025-02-23,"24_25","Levante","Mirandes","H",1,0,0.4,0.6,1.6,2,0,1,1.2,2.2,0.8,1.2,14.8,16,6.2,6.4,2.6,1.4,7,3,1,1.85,3.4,4.33
"20250228-Cartagena-Eibar",2025-02-28,"24_25","Cartagena","Eibar","A",0,2,0,0,0,0.4,0,0,0.6,0.4,2.6,1.4,7.6,11.4,4.4,4.2,1.6,3.6,22,17,0,4.33,3.1,1.95
"20250301-Castellon-Burgos",2025-03-01,"24_25","Castellon","Burgos","H",2,1,0.4,0.4,1.4,1.2,0,0,1,0.8,0.6,1.2,10.8,9.8,4.4,3.6,1.8,3.6,15,18,1,1.91,3.4,4
"20250301-Huesca-Ferrol",2025-03-01,"24_25","Huesca","Ferrol","H",3,1,0.6,0.2,2.2,0.6,0,0,1.6,0.6,0.4,2.8,8.6,7.4,4.4,3.2,2,1.8,4,20,1,1.57,3.5,6.5
"20250301-Zaragoza-SpGijon",2025-03-01,"24_25","Zaragoza","Sp Gijon","D",1,1,0.2,0.2,1,1.2,0,0,1,0.8,1.2,0.8,9.8,9,4.6,5,2.8,2,16,11,1,2.35,2.9,3.4
"20250301-Almeria-Malaga",2025-03-01,"24_25","Almeria","Malaga","D",2,2,0,0.4,0.6,1.4,0,2,1,1,1.6,1,14.6,12,4.6,6,4.2,1.6,7,13,1,1.44,4.75,6
"20250302-Cordoba-Granada",2025-03-02,"24_25","Cordoba","Granada","H",5,0,0.6,0.4,1.8,1.8,2,0,1.4,1.8,1.2,0.8,16.6,11.4,4,5.2,3,1.2,12,8,1,2.4,3.1,3
"20250302-Oviedo-LaCoruna",2025-03-02,"24_25","Oviedo","La Coruna","A",1,2,0.6,0.4,2.2,1.6,2,0,1,0.8,0.4,0.6,11.6,10.6,4.8,3.2,2,1.2,3,16,1,1.85,3.4,4.33
"20250302-Albacete-Cadiz",2025-03-02,"24_25","Albacete","Cadiz","H",3,0,0.4,0.6,1.2,2.2,0,0,1,2.2,1.4,1,11,12.4,3.6,3.2,1.8,2.6,17,14,1,2.7,2.9,2.88
"20250302-Eldense-Levante",2025-03-02,"24_25","Eldense","Levante","A",1,2,0.6,0.4,2,1.6,2,1,0.8,0.8,0.6,0.6,12.4,14,4.8,6.8,2,3,19,6,0,2.75,3.1,2.63
"20250302-Santander-Elche",2025-03-02,"24_25","Santander","Elche","H",2,0,0.4,0.6,1.4,2,0,1,1.8,1.4,1.8,1,11.6,13.2,3.8,5.2,3.2,2.6,5,2,1,2.4,3.1,3
"20250303-Mirandes-Tenerife",2025-03-03,"24_25","Mirandes","Tenerife","H",2,0,0.4,0.2,1.4,0.8,0,0,1.6,1,1,1.4,14.4,11.6,5.8,4.4,1.2,2,6,21,1,1.85,3.1,5
"20250305-Ferrol-Burgos",2025-03-05,"24_25","Ferrol","Burgos","A",0,1,0.2,0.4,0.6,1.2,0,0,0.8,1,2.2,1.4,7.8,10.6,4.2,3.4,1.8,3.8,20,18,0,3,2.7,2.8
"20250307-Eibar-Almeria",2025-03-07,"24_25","Eibar","Almeria","H",1,0,0.2,0,1,0.8,1,0,0.8,1.2,1,1.6,13,15.6,5,4.8,3,3.4,16,7,1,2.65,3,2.75
"20250307-LaCoruna-Cordoba",2025-03-07,"24_25","La Coruna","Cordoba","D",1,1,0.6,0.8,2,2.4,1,3,1.2,2.2,0.8,0.8,10.6,16.6,3.8,3.8,1.2,3.2,10,9,1,1.96,3.4,3.75
"20250308-Mirandes-Oviedo",2025-03-08,"24_25","Mirandes","Oviedo","H",1,0,0.6,0.4,2,1.6,1,0,1.8,1,0.4,0.8,14.4,10,4.6,5.2,1,2.4,3,6,1,2.55,3,3
"20250308-Elche-Castellon",2025-03-08,"24_25","Elche","Castellon","H",3,1,0.4,0.6,1.4,2,0,1,1,1.4,1.4,0.6,11.8,12.4,5.6,4.4,3,2.2,5,13,1,1.75,3.5,4.75
"20250308-SpGijon-Santander",2025-03-08,"24_25","Sp Gijon","Santander","D",1,1,0.2,0.4,1.4,1.4,0,1,0.8,1.8,0.4,1.6,9.8,13,5.2,4.8,2,3.4,12,3,1,2.1,3.4,3.4
"20250308-Zaragoza-Eldense",2025-03-08,"24_25","Zaragoza","Eldense","A",2,4,0,0.4,0.6,1.4,0,0,0.8,0.8,1.2,1,11,14.2,4.2,5.6,3.6,2.6,17,19,1,1.91,3.2,4.33
"20250309-Levante-Cartagena",2025-03-09,"24_25","Levante","Cartagena","H",3,0,0.4,0,1.6,0,2,0,0.8,0.6,0.6,2.2,15,7.6,7.2,5.4,2.4,2,5,22,1,1.33,4.75,10
"20250309-Granada-Ferrol",2025-03-09,"24_25","Granada","Ferrol","H",3,0,0.2,0,1.2,0,0,0,1.2,0.6,1.6,2.4,10.8,8,5.4,4.6,1.6,1.8,8,20,1,1.55,3.8,6.5
"20250309-Tenerife-Huesca",2025-03-09,"24_25","Tenerife","Huesca","H",2,0,0.2,0.6,0.6,2.2,0,1,1,1.4,1.8,0.6,11,8,2.4,4,1.8,2.4,21,4,1,2.3,3.1,3.25
"20250309-Malaga-Cadiz",2025-03-09,"24_25","Malaga","Cadiz","A",0,2,0.4,0.4,1.6,1.6,0,0,1.2,1.6,1,1.4,11.4,11.8,5.8,3.2,2.4,2.6,13,15,1,2.63,3,2.88
"20250310-Burgos-Albacete",2025-03-10,"24_25","Burgos","Albacete","H",1,0,0.6,0.4,1.8,1.2,1,1,1.2,1.2,1,1.2,10.6,10.6,4,3.6,3.2,1.6,18,16,1,2.15,3.1,3.6
"20250314-Oviedo-Elche",2025-03-14,"24_25","Oviedo","Elche","D",1,1,0.4,0.6,1.4,2,0,1,0.8,1.6,0.8,1,10,11.2,5.2,5.4,2,1.4,6,3,1,2.05,3,4.2
"20250315-Ferrol-Eibar",2025-03-15,"24_25","Ferrol","Eibar","D",0,0,0,0.4,0,1.6,0,2,0.4,1,2.4,0.8,7.4,10.6,4.6,3.6,2,3,21,14,0,3.6,2.9,2.2
"20250315-Cordoba-SpGijon",2025-03-15,"24_25","Cordoba","Sp Gijon","D",1,1,0.6,0,2,1,0,0,2.2,0.6,1,0.6,15.2,10.6,3.2,5.8,3.2,2.4,9,13,1,2.2,3.2,3.4
"20250315-Albacete-Malaga",2025-03-15,"24_25","Albacete","Malaga","H",2,0,0.4,0.4,1.2,1.6,0,0,1,1,0.8,1,12.4,10.8,4.6,6.2,1.8,1.6,17,16,1,1.91,3.4,4
"20250315-Almeria-Zaragoza",2025-03-15,"24_25","Almeria","Zaragoza","H",4,1,0,0,0.6,0.4,0,0,1,1.2,1.6,2,16,14.2,5.8,4.4,3.4,2.8,7,18,1,1.65,4,4.75
"20250315-Cartagena-Burgos",2025-03-15,"24_25","Cartagena","Burgos","A",0,1,0,0.6,0,1.8,0,2,0.6,1,2.6,0.8,8.2,10.4,4.6,4,2.4,2.2,22,16,0,4.33,3.1,1.95
"20250316-Eldense-Mirandes",2025-03-16,"24_25","Eldense","Mirandes","D",2,2,0.6,0.6,2,2,1,2,1.6,1.4,0.8,0.4,12.6,13.6,5.6,4.4,3,1.2,19,3,1,2.7,3,2.75
"20250316-Huesca-Levante",2025-03-16,"24_25","Huesca","Levante","A",1,2,0.4,0.6,1.6,2.2,0,3,1.2,1.4,1,0.4,7.8,14,3.4,5.6,2.6,2.4,5,4,1,2.7,3,2.8
"20250316-Santander-Tenerife",2025-03-16,"24_25","Santander","Tenerife","H",2,1,0.2,0.2,1,0.6,0,1,1.6,0.8,1.6,1.6,11.4,11.8,4.4,3,3.2,1.2,4,21,1,1.75,3.3,5
"20250316-Cadiz-Granada",2025-03-16,"24_25","Cadiz","Granada","H",1,0,0.6,0.2,2,1.2,1,1,2,1.2,1.4,1.6,11.2,10.6,3.6,6.4,2.4,1.2,12,8,1,2.25,3.1,3.4
"20250317-Castellon-LaCoruna",2025-03-17,"24_25","Castellon","La Coruna","D",2,2,0.6,0.4,2,1.6,0,0,1.6,1.2,1,1,11.8,11.8,4.4,4.4,1.4,1.4,16,14,1,2.2,3.4,3.2
"20250321-Burgos-Almeria",2025-03-21,"24_25","Burgos","Almeria","H",3,1,0.6,0.2,1.8,1.2,3,1,1,1.6,0.8,1.2,9.6,15,3.8,5.8,2.8,3,11,7,0,3.4,3,2.25
"20250322-Elche-Eldense",2025-03-22,"24_25","Elche","Eldense","H",2,0,0.4,0.6,1.6,2,0,0,1.4,2,1.2,1.2,12.6,12.6,5.4,6,1.6,2.4,4,19,1,1.62,3.6,6
"20250322-Malaga-Ferrol",2025-03-22,"24_25","Malaga","Ferrol","H",2,0,0.4,0,1.4,0.2,0,0,0.8,0.2,1.2,1.6,12.6,7.2,6.2,4.8,1.8,1.8,17,20,1,1.85,3.3,4.5
"20250322-Mirandes-Santander",2025-03-22,"24_25","Mirandes","Santander","H",2,1,0.6,0.4,2,1.6,0,1,1.8,1.8,0.8,1.4,12.2,11.6,4.2,4.6,2,2.6,4,3,1,2.25,3.2,3.4
"20250322-Granada-Oviedo",2025-03-22,"24_25","Granada","Oviedo","H",1,0,0.2,0.4,1,1.4,0,0,1.2,1,1.8,1,9.6,10.6,6.4,4.4,1.2,1.8,8,6,1,2.3,3,3.4
"20250323-SpGijon-Albacete",2025-03-23,"24_25","Sp Gijon","Albacete","A",0,2,0,0.4,1,1.2,0,1,0.8,1,0.8,0.6,10,11.8,4.6,4,2.6,1.8,15,17,1,1.85,3.2,4.75
"20250323-LaCoruna-Cartagena",2025-03-23,"24_25","La Coruna","Cartagena","D",2,2,0.2,0,1.2,0,0,0,1,0.2,1.2,1.8,10.8,9.2,4.2,4.8,1.2,2.4,15,22,1,1.29,5,11
"20250323-Tenerife-Cadiz",2025-03-23,"24_25","Tenerife","Cadiz","H",2,1,0.2,0.6,0.6,2,0,2,1,1.2,1.6,1,12.6,10.6,3.2,4.2,2.8,2.8,21,10,1,2.5,2.9,3
"20250323-Levante-Castellon",2025-03-23,"24_25","Levante","Castellon","H",3,2,0.8,0.4,2.6,1.6,4,0,1.6,1.4,0.4,1.2,13.2,13.4,5.2,4.6,2.4,2.2,3,17,1,1.75,3.7,4.5
"20250323-Eibar-Huesca",2025-03-23,"24_25","Eibar","Huesca","H",2,1,0.4,0.2,1.6,1,0,0,1,1,0.8,1.2,10.6,7.4,3.8,3,2.4,2.6,15,5,1,1.83,3,5.25
"20250324-Zaragoza-Cordoba",2025-03-24,"24_25","Zaragoza","Cordoba","D",1,1,0,0.6,0.4,2.2,0,0,1.2,2.2,2.4,0.8,13,15.6,4.6,3.4,2.6,3,18,11,1,2.1,3.4,3.4
"20250328-Tenerife-Granada",2025-03-28,"24_25","Tenerife","Granada","H",2,1,0.4,0.4,1.2,1.4,1,1,1,1.2,1.2,1.6,12.4,10.6,3.8,6,2.8,0.8,20,8,1,2.5,3,3
"20250329-Eldense-Burgos",2025-03-29,"24_25","Eldense","Burgos","D",0,0,0.4,0.8,1.4,2.4,0,4,1.6,1.4,1.6,0.6,9.8,9.4,5.2,3.2,2.8,3.2,19,10,1,2.63,2.88,3
"20250329-Ferrol-LaCoruna",2025-03-29,"24_25","Ferrol","La Coruna","A",0,1,0,0.2,0.2,1.4,0,0,0.2,1.4,1.8,1.2,9,11,4.4,4.4,1.6,1.4,21,14,0,3.6,3.2,2.1
"20250329-Cartagena-Castellon",2025-03-29,"24_25","Cartagena","Castellon","D",2,2,0,0.2,0.2,1,0,0,0.6,1.4,2,1.8,9.6,13.6,4.8,4.8,3,2.8,22,17,0,4.5,3.7,1.75
"20250329-Santander-Zaragoza",2025-03-29,"24_25","Santander","Zaragoza","H",2,0,0.4,0,1.6,0.6,0,0,1.6,1.4,1.2,2.4,10.8,14.4,4,5,2.8,2.8,4,18,1,1.85,3.6,3.9
"20250329-Almeria-Levante",2025-03-29,"24_25","Almeria","Levante","H",1,0,0.2,1,1,3,0,5,1.6,2.2,1.6,0.8,16,12.8,5.6,4.4,3,1.8,7,1,1,2,3.25,3.8
"20250330-Cordoba-Elche",2025-03-30,"24_25","Cordoba","Elche","A",1,2,0.4,0.6,1.8,2,0,1,1.8,1.6,0.6,1,13.4,13.4,3.6,5.8,3.6,1.4,11,4,1,2.6,3,2.63
"20250330-Oviedo-Malaga",2025-03-30,"24_25","Oviedo","Malaga","H",2,1,0.2,0.4,0.8,1.4,0,1,0.8,1,1.2,1.2,9.2,11.2,4,5.6,2.2,2.4,7,15,1,1.62,3.6,5
"20250330-Albacete-Mirandes",2025-03-30,"24_25","Albacete","Mirandes","H",3,2,0.6,0.6,1.8,2,2,1,1.4,1.4,0.4,0.8,13.2,11.2,4.8,4,2,2.4,14,4,1,2.55,3,2.7
"20250330-Huesca-SpGijon",2025-03-30,"24_25","Huesca","Sp Gijon","H",3,2,0.2,0,0.8,0.8,0,0,1,0.8,1.4,1.2,6.4,11.8,2.4,6,2.2,3.2,7,16,1,2.55,2.8,2.9
"20250331-Cadiz-Eibar",2025-03-31,"24_25","Cadiz","Eibar","D",0,0,0.4,0.6,1.4,2.2,0,1,0.8,1.4,1,0.6,10.6,12,4.2,4,2,1.8,13,14,1,2.2,2.75,3.5
"20250404-Castellon-Albacete",2025-04-04,"24_25","Castellon","Albacete","D",2,2,0.2,0.8,1,2.4,0,3,1.8,2,2.2,0.6,16.4,13,5.8,5,2.8,2.2,17,9,1,1.7,4,4.33
"20250405-Cartagena-Eldense",2025-04-05,"24_25","Cartagena","Eldense","A",0,1,0,0.2,0.4,1,0,0,0.8,1.4,2,1.6,8.8,10.6,4.4,5,2.8,2.8,22,19,0,5.25,3.25,1.75
"20250405-Eibar-Oviedo",2025-04-05,"24_25","Eibar","Oviedo","D",1,1,0.6,0.2,2.2,0.8,0,1,1,0.8,0.2,1.2,12.2,10.6,4.2,4.4,1.8,2.2,13,6,1,2.4,2.9,3.25
"20250405-SpGijon-Tenerife",2025-04-05,"24_25","Sp Gijon","Tenerife","A",1,3,0,0.6,0.6,1.8,0,2,1,1.4,1.6,1.2,11.2,14,4.4,5.2,3.4,2.4,17,20,1,2.1,3,3.8
"20250405-Granada-Almeria",2025-04-05,"24_25","Granada","Almeria","H",3,1,0.4,0.4,1.2,1.4,0,1,1,1.6,1.6,1.4,10.6,14.8,6,6.8,2,2.2,8,7,1,2.4,3.3,2.8
"20250406-Malaga-Cordoba",2025-04-06,"24_25","Malaga","Cordoba","A",0,1,0.2,0.2,0.8,1.2,0,0,1,1.8,1.6,1,10.6,14.2,5.4,5.4,2,3.8,16,14,1,2.3,3.2,3.1
"20250406-LaCoruna-Cadiz",2025-04-06,"24_25","La Coruna","Cadiz","H",1,0,0.4,0.4,1.8,1.4,1,0,1.6,0.8,1.2,1,9.2,10.2,3.6,3.6,1.4,1.8,12,13,1,2.15,3.1,3.4
"20250406-Zaragoza-Mirandes",2025-04-06,"24_25","Zaragoza","Mirandes","H",1,0,0,0.6,0.4,2,0,0,1,1.8,2.4,1.2,13,11.4,4.4,4.2,3.6,2.6,19,4,1,2.3,3,3.3
"20250406-Levante-Santander",2025-04-06,"24_25","Levante","Santander","H",3,1,0.8,0.6,2.4,2,0,1,2,1.6,1,0.8,12.4,12.4,4.2,5.2,1.8,3.4,2,3,1,1.95,3.5,3.75
"20250406-Burgos-Huesca",2025-04-06,"24_25","Burgos","Huesca","H",2,1,0.8,0.4,2.6,1.2,0,1,1.2,1.6,0.2,1.8,7.2,10.4,3,4,2.8,2,12,6,1,2.2,2.75,3.9
"20250407-Elche-Ferrol",2025-04-07,"24_25","Elche","Ferrol","H",1,0,0.6,0,2,0.2,2,0,1.6,0,1,1.4,11.2,9.4,4.2,4.6,1.2,2.2,2,21,1,1.33,5,8
"20250411-Cordoba-Levante",2025-04-11,"24_25","Cordoba","Levante","D",2,2,0.2,0.8,1.2,2.4,1,1,1,2.2,1,1,13.4,11.6,6.8,3.6,4.2,2.6,11,2,1,2.15,3.25,3.3
"20250412-Zaragoza-Eibar",2025-04-12,"24_25","Zaragoza","Eibar","D",2,2,0.2,0.4,0.8,1.8,1,0,1,0.8,2.2,0.4,11.2,12.6,4,4.4,3.2,2.8,18,13,1,2.55,3,3
"20250412-Cadiz-Elche",2025-04-12,"24_25","Cadiz","Elche","A",0,1,0.4,0.8,1.4,2.6,0,3,0.8,1.8,0.6,0.6,12.4,11.2,4.4,3,1,1,14,2,1,2.63,2.9,3
"20250412-Tenerife-Burgos",2025-04-12,"24_25","Tenerife","Burgos","D",0,0,0.8,0.8,2.4,2.6,3,1,2,1.4,1,0.4,14.4,7,7.4,2.6,2.8,2.8,20,10,1,2.15,2.8,4.1
"20250412-Oviedo-Ferrol",2025-04-12,"24_25","Oviedo","Ferrol","H",3,0,0.2,0,1,0.2,0,0,0.8,0,1,1.4,11.2,9.4,3.4,4.6,2.8,2.2,5,21,1,1.45,4.5,6.5
"20250413-Albacete-Granada",2025-04-13,"24_25","Albacete","Granada","A",0,2,0.6,0.6,2,1.8,0,1,1.8,1.6,1,0.8,12,11,4.4,5.4,2.2,1.8,12,8,1,2.55,3.25,2.75
"20250413-Almeria-Cartagena",2025-04-13,"24_25","Almeria","Cartagena","H",2,1,0.4,0,1.2,0.4,0,0,1.4,0.8,1.6,1.8,15.2,9.2,6.2,3.2,2.4,2.8,7,22,1,1.2,6.25,15
"20250413-Santander-Castellon",2025-04-13,"24_25","Santander","Castellon","D",1,1,0.4,0,1.4,0.6,0,0,1.4,1.8,1.4,2.4,12.2,19.4,5.4,6.2,3,2.4,4,16,1,2,3.6,3.5
"20250413-Mirandes-LaCoruna",2025-04-13,"24_25","Mirandes","La Coruna","D",2,2,0.4,0.4,1.4,1.8,0,2,1.4,1.4,1.4,1,10.4,10.8,4,4,3.2,1,4,11,1,1.95,3,4.5
"20250413-Eldense-SpGijon",2025-04-13,"24_25","Eldense","Sp Gijon","A",1,2,0.4,0,1.6,0.4,1,0,1.4,1,1.2,2,11.4,11.2,5,4.8,2,3.4,19,17,1,2.25,3,3.5
"20250414-Huesca-Malaga",2025-04-14,"24_25","Huesca","Malaga","H",1,0,0.2,0.2,0.6,0.6,0,0,1.2,0.6,2,1.4,9.8,11.2,4,5.8,2,1.8,8,17,1,1.95,3.2,4.2
"20250418-SpGijon-Mirandes",2025-04-18,"24_25","Sp Gijon","Mirandes","H",3,1,0.2,0.2,0.8,1,1,0,1.2,1.6,2,1.8,11.6,10.8,4.4,4.4,2.8,3.4,15,4,1,2.4,3.1,3
"20250418-Castellon-Almeria",2025-04-18,"24_25","Castellon","Almeria","H",4,1,0,0.6,0.8,1.8,0,1,1.8,1.8,2,1.6,19,18.2,6.6,7,3,2.2,16,7,1,2.25,3.5,2.9
"20250419-Ferrol-Eldense",2025-04-19,"24_25","Ferrol","Eldense","H",1,0,0,0.2,0.2,1,0,0,0,0.8,1.4,1.2,9,12.4,4.2,5.6,2,2,21,19,0,3.3,2.9,2.35
"20250419-Huesca-Santander",2025-04-19,"24_25","Huesca","Santander","A",1,3,0.4,0.4,1.2,1.4,1,0,1.4,1.4,1.6,1.4,10.6,11.2,4.8,5.8,2.4,2.8,6,3,1,2.6,2.9,2.9
"20250419-Levante-Zaragoza",2025-04-19,"24_25","Levante","Zaragoza","H",5,2,0.6,0.2,2,1,0,0,2,1,1.4,1.8,11,9.6,3.4,4.6,3,3,2,18,1,1.7,3.6,4.75
"20250419-Burgos-Cadiz",2025-04-19,"24_25","Burgos","Cadiz","D",2,2,0.6,0.2,2.2,0.8,0,0,1.2,0.4,0.4,0.8,6.2,14.2,2.2,4.4,3.6,1.4,9,16,1,2.6,2.75,3.1
"20250420-Cartagena-Granada",2025-04-20,"24_25","Cartagena","Granada","A",2,3,0,0.6,0.4,1.8,0,2,1,1.4,1.6,0.8,8.2,11.4,2.6,4.4,2.4,2.2,22,8,0,6,3.9,1.57
"20250420-Cordoba-Oviedo",2025-04-20,"24_25","Cordoba","Oviedo","D",0,0,0.2,0.4,1.2,1.6,0,1,1.2,1.4,1.2,0.8,16,11.4,7.8,3,3.8,2.4,11,5,1,2.38,3.1,3.1
"20250420-Elche-Albacete",2025-04-20,"24_25","Elche","Albacete","D",2,2,0.8,0.6,2.6,2,4,0,1.4,1.8,0.4,1.2,11.6,12.8,3.6,3.8,1.2,2,2,13,1,1.55,3.8,6
"20250420-LaCoruna-Tenerife",2025-04-20,"24_25","La Coruna","Tenerife","D",0,0,0.4,0.6,1.8,2,0,0,1.6,1.6,1.2,1,10.2,13.8,3.8,8,1.6,3.6,10,20,1,2,3.1,4
"20250421-Eibar-Malaga",2025-04-21,"24_25","Eibar","Malaga","D",2,2,0.2,0.2,1.4,0.6,0,0,1,0.6,0.8,1.2,11.8,11.6,4,5,3,2.4,14,17,1,1.8,3.3,4.75
"20250425-Cadiz-SpGijon",2025-04-25,"24_25","Cadiz","Sp Gijon","H",1,0,0,0.4,0.4,1.2,0,2,0.6,1.6,1.2,2,13,12.8,3.6,5,1.2,2.2,16,14,1,2,3.25,3.9
"20250426-Albacete-Cartagena",2025-04-26,"24_25","Albacete","Cartagena","H",3,1,0.4,0,1.6,0.4,0,0,1.8,1.4,1.6,2,12.6,8.4,4.2,2.6,1.4,2.2,13,22,1,1.4,5,7
"20250426-Eldense-Cordoba",2025-04-26,"24_25","Eldense","Cordoba","D",1,1,0.2,0.2,0.8,1.2,0,0,0.4,1,1,1,14,16,6.6,9.4,2.4,4.6,19,12,1,2.3,3.2,3
"20250426-Oviedo-Levante",2025-04-26,"24_25","Oviedo","Levante","H",1,0,0.4,0.6,1.6,2,0,1,1.2,2.6,0.6,1.6,10.4,12.2,2.6,3.4,2.4,2.6,5,2,1,2.15,3.25,3.5
"20250426-Granada-Elche",2025-04-26,"24_25","Granada","Elche","D",1,1,0.8,0.8,2.4,2.6,3,0,2,1.6,1,0.6,13.4,12,4.2,4,2.6,1.2,6,1,1,2.4,2.9,3.1
"20250426-Mirandes-Burgos",2025-04-26,"24_25","Mirandes","Burgos","H",2,1,0.2,0.4,0.8,1.8,0,0,1.4,1.4,2,0.8,13.4,7.4,5,2.4,2.8,2.8,6,11,1,2,2.88,4.5
"20250427-Santander-LaCoruna",2025-04-27,"24_25","Santander","La Coruna","H",2,1,0.4,0.4,1.4,1.8,1,0,1.6,1.2,1.4,0.8,12.8,10.8,6.6,5,2.8,1.8,3,12,1,1.83,3.6,4
"20250427-Malaga-Castellon",2025-04-27,"24_25","Malaga","Castellon","H",1,0,0.2,0.2,0.8,1.2,0,1,1,2.2,1.2,1.8,10,18,4.8,6.4,2,2.6,17,16,0,2.88,3.1,2.5
"20250427-Tenerife-Eibar",2025-04-27,"24_25","Tenerife","Eibar","D",1,1,0.6,0.2,2.2,1.4,0,0,1.4,1.4,0.6,1.2,13.4,12.2,8,3.8,2.4,3,20,14,1,2.38,3,3.2
"20250427-Zaragoza-Huesca",2025-04-27,"24_25","Zaragoza","Huesca","D",1,1,0.2,0.4,1,1.2,0,0,1.2,1.4,2,1.8,12,10.4,5.2,4.4,3,3.6,18,7,1,1.75,3.3,4.75
"20250429-Almeria-Ferrol",2025-04-29,"24_25","Almeria","Ferrol","H",2,1,0.4,0.2,1.2,0.6,0,1,1.2,0.2,2.2,1.4,16.6,10.2,6,3.6,2.8,1.8,8,21,1,1.3,4.75,12
"20250502-Cordoba-Cadiz",2025-05-02,"24_25","Cordoba","Cadiz","H",4,2,0.2,0.2,1.2,1,0,1,1,0.6,1,0.8,16.2,11.6,9.2,3.2,3.8,1.2,10,13,1,1.9,3.3,4.2
"20250503-Huesca-Oviedo",2025-05-03,"24_25","Huesca","Oviedo","A",1,2,0.4,0.6,1.4,2.2,0,1,1.4,1.4,1.6,0.4,11,10.6,4.6,2.2,3.6,2.4,8,5,1,2.7,2.8,2.9
"20250503-Eibar-Mirandes",2025-05-03,"24_25","Eibar","Mirandes","A",0,1,0,0.2,1,0.8,0,1,1.2,1.4,1.2,2,10,13.2,3.8,4.8,3.2,2.8,14,4,1,2.15,3,3.6
"20250503-Malaga-Granada",2025-05-03,"24_25","Malaga","Granada","H",1,0,0.2,0.6,0.8,2,1,0,0.8,2,1.2,1.2,9.6,13.6,5,4,2.4,2.8,17,6,0,3.1,3.1,2.38
"20250503-Burgos-Elche",2025-05-03,"24_25","Burgos","Elche","A",0,1,0.2,0.6,1.2,2.2,0,0,1,1.4,1,0.8,7.8,10.8,2.4,3.4,3,2.2,11,1,0,3.2,2.9,2.4
"20250504-Levante-Tenerife",2025-05-04,"24_25","Levante","Tenerife","D",1,1,0.4,0.4,1.4,1.8,0,0,2,1.2,1.4,0.6,11.4,13.2,3.4,8,2.6,2.4,2,20,1,1.66,3.5,5
"20250504-Ferrol-Zaragoza",2025-05-04,"24_25","Ferrol","Zaragoza","A",1,2,0.2,0.2,0.6,1,0,0,0.4,1.2,1.4,2,11,13.8,4.4,5.4,2,2.2,21,18,0,3.5,3.4,1.96
"20250504-Almeria-Eldense",2025-05-04,"24_25","Almeria","Eldense","H",5,0,0.6,0.2,1.8,1,1,0,1.4,0.6,1.8,0.8,16.8,14.4,6.6,6.8,2.2,2.8,7,19,1,1.49,3.8,6
"20250504-Cartagena-Santander",2025-05-04,"24_25","Cartagena","Santander","H",1,0,0,0.6,0.2,2,0,2,1.2,1.8,2.2,1.2,7.2,12.8,1.8,6.6,2,2.2,22,3,0,6.25,4.5,1.45
"20250504-LaCoruna-Albacete",2025-05-04,"24_25","La Coruna","Albacete","H",5,1,0.4,0.4,1.6,1.6,0,1,1,2,0.8,1.8,11.8,13.4,6.2,5.2,2.4,1.2,12,10,1,2.15,3.1,3.3
"20250505-Castellon-SpGijon",2025-05-05,"24_25","Castellon","Sp Gijon","H",4,3,0.2,0.4,1.2,1.2,0,0,1.8,1.6,1.4,1.8,17,12,7,4.2,2.4,1.4,17,16,1,1.85,3.6,3.9
"20250509-Cadiz-Almeria",2025-05-09,"24_25","Cadiz","Almeria","H",2,1,0.2,0.6,0.8,1.8,0,2,1,2.2,1.6,1.8,10.8,18.8,3,5.4,2,2.2,14,6,0,3.4,3.5,2.01
"20250510-Mirandes-Castellon",2025-05-10,"24_25","Mirandes","Castellon","H",3,2,0.4,0.4,1.4,1.6,2,1,1.2,2.2,1.4,1.6,13.2,16.2,4.6,6,2.6,2.8,4,14,1,1.95,3.5,3.75
"20250510-SpGijon-LaCoruna",2025-05-10,"24_25","Sp Gijon","La Coruna","H",2,1,0.4,0.4,1.2,1.6,0,1,1.8,1.8,2,1,13.4,14.6,4.6,6.8,1.2,2.2,17,10,1,2.05,3.3,3.6
"20250510-Burgos-Cordoba",2025-05-10,"24_25","Burgos","Cordoba","H",3,2,0.2,0.4,1,1.8,0,1,1,1.6,1.2,1,8.4,18.2,3,9,3.6,3,13,9,1,2.4,3.1,3
"20250510-Elche-Levante",2025-05-10,"24_25","Elche","Levante","A",1,3,0.6,0.4,2.2,1.6,1,0,1.2,2.2,0.6,1.4,10.6,12.2,3.8,3.2,2.6,2.2,1,3,1,2,3.25,3.9
"20250510-Zaragoza-Cartagena",2025-05-10,"24_25","Zaragoza","Cartagena","H",3,2,0.4,0.2,1.6,0.6,1,1,1.6,1,1.8,1.8,15,7.2,5.2,2.6,1.8,2,18,22,1,1.29,5.75,9.5
"20250511-Santander-Oviedo",2025-05-11,"24_25","Santander","Oviedo","D",1,1,0.4,0.6,1.4,2.2,0,2,1.4,1.4,1.4,0.4,13,10,6.2,3.2,1.8,2.6,4,5,1,2.2,3.3,3.25
"20250511-Albacete-Huesca",2025-05-11,"24_25","Albacete","Huesca","H",3,2,0.2,0.2,1,0.8,0,0,1.6,1,2.4,1.6,14,8,5.4,3.6,1,3.4,13,8,1,1.91,3.5,3.9
"20250511-Eldense-Malaga",2025-05-11,"24_25","Eldense","Malaga","H",1,0,0.2,0.4,0.8,1.4,0,2,0.6,0.8,1.8,0.8,13,11,7,5,2.4,2.8,19,16,1,1.73,3.75,4.75
"20250511-Tenerife-Ferrol",2025-05-11,"24_25","Tenerife","Ferrol","D",0,0,0.2,0.2,1.4,0.6,0,0,1,0.6,0.6,1.6,12,12.2,6.8,4,3.4,1.8,20,21,1,1.53,3.8,6.5
"20250512-Granada-Eibar",2025-05-12,"24_25","Granada","Eibar","A",0,2,0.6,0,2,0.8,0,0,1.8,1.2,1,1.4,13.4,9.6,4,4.6,2,3.6,7,16,1,1.8,3.4,4.75
"20250516-Levante-Albacete",2025-05-16,"24_25","Levante","Albacete","H",1,0,0.4,0.4,1.6,1.4,1,1,2.2,1.8,1.4,2.4,11.2,16,3,6,1.6,1.4,2,10,1,1.48,4.75,5.5
"20250517-Eibar-Burgos",2025-05-17,"24_25","Eibar","Burgos","H",1,0,0.2,0.2,1.2,1,1,1,1.4,1.2,1.2,1.4,10.2,9.8,3.6,3.4,2.8,4,14,11,1,2,3.1,4.2
"20250517-LaCoruna-Granada",2025-05-17,"24_25","La Coruna","Granada","A",2,3,0.2,0.4,1,1.4,0,0,1.8,1.2,1.4,1.2,12.8,13.2,5.8,4.6,2.4,2,13,7,0,2.88,3.5,2.3
"20250517-Cartagena-Tenerife",2025-05-17,"24_25","Cartagena","Tenerife","H",1,0,0.2,0,0.6,1,0,0,1.4,0.4,2.2,0.4,6.2,11.6,2.4,5.8,2.2,4,22,20,0,4.1,3.3,1.91
"20250517-Huesca-Elche",2025-05-17,"24_25","Huesca","Elche","H",2,1,0.2,0.4,0.8,1.6,0,0,1.2,1.2,1.8,1.2,11,13.4,4.4,5.6,3.6,3,8,2,0,3.2,3.2,2.25
"20250517-Malaga-SpGijon",2025-05-17,"24_25","Malaga","Sp Gijon","H",2,1,0.4,0.6,1.4,1.8,0,1,0.8,2,0.8,1.6,9.6,14.4,4.6,4.4,2.4,1.2,17,15,1,2.4,2.6,3.4
"20250518-Castellon-Eldense",2025-05-18,"24_25","Castellon","Eldense","D",1,1,0.4,0.2,1.4,0.8,0,1,2.2,0.6,1.8,1.8,13,12.8,4.8,7,3,3,17,19,1,1.67,3.9,4.75
"20250518-Ferrol-Cadiz",2025-05-18,"24_25","Ferrol","Cadiz","H",1,0,0.2,0.4,0.8,1.4,0,1,0.6,1.4,1.4,1.6,11.4,11.6,3.2,3.6,2,3,21,14,0,3.9,3.2,2.05
"20250518-Almeria-Santander",2025-05-18,"24_25","Almeria","Santander","H",2,0,0.6,0.4,1.8,1.6,0,0,2.2,1.4,1.6,1,16.2,13.8,5.8,6.4,3.2,2.2,6,4,1,1.75,4,4
"20250518-Oviedo-Zaragoza",2025-05-18,"24_25","Oviedo","Zaragoza","H",1,0,0.6,0.4,2.2,1.6,0,2,1.4,2,0.4,2.2,9.6,20.8,3.6,6.4,2,2.4,5,18,1,1.75,3.2,5.25
"20250519-Cordoba-Mirandes",2025-05-19,"24_25","Cordoba","Mirandes","A",1,2,0.2,0.6,1.2,2,0,3,1.8,1.8,1.6,1.6,17.8,15,8,5.2,2.2,2.4,10,4,1,2.55,3.3,2.7
"20250524-Albacete-Ferrol",2025-05-24,"24_25","Albacete","Ferrol","H",2,0,0.4,0.4,1.4,1.4,0,1,1.8,0.8,2.2,0.8,13.6,12.2,6.4,3.2,2,2,11,21,1,1.67,4.1,4.5
"20250525-Eibar-Cordoba",2025-05-25,"24_25","Eibar","Cordoba","H",4,1,0.4,0.2,1.6,1,2,0,1.2,1.6,0.8,1.6,10.8,15.6,3.6,7.4,2.4,2.6,10,11,1,2.3,3,3.5
"20250525-Burgos-Levante",2025-05-25,"24_25","Burgos","Levante","A",2,3,0.2,0.6,0.8,2,0,2,1.2,2,1.6,1,9.8,11.8,3.4,4,3.8,1.2,13,1,0,5.5,3.4,1.7
"20250525-Cadiz-Huesca",2025-05-25,"24_25","Cadiz","Huesca","H",4,0,0.4,0.2,1.4,0.8,0,1,1.4,1.4,1.6,2,10.4,12,4,4.2,2.4,4,15,8,1,2.2,3,3.6
"20250525-Tenerife-Oviedo",2025-05-25,"24_25","Tenerife","Oviedo","A",0,1,0,0.6,0.8,2.2,0,1,0.4,1,0.6,0.4,11.2,10.4,5.2,4.6,3.6,1.8,20,4,0,5,3.1,1.83
"20250525-Elche-Malaga",2025-05-25,"24_25","Elche","Malaga","H",2,0,0.2,0.6,1,2,0,1,1.2,1.2,1.6,0.8,13,11.4,4.6,6,3.4,2.6,4,16,1,1.25,5.5,12
"20250525-Mirandes-Almeria",2025-05-25,"24_25","Mirandes","Almeria","D",0,0,0.8,0.6,2.4,1.8,4,1,1.8,2.2,1.4,1.4,14.4,14.2,4.6,4.6,1.8,3,3,6,1,2.15,3.1,3.6
"20250525-SpGijon-Cartagena",2025-05-25,"24_25","Sp Gijon","Cartagena","H",3,2,0.4,0.4,1.2,1.2,0,1,1.8,1.4,1.8,1.8,13.4,6.8,4.2,2.6,1.4,2.2,16,22,1,1.22,5.75,13
"20250525-Granada-Castellon",2025-05-25,"24_25","Granada","Castellon","H",2,1,0.4,0.4,1.4,1.4,1,0,1.4,2.2,1.6,1.8,13.2,14.6,4.8,3.8,1.8,2.8,7,16,1,1.53,4.5,5.25
"20250525-Eldense-Santander",2025-05-25,"24_25","Eldense","Santander","D",3,3,0.2,0.4,1,1.4,0,0,0.6,1.2,1.6,1.2,12.4,14.2,6,6.2,3,2,19,5,0,2.55,3.6,2.55
"20250525-Zaragoza-LaCoruna",2025-05-25,"24_25","Zaragoza","La Coruna","H",1,0,0.4,0.2,1.4,0.8,0,0,1.6,1.8,2,1.6,18.2,12.6,5.2,5.8,2.8,2,18,14,1,1.5,4.33,5.75
